tenure,event,is_male,is_senior,partner,dependents,phone,internet_fiber,internet_dsl,online_security,online_backup,device_protection,tech_support,streaming_tv,streaming_movies,multiple_lines,contract_1yr,contract_2yr,pay_echeck,paperless,MonthlyCharges_z,burr12_survival,burr12_hazard,burr12_churn_prob,burr12_strat_prob
1,0,0,0,1,0,0,0,1,0,1,0,0,0,0,0,0,0,1,1,-1.1616113317725827,0.9743124842439652,0.02235010364622835,0.1468274853100915,0.1468274853100915
34,0,1,0,0,0,1,0,1,1,0,1,0,0,0,0,1,0,0,0,-0.26085936993008635,0.7286243341114813,0.004609291590527576,0.04777537654084685,0.04777537654084685
2,1,1,0,0,0,1,0,1,1,1,0,0,0,0,0,0,0,0,1,-0.3638974172257225,0.9544211124058478,0.01918286543259826,0.13658902706858933,0.13658902706858933
45,0,1,0,0,0,0,0,1,1,0,1,1,0,0,0,1,0,0,0,-0.747797238601399,0.6963590108821652,0.0036942216775406023,0.039349803973645514,0.039349803973645514
2,1,0,0,0,0,1,1,0,0,0,0,0,0,0,0,0,0,1,1,0.1961642269457189,0.9544211124058478,0.01918286543259826,0.13658902706858933,0.13658902706858933
8,1,0,0,0,0,1,1,0,0,0,1,0,1,1,1,0,0,1,1,1.158406636367869,0.8743368175545859,0.01156705087089483,0.09935054964947354,0.09935054964947354
22,0,1,0,0,1,1,1,0,0,1,0,0,1,0,1,0,0,0,1,0.807744894764978,0.7772239626242997,0.006339847981342745,0.0625297608539006,0.0625297608539006
10,0,0,0,0,0,0,0,1,1,0,0,0,0,0,0,0,0,0,0,-1.1649351397498613,0.8554585264638187,0.010313003097985489,0.09145336847937524,0.09145336847937524
28,1,0,0,1,0,1,1,0,0,0,1,1,1,1,1,0,0,1,1,1.3295827471977157,0.7506071373425116,0.0053347764644180165,0.05414016114784159,0.05414016114784159
62,0,1,0,0,1,1,0,1,1,1,0,0,0,0,0,1,0,0,0,-0.2874498337483152,0.6592190846564381,0.0028311702861325673,0.03096578220998969,0.03096578220998969
13,0,1,0,1,1,1,0,1,1,0,0,0,0,0,0,0,0,0,1,-0.49352592833958725,0.8312566322761956,0.008894046614766308,0.0818402613059327,0.0818402613059327
16,0,1,0,0,0,1,0,0,0,0,0,0,0,0,0,0,1,0,0,-1.5239064012959482,0.8107173068575363,0.007832475449686212,0.07414442618478301,0.07414442618478301
58,0,1,0,1,0,1,1,0,0,0,1,0,1,1,1,1,0,0,0,1.1816732922088187,0.6669419291751147,0.0029954745981990286,0.0325962586220786,0.0325962586220786
49,1,1,0,0,0,1,1,0,0,1,1,0,1,1,1,0,0,0,1,1.2930208594476515,0.6864927538867036,0.0034464244917631367,0.03698759780359384,0.03698759780359384
25,0,1,0,0,0,1,1,0,1,0,1,1,1,1,0,0,0,1,1,1.352849403038666,0.7632263722784222,0.005792955912006608,0.05802443652851541,0.05802443652851541
69,0,0,0,1,1,1,1,0,1,1,1,1,1,1,1,0,1,0,0,1.610444521277756,0.6468608243449303,0.002583528294433392,0.028476690845760766,0.028476690845760766
52,0,0,0,0,0,1,0,0,0,0,0,0,0,0,0,1,0,0,0,-1.4674016656822124,0.6796022882225629,0.00328157591746785,0.03539633014558485,0.03539633014558485
71,0,1,0,0,1,1,1,0,1,0,1,0,1,1,1,0,1,0,0,1.392735098766009,0.6435679119154606,0.0025205988088756303,0.02783802704790539,0.02783802704790539
10,1,0,0,1,1,1,0,1,0,0,1,1,0,0,0,0,0,0,0,-0.3190260095324616,0.8554585264638187,0.010313003097985489,0.09145336847937524,0.09145336847937524
21,0,0,0,0,0,1,1,0,0,1,1,0,0,1,0,0,0,1,1,0.8393210705491246,0.7822470612896891,0.006546583090128551,0.06419686154369075,0.06419686154369075
1,1,1,1,0,0,0,0,1,0,0,1,0,0,1,0,0,0,1,1,-0.8358781499992815,0.9743124842439652,0.02235010364622835,0.1468274853100915,0.1468274853100915
12,0,1,0,1,0,1,0,0,0,0,0,0,0,0,0,1,0,0,0,-1.4956540334890804,0.8388580793219884,0.009318867014819062,0.08479678961103854,0.08479678961103854
1,1,1,0,0,0,1,0,0,0,0,0,0,0,0,0,0,0,0,0,-1.4840207055686052,0.9743124842439652,0.02235010364622835,0.1468274853100915,0.1468274853100915
58,0,0,0,1,0,1,0,1,0,1,0,1,0,0,1,0,1,0,1,-0.1628070346003683,0.6669419291751147,0.0029954745981990286,0.0325962586220786,0.0325962586220786
49,0,1,0,1,1,1,0,1,1,1,0,1,0,0,0,0,0,0,0,-0.17277845853220394,0.6864927538867036,0.0034464244917631367,0.03698759780359384,0.03698759780359384
30,0,0,0,0,0,1,0,1,1,1,0,0,0,0,0,0,0,0,1,-0.3157022015551832,0.7428424163487329,0.0050683354621543905,0.051833777579476825,0.051833777579476825
47,1,1,0,1,1,1,1,0,0,1,0,0,1,1,1,0,0,1,1,1.1484352124360329,0.6913226781406935,0.0035659686558325962,0.038131613989117574,0.038131613989117574
1,1,1,0,1,1,0,0,1,0,1,0,0,0,0,0,0,0,1,0,-1.1499780038521075,0.9743124842439652,0.02235010364622835,0.1468274853100915,0.1468274853100915
72,0,1,0,1,0,1,0,1,1,1,1,1,1,1,1,0,1,0,1,0.8459686865036818,0.6419575496164033,0.002490279067928491,0.027529416300707155,0.027529416300707155
17,1,0,0,0,1,1,0,1,0,0,0,0,1,1,0,0,0,0,1,-0.003264251690996137,0.8045134998853144,0.007534869537132169,0.07190499047148602,0.07190499047148602
71,0,0,1,1,0,1,1,0,1,1,1,1,0,0,1,0,1,0,1,1.0487209731176752,0.6435679119154606,0.0025205988088756303,0.02783802704790539,0.02783802704790539
2,0,1,1,1,0,1,1,0,0,0,1,0,1,1,0,0,0,0,1,1.0204686053108076,0.9544211124058478,0.01918286543259826,0.13658902706858933,0.13658902706858933
27,0,0,0,1,1,1,0,1,1,1,1,1,0,0,0,1,0,0,0,0.04493096397954342,0.7546760980475697,0.005479040808994945,0.05537422178102336,0.05537422178102336
1,0,1,0,0,0,1,0,0,0,0,0,0,0,0,0,0,0,0,0,-1.4823588015799658,0.9743124842439652,0.02235010364622835,0.1468274853100915,0.1468274853100915
1,0,1,1,0,0,1,0,1,0,0,0,0,0,0,0,0,0,0,0,-0.6497449032716808,0.9743124842439652,0.02235010364622835,0.1468274853100915,0.1468274853100915
72,0,0,0,1,1,1,1,0,1,1,0,1,1,0,1,0,1,0,0,1.1667161563110655,0.6419575496164033,0.002490279067928491,0.027529416300707155,0.027529416300707155
5,1,1,0,0,0,1,1,0,0,0,0,0,0,0,0,0,0,1,1,0.16292614717293305,0.9085818526659613,0.014256987321705751,0.11453932573635439,0.11453932573635439
46,0,0,0,0,0,1,1,0,0,0,1,0,0,0,0,0,0,0,1,0.3324403540141406,0.6938140321924815,0.003628947567853564,0.038730988089776375,0.038730988089776375
34,1,1,0,0,0,1,1,0,0,1,1,0,1,1,1,0,0,1,1,1.3811017708455338,0.7286243341114813,0.004609291590527576,0.04777537654084685,0.04777537654084685
11,1,0,0,0,0,1,1,0,0,0,1,0,1,1,1,0,0,0,1,1.098578092776854,0.8469074549655476,0.009789108115316166,0.08799046091721618,0.08799046091721618
10,0,1,0,1,1,1,0,1,0,1,0,0,0,0,0,1,0,0,0,-0.5068211602487017,0.8554585264638187,0.010313003097985489,0.09145336847937524,0.09145336847937524
70,0,0,0,1,1,1,0,1,1,1,0,0,1,0,1,0,1,0,1,0.14630710728654012,0.6452021175658147,0.002551672337160255,0.02815370280249474,0.02815370280249474
17,0,0,0,1,1,1,0,0,0,0,0,0,0,0,0,1,0,0,0,-1.4640778577049338,0.8045134998853144,0.007534869537132169,0.07190499047148602,0.07190499047148602
63,0,0,0,0,0,1,0,1,1,1,1,1,1,0,1,0,1,0,1,0.500292656866709,0.6573679996492523,0.0027928980105273514,0.030583600220822293,0.030583600220822293
13,0,0,0,1,0,1,0,1,1,1,0,1,1,0,1,0,0,1,1,0.37897366569604096,0.8312566322761956,0.008894046614766308,0.0818402613059327,0.0818402613059327
49,0,0,0,0,0,1,1,0,0,0,0,0,0,1,1,0,0,1,1,0.6548497278101634,0.6864927538867036,0.0034464244917631367,0.03698759780359384,0.03698759780359384
2,0,1,0,0,0,1,0,1,0,1,0,0,0,0,0,0,0,0,0,-0.5167925841805374,0.9544211124058478,0.01918286543259826,0.13658902706858933,0.13658902706858933
2,1,0,0,0,0,1,1,0,0,0,0,0,1,0,0,0,0,1,1,0.526883120684938,0.9544211124058478,0.01918286543259826,0.13658902706858933,0.13658902706858933
52,0,1,0,0,0,1,0,1,1,0,0,1,1,1,1,0,1,0,1,0.4969688488894306,0.6796022882225629,0.00328157591746785,0.03539633014558485,0.03539633014558485
69,0,0,0,1,1,1,0,1,1,0,1,1,0,0,1,0,1,0,1,-0.02154519556602825,0.6468608243449303,0.002583528294433392,0.028476690845760766,0.028476690845760766
43,0,0,1,0,0,1,1,0,0,1,0,0,1,0,1,0,0,1,1,0.8459686865036818,0.7016186635948665,0.003832182002392298,0.04064972482294138,0.04064972482294138
15,1,0,0,0,0,1,1,0,1,1,0,0,1,1,0,0,0,0,1,1.1401256924928365,0.817222359631732,0.00815567933565363,0.07653518145581295,0.07653518145581295
25,0,0,1,1,0,1,0,1,1,0,0,1,1,0,1,0,0,0,1,0.1562785312183758,0.7632263722784222,0.005792955912006608,0.05802443652851541,0.05802443652851541
8,1,0,1,1,0,1,1,0,0,1,0,0,0,0,1,0,0,0,1,0.526883120684938,0.8743368175545859,0.01156705087089483,0.09935054964947354,0.09935054964947354
60,0,0,1,1,1,1,0,1,1,1,1,1,0,1,0,1,0,0,1,0.3341022580027798,0.6630148153227823,0.0029109829180785306,0.031759872056746574,0.031759872056746574
18,1,1,1,0,0,1,1,0,0,0,0,0,1,1,1,0,0,1,1,1.0188067013221684,0.798585597100695,0.007259843514731271,0.06980238681281059,0.06980238681281059
63,0,0,0,1,1,1,1,0,1,0,0,0,1,1,1,1,0,0,1,1.158406636367869,0.6573679996492523,0.0027928980105273514,0.030583600220822293,0.030583600220822293
66,0,1,1,1,1,1,1,0,0,1,1,1,1,1,1,1,0,1,1,1.4509017383683842,0.6519909407703324,0.0026840999053434323,0.029492182160968494,0.029492182160968494
34,0,0,0,1,1,1,0,0,0,0,0,0,0,0,1,0,1,0,0,-1.3244779226592331,0.7286243341114813,0.004609291590527576,0.04777537654084685,0.04777537654084685
72,0,0,0,0,0,1,1,0,0,0,1,1,1,1,1,0,1,0,1,1.4193255625842376,0.6419575496164033,0.002490279067928491,0.027529416300707155,0.027529416300707155
47,0,0,0,1,0,1,1,0,0,0,1,0,1,1,1,0,0,1,1,1.1866590041747367,0.6913226781406935,0.0035659686558325962,0.038131613989117574,0.038131613989117574
60,0,1,0,0,0,1,1,0,0,1,0,0,1,0,1,0,0,0,1,0.8343353585832071,0.6630148153227823,0.0029109829180785306,0.031759872056746574,0.031759872056746574
72,0,1,0,1,0,0,0,1,1,1,1,0,0,0,0,0,1,0,0,-0.7544448545559561,0.6419575496164033,0.002490279067928491,0.027529416300707155,0.027529416300707155
18,0,0,0,1,1,1,0,1,0,0,1,1,0,0,0,1,0,0,1,-0.3456164733506904,0.798585597100695,0.007259843514731271,0.06980238681281059,0.06980238681281059
9,1,0,0,0,0,1,1,0,0,0,0,0,1,1,1,0,0,1,0,0.9839067175607433,0.8645756330248363,0.010901071741709328,0.09522425637547682,0.09522425637547682
3,0,0,0,0,0,1,0,1,0,1,0,1,1,1,0,0,0,1,1,0.34905939390053353,0.9373188893787414,0.017092860770546496,0.12812771737333695,0.12812771737333695
47,0,1,0,1,0,1,1,0,0,1,0,0,0,0,1,1,0,1,1,0.46871648108256286,0.6913226781406935,0.0035659686558325962,0.038131613989117574,0.038131613989117574
31,0,0,0,0,0,1,0,1,0,1,1,1,1,1,0,0,1,0,0,0.4786879050143985,0.7391329118702427,0.004945042598351195,0.05075440110013929,0.05075440110013929
50,0,0,0,1,1,1,0,0,0,0,0,0,0,0,0,0,1,0,0,-1.4840207055686052,0.6841504128114664,0.003389643293482253,0.03644129666249096,0.03644129666249096
10,0,1,0,0,0,1,1,0,1,0,1,0,0,0,0,0,0,0,1,0.500292656866709,0.8554585264638187,0.010313003097985489,0.09145336847937524,0.09145336847937524
1,0,1,0,0,0,1,0,1,0,0,0,1,0,0,0,0,0,0,0,-0.5234402001350946,0.9743124842439652,0.02235010364622835,0.1468274853100915,0.1468274853100915
52,0,0,0,1,1,1,0,0,0,0,0,0,0,0,0,1,0,1,1,-1.4757111856254088,0.6796022882225629,0.00328157591746785,0.03539633014558485,0.03539633014558485
64,0,1,1,1,1,1,1,0,1,0,1,1,1,1,1,0,1,0,1,1.5556016896526592,0.6555468612609421,0.002755656035094927,0.030210834407233156,0.030210834407233156
62,0,1,0,1,1,1,0,0,0,0,0,0,0,0,1,0,1,0,1,-1.3477445785001834,0.6592190846564381,0.0028311702861325673,0.03096578220998969,0.03096578220998969
3,0,0,0,0,1,1,0,1,1,0,0,1,0,1,0,0,0,0,1,-0.009911867645553398,0.9373188893787414,0.017092860770546496,0.12812771737333695,0.12812771737333695
56,0,0,1,0,0,1,1,0,1,1,1,0,1,1,1,1,0,1,0,1.519039801902595,0.6710090587453561,0.003085072619735503,0.03347844798497823,0.03347844798497823
46,0,0,0,0,0,1,0,1,0,0,0,0,0,1,0,1,0,0,0,-0.3040688736347081,0.6938140321924815,0.003628947567853564,0.038730988089776375,0.038730988089776375
8,0,0,0,1,1,1,0,1,1,1,0,0,0,0,0,0,0,0,0,-0.33730695340749395,0.8743368175545859,0.01156705087089483,0.09935054964947354,0.09935054964947354
30,0,1,1,0,0,1,0,1,1,1,0,0,1,1,0,0,0,1,1,0.33077845002550144,0.7428424163487329,0.0050683354621543905,0.051833777579476825,0.051833777579476825
45,0,0,0,1,1,1,0,0,0,0,0,0,0,0,1,1,0,0,1,-1.2929017468750867,0.6963590108821652,0.0036942216775406023,0.039349803973645514,0.039349803973645514
1,1,0,0,0,1,1,1,0,0,0,0,0,1,0,0,0,0,1,1,0.4836736169803161,0.9743124842439652,0.02235010364622835,0.1468274853100915,0.1468274853100915
11,0,0,0,1,1,0,0,1,1,0,0,0,1,1,0,0,0,1,0,-0.4735830804759159,0.8469074549655476,0.009789108115316166,0.08799046091721618,0.08799046091721618
7,1,0,0,1,0,1,1,0,0,0,1,0,0,0,0,0,0,0,1,0.34407368193461596,0.8848383086630132,0.012329368360988486,0.10389128471090825,0.10389128471090825
42,0,0,0,0,0,1,1,0,0,1,1,1,1,1,0,0,0,0,1,1.29634466742493,0.7043380877631116,0.0039051573709433167,0.0413329850998293,0.0413329850998293
49,0,0,0,1,0,1,0,0,0,0,0,0,0,0,0,0,1,0,1,-1.4840207055686052,0.6864927538867036,0.0034464244917631367,0.03698759780359384,0.03698759780359384
9,0,1,0,0,0,1,1,0,0,1,0,0,1,1,1,0,0,0,1,1.1467733084473937,0.8645756330248363,0.010901071741709328,0.09522425637547682,0.09522425637547682
35,0,0,0,1,0,1,0,1,1,0,0,0,1,0,0,1,0,0,1,-0.08802135511160017,0.7253108322429414,0.004507451042951911,0.04686012202126277,0.04686012202126277
48,0,0,0,1,1,1,0,0,0,0,0,0,0,0,0,0,1,0,0,-1.4674016656822124,0.6888828979881829,0.003505164885370563,0.03755076913789834,0.03755076913789834
46,0,0,0,1,1,1,0,0,0,0,0,0,0,0,0,0,1,0,1,-1.4906683215231624,0.6938140321924815,0.003628947567853564,0.038730988089776375,0.038730988089776375
29,0,1,0,1,0,0,0,1,0,0,0,0,1,0,0,0,0,0,0,-1.0319828206587178,0.746664964341879,0.005198070769814978,0.05296124339833497,0.05296124339833497
30,0,1,0,1,1,1,1,0,0,1,1,0,0,0,0,0,0,0,0,0.5734164323668379,0.7428424163487329,0.0050683354621543905,0.051833777579476825,0.051833777579476825
1,0,1,1,0,0,1,1,0,0,0,0,1,0,0,0,0,0,1,0,0.32911654603686225,0.9743124842439652,0.02235010364622835,0.1468274853100915,0.1468274853100915
66,0,1,0,1,1,1,0,1,1,0,1,1,1,1,1,0,1,0,1,0.6382306879237705,0.6519909407703324,0.0026840999053434323,0.029492182160968494,0.029492182160968494
65,0,0,0,0,0,1,1,0,1,1,1,0,1,1,1,0,0,0,1,1.5373207457776272,0.6537547892731487,0.002719403042122667,0.02984713825493901,0.02984713825493901
72,0,1,0,0,0,1,1,0,0,1,1,0,1,1,1,0,1,0,1,1.1999542360838513,0.6419575496164033,0.002490279067928491,0.027529416300707155,0.027529416300707155
12,1,0,0,0,0,1,1,0,1,0,0,0,0,0,1,0,0,1,1,0.47037838507120205,0.8388580793219884,0.009318867014819062,0.08479678961103854,0.08479678961103854
71,0,1,0,1,1,1,0,1,1,1,0,1,0,0,1,1,0,0,1,0.06819761982049313,0.6435679119154606,0.0025205988088756303,0.02783802704790539,0.02783802704790539
5,1,1,0,0,0,1,0,0,0,0,0,0,0,0,0,0,0,0,0,-1.454106433773098,0.9085818526659613,0.014256987321705751,0.11453932573635439,0.11453932573635439
52,0,1,0,0,0,1,0,0,0,0,0,0,0,0,0,0,1,0,0,-1.4557683377617372,0.6796022882225629,0.00328157591746785,0.03539633014558485,0.03539633014558485
25,1,0,1,1,0,1,1,0,0,1,1,0,1,1,0,0,0,1,1,1.120182844629165,0.7632263722784222,0.005792955912006608,0.05802443652851541,0.05802443652851541
1,0,1,0,0,0,1,0,0,0,0,0,0,0,0,0,0,0,0,0,-1.4823588015799658,0.9743124842439652,0.02235010364622835,0.1468274853100915,0.1468274853100915
1,0,0,0,1,1,1,0,0,0,0,0,0,0,0,0,0,0,1,0,-1.5072873614095552,0.9743124842439652,0.02235010364622835,0.1468274853100915,0.1468274853100915
38,0,1,0,0,0,1,1,0,0,0,1,1,1,0,1,1,0,0,0,1.0038495654244146,0.7158758576100376,0.0042276442662364,0.04431696426317133,0.04431696426317133
66,0,0,1,1,0,0,0,1,0,1,1,0,1,0,0,1,0,0,0,-0.6397734793398451,0.6519909407703324,0.0026840999053434323,0.029492182160968494,0.029492182160968494
68,1,1,0,1,0,1,1,0,0,1,1,1,1,1,1,0,1,0,1,1.5024207620162022,0.6485447168747005,0.0026161967996319807,0.028807250213664037,0.028807250213664037
5,0,1,0,0,0,0,0,1,0,0,0,0,0,0,0,0,0,0,0,-1.3460826745115442,0.9085818526659613,0.014256987321705751,0.11453932573635439,0.11453932573635439
72,0,0,0,1,1,1,1,0,1,1,0,0,1,1,1,1,0,1,1,1.3079779953454052,0.6419575496164033,0.002490279067928491,0.027529416300707155,0.027529416300707155
32,0,0,0,0,0,0,0,1,1,0,0,0,0,0,0,1,0,0,0,-1.1516399078407469,0.7355303895625583,0.00482771692436557,0.04972004336955682,0.04972004336955682
43,0,1,0,0,0,1,1,0,0,0,0,0,1,1,1,1,0,0,0,0.9822448135721037,0.7016186635948665,0.003832182002392298,0.04064972482294138,0.04064972482294138
72,0,1,0,1,1,1,0,0,0,0,0,0,0,0,0,0,1,0,0,-1.5089492653981946,0.6419575496164033,0.002490279067928491,0.027529416300707155,0.027529416300707155
55,1,1,0,1,0,1,1,0,1,1,0,0,1,0,1,0,0,1,1,1.0620162050267898,0.6730980579890953,0.0031319345818057722,0.033937922764987416,0.033937922764987416
52,0,0,0,0,0,1,0,1,1,0,1,1,0,0,0,1,0,0,0,-0.22762129015730054,0.6796022882225629,0.00328157591746785,0.03539633014558485,0.03539633014558485
43,0,0,0,0,0,1,1,0,0,1,1,0,1,0,0,0,0,1,1,0.8925019981855823,0.7016186635948665,0.003832182002392298,0.04064972482294138,0.04064972482294138
37,1,0,1,1,0,1,1,0,0,0,0,0,0,0,1,0,0,1,1,0.38894508962787666,0.7189405920832638,0.0043169072108659315,0.0451328504105416,0.0451328504105416
64,0,0,0,1,1,0,0,1,0,1,0,1,1,1,0,0,1,1,1,-0.33896885739613314,0.6555468612609421,0.002755656035094927,0.030210834407233156,0.030210834407233156
3,0,1,0,1,1,1,1,0,1,1,0,0,1,0,0,0,0,1,0,0.8326734545945673,0.9373188893787414,0.017092860770546496,0.12812771737333695,0.12812771737333695
36,0,0,0,0,0,0,0,1,1,0,0,0,0,0,0,0,1,0,0,-1.1217256360452397,0.7220842981429184,0.004410087057617903,0.045979950318991825,0.045979950318991825
10,1,0,0,1,1,1,1,0,1,0,0,0,1,1,1,0,0,1,1,1.1783494842315403,0.8554585264638187,0.010313003097985489,0.09145336847937524,0.09145336847937524
41,0,0,0,0,0,1,0,0,0,0,0,0,0,0,0,0,1,0,0,-1.4674016656822124,0.7071206594283597,0.003981008341391358,0.042040010297382246,0.042040010297382246
27,0,1,0,1,1,1,1,0,0,1,0,1,0,0,1,0,0,0,1,0.6781163836511135,0.7546760980475697,0.005479040808994945,0.05537422178102336,0.05537422178102336
56,0,0,0,1,1,1,1,0,0,0,1,0,1,1,1,1,0,0,1,1.1633923483337865,0.6710090587453561,0.003085072619735503,0.03347844798497823,0.03347844798497823
6,0,0,0,0,0,1,0,0,0,0,0,0,0,0,0,0,0,0,0,-1.465739761693573,0.8962011910421149,0.01321361285882388,0.10892151775419001,0.10892151775419001
3,1,1,0,0,0,1,1,0,0,0,0,0,0,0,1,0,0,1,1,0.31914512210502655,0.9373188893787414,0.017092860770546496,0.12812771737333695,0.12812771737333695
7,0,0,0,1,1,1,0,1,1,0,0,0,0,0,0,0,0,0,0,-0.46859736850999784,0.8848383086630132,0.012329368360988486,0.10389128471090825,0.10389128471090825
4,0,0,0,1,1,1,0,0,0,0,0,0,0,0,0,0,0,0,0,-1.4607540497276552,0.9221895280070969,0.015517187361763772,0.12087777811840728,0.12087777811840728
33,0,1,0,0,0,1,1,0,1,0,0,1,1,0,0,0,1,1,1,0.8027591827990604,0.732029255003116,0.004715929386838689,0.04872789424351476,0.04872789424351476
27,1,0,1,0,0,1,1,0,0,0,1,0,0,0,1,0,0,1,1,0.44046411327569457,0.7546760980475697,0.005479040808994945,0.05537422178102336,0.05537422178102336
72,0,1,0,1,0,1,0,0,0,0,0,0,0,0,1,0,1,0,1,-1.3710112343411336,0.6419575496164033,0.002490279067928491,0.027529416300707155,0.027529416300707155
1,0,1,0,0,0,1,0,0,0,0,0,0,0,0,0,0,0,0,0,-1.4973159374777196,0.9743124842439652,0.02235010364622835,0.1468274853100915,0.1468274853100915
71,0,1,1,0,0,0,0,1,1,1,0,0,1,1,0,1,0,1,1,-0.2774784098164793,0.6435679119154606,0.0025205988088756303,0.02783802704790539,0.02783802704790539
13,0,0,0,0,0,1,1,0,0,0,0,0,0,1,1,0,0,1,1,0.7030449434807029,0.8312566322761956,0.008894046614766308,0.0818402613059327,0.0818402613059327
25,1,0,0,1,1,0,0,1,1,1,1,0,1,1,0,0,0,0,1,-0.20601653830498978,0.7632263722784222,0.005792955912006608,0.05802443652851541,0.05802443652851541
67,0,1,0,0,0,1,0,1,0,0,0,1,0,0,0,0,1,0,0,-0.4735830804759159,0.6502545080837984,0.0026497095459112013,0.029145652408135048,0.029145652408135048
1,1,1,0,0,0,0,0,1,0,0,0,0,0,1,0,0,0,1,1,-0.9754780850449819,0.9743124842439652,0.02235010364622835,0.1468274853100915,0.1468274853100915
2,1,1,0,0,0,1,0,1,0,0,0,0,0,0,0,0,0,1,0,-0.679659175067188,0.9544211124058478,0.01918286543259826,0.13658902706858933,0.13658902706858933
43,0,0,0,0,0,1,0,0,0,0,0,0,0,0,1,0,1,0,1,-1.2995493628296437,0.7016186635948665,0.003832182002392298,0.04064972482294138,0.04064972482294138
23,0,0,0,0,0,1,1,0,1,0,0,0,0,0,0,0,0,0,1,0.3390879699686979,0.7723876776489026,0.006146116983133188,0.060949762364490456,0.060949762364490456
64,0,0,0,1,1,1,0,0,0,0,0,0,0,0,0,0,1,0,0,-1.4823588015799658,0.6555468612609421,0.002755656035094927,0.030210834407233156,0.030210834407233156
57,0,1,0,0,1,1,0,0,0,0,0,0,0,0,0,0,1,0,1,-1.5023016494436374,0.6689574203086703,0.003039606595789443,0.03303139376725084,0.03303139376725084
1,1,0,1,1,0,1,1,0,0,0,0,0,0,0,0,0,0,0,1,0.18785470700252244,0.9743124842439652,0.02235010364622835,0.1468274853100915,0.1468274853100915
72,0,0,1,1,1,1,0,1,1,1,1,1,1,1,1,0,1,0,1,0.772844911003553,0.6419575496164033,0.002490279067928491,0.027529416300707155,0.027529416300707155
8,1,0,0,0,0,1,0,1,1,0,0,1,0,1,1,0,0,1,0,0.2111213628434726,0.8743368175545859,0.01156705087089483,0.09935054964947354,0.09935054964947354
61,0,0,0,1,0,1,1,0,0,1,0,0,1,1,1,0,1,0,1,1.204939948049769,0.6611010360108607,0.002870516527482457,0.031357744906887475,0.031357744906887475
64,0,1,0,0,0,1,1,0,1,1,0,0,0,0,1,1,0,0,1,0.6482021118556061,0.6555468612609421,0.002755656035094927,0.030210834407233156,0.030210834407233156
71,0,1,1,1,0,1,0,0,0,0,0,0,0,0,1,0,1,0,0,-1.357716002432019,0.6435679119154606,0.0025205988088756303,0.02783802704790539,0.02783802704790539
65,0,0,0,1,1,1,1,0,1,1,0,1,1,0,1,0,1,0,1,1.1384637885041973,0.6537547892731487,0.002719403042122667,0.02984713825493901,0.02984713825493901
3,0,1,0,0,0,1,0,0,0,0,0,0,0,0,0,1,0,0,0,-1.5023016494436374,0.9373188893787414,0.017092860770546496,0.12812771737333695,0.12812771737333695
1,1,1,0,0,0,1,0,1,0,0,0,0,0,0,0,0,0,1,1,-0.6364496713625665,0.9743124842439652,0.02235010364622835,0.1468274853100915,0.1468274853100915
30,0,1,0,0,1,1,0,1,0,1,1,0,1,0,0,1,0,0,0,-0.009911867645553398,0.7428424163487329,0.0050683354621543905,0.051833777579476825,0.051833777579476825
15,0,1,0,1,1,1,0,1,0,1,1,1,0,1,0,0,0,0,1,0.1562785312183758,0.817222359631732,0.00815567933565363,0.07653518145581295,0.07653518145581295
8,0,0,0,1,1,1,0,1,0,0,0,1,1,1,0,0,0,1,1,0.12470235543422914,0.8743368175545859,0.01156705087089483,0.09935054964947354,0.09935054964947354
7,1,1,0,0,0,1,1,0,0,0,0,0,1,1,1,0,0,0,0,1.0038495654244146,0.8848383086630132,0.012329368360988486,0.10389128471090825,0.10389128471090825
70,0,0,0,1,1,1,1,0,1,1,1,0,1,1,1,1,0,0,1,1.4409303144365486,0.6452021175658147,0.002551672337160255,0.02815370280249474,0.02815370280249474
62,0,1,0,1,1,1,0,1,1,1,1,1,1,1,0,0,1,1,0,0.7080306554466205,0.6592190846564381,0.0028311702861325673,0.03096578220998969,0.03096578220998969
6,0,0,0,1,1,1,0,0,0,0,0,0,0,0,0,0,0,0,0,-1.4989778414663588,0.8962011910421149,0.01321361285882388,0.10892151775419001,0.10892151775419001
14,0,0,0,1,1,1,1,0,0,0,0,0,0,1,0,0,0,0,1,0.5351926406281345,0.8240576612486123,0.008508086494505379,0.07909398048302463,0.07909398048302463
22,0,0,0,0,0,1,1,0,0,0,0,0,1,0,1,0,0,0,1,0.6432163998896885,0.7772239626242997,0.006339847981342745,0.0625297608539006,0.0625297608539006
22,0,1,0,1,1,1,0,0,0,0,0,0,0,0,0,1,0,0,0,-1.4840207055686052,0.7772239626242997,0.006339847981342745,0.0625297608539006,0.0625297608539006
16,0,1,0,1,1,1,0,1,1,0,1,0,1,0,0,0,1,0,0,-0.01822138758874986,0.8107173068575363,0.007832475449686212,0.07414442618478301,0.07414442618478301
10,0,1,0,0,0,1,0,0,0,0,0,0,0,0,1,0,1,0,0,-1.2995493628296437,0.8554585264638187,0.010313003097985489,0.09145336847937524,0.09145336847937524
13,0,0,0,0,1,1,0,1,1,1,0,0,0,0,0,0,0,1,1,-0.292435545714233,0.8312566322761956,0.008894046614766308,0.0818402613059327,0.0818402613059327
20,1,0,0,1,0,1,1,0,1,0,0,0,0,0,1,0,0,1,0,0.5850497602873133,0.7874709741517664,0.006767715032425889,0.0659587290124013,0.0659587290124013
2,0,0,0,0,0,1,1,0,0,0,0,0,0,0,0,0,0,1,1,0.16292614717293305,0.9544211124058478,0.01918286543259826,0.13658902706858933,0.13658902706858933
53,0,1,0,0,0,1,0,1,0,1,1,1,0,1,1,0,1,0,1,0.30252608221863364,0.6773932996244997,0.003230113874366814,0.03489628604896822,0.03489628604896822
11,0,0,0,1,1,1,0,0,0,0,0,0,0,0,0,1,0,0,0,-1.4690635696708516,0.8469074549655476,0.009789108115316166,0.08799046091721618,0.08799046091721618
69,0,1,0,1,0,1,0,0,0,0,0,0,0,0,0,0,1,0,0,-1.4923302255118018,0.6468608243449303,0.002583528294433392,0.028476690845760766,0.028476690845760766
4,1,0,0,0,0,1,1,0,0,0,0,0,0,0,0,0,0,0,1,0.20281184290027615,0.9221895280070969,0.015517187361763772,0.12087777811840728,0.12087777811840728
72,0,1,0,1,0,1,0,1,1,1,1,1,1,1,1,0,1,0,1,0.8060829907763388,0.6419575496164033,0.002490279067928491,0.027529416300707155,0.027529416300707155
58,1,1,1,1,0,0,0,1,0,1,1,0,0,1,0,0,0,1,1,-0.6480829992830416,0.6669419291751147,0.0029954745981990286,0.0325962586220786,0.0325962586220786
16,0,0,0,1,1,1,0,0,0,0,0,0,0,0,0,0,0,1,0,-1.4757111856254088,0.8107173068575363,0.007832475449686212,0.07414442618478301,0.07414442618478301
43,0,1,0,1,0,1,1,0,1,0,1,1,0,0,0,1,0,0,1,0.6465402078669669,0.7016186635948665,0.003832182002392298,0.04064972482294138,0.04064972482294138
2,1,0,0,1,0,1,1,0,0,0,1,1,1,1,1,0,0,1,1,1.3162875152886018,0.9544211124058478,0.01918286543259826,0.13658902706858933,0.13658902706858933
14,0,1,0,1,0,1,0,1,0,1,1,1,1,1,0,0,1,0,0,0.5700926243895595,0.8240576612486123,0.008508086494505379,0.07909398048302463,0.07909398048302463
53,1,0,0,1,0,1,1,0,0,0,1,0,1,1,0,1,0,0,1,0.9988638534584966,0.6773932996244997,0.003230113874366814,0.03489628604896822,0.03489628604896822
32,0,0,0,0,0,1,0,0,0,0,0,0,0,0,0,1,0,0,0,-1.470725473659491,0.7355303895625583,0.00482771692436557,0.04972004336955682,0.04972004336955682
34,0,0,0,1,0,1,0,0,0,0,0,0,0,0,1,0,0,1,0,-1.3327874426024295,0.7286243341114813,0.004609291590527576,0.04777537654084685,0.04777537654084685
15,1,0,1,0,0,1,1,0,0,0,0,0,0,0,1,0,0,0,1,0.3208070260936658,0.817222359631732,0.00815567933565363,0.07653518145581295,0.07653518145581295
7,1,0,1,0,0,1,1,0,1,0,0,0,0,0,0,0,0,0,0,0.38728318563923747,0.8848383086630132,0.012329368360988486,0.10389128471090825,0.10389128471090825
15,0,0,0,1,1,1,1,0,0,1,1,0,1,1,1,0,0,0,1,1.347863691072748,0.817222359631732,0.00815567933565363,0.07653518145581295,0.07653518145581295
61,0,1,0,1,0,1,0,0,0,0,0,0,0,0,0,1,0,0,1,-1.470725473659491,0.6611010360108607,0.002870516527482457,0.031357744906887475,0.031357744906887475
1,1,0,0,0,0,0,0,1,0,1,0,0,0,0,0,0,0,0,0,-1.1582875237953039,0.9743124842439652,0.02235010364622835,0.1468274853100915,0.1468274853100915
1,0,0,0,0,0,1,0,1,0,0,0,0,0,0,0,0,0,0,0,-0.6480829992830416,0.9743124842439652,0.02235010364622835,0.1468274853100915,0.1468274853100915
8,1,1,0,0,0,1,1,0,0,0,0,0,0,1,1,0,0,0,0,0.6548497278101634,0.8743368175545859,0.01156705087089483,0.09935054964947354,0.09935054964947354
33,0,1,0,1,1,1,0,1,1,0,1,0,1,1,0,1,0,0,0,0.33077845002550144,0.732029255003116,0.004715929386838689,0.04872789424351476,0.04872789424351476
13,1,0,0,0,0,1,1,0,0,1,1,0,0,0,0,0,0,1,1,0.4803498090030377,0.8312566322761956,0.008894046614766308,0.0818402613059327,0.0818402613059327
1,1,0,0,1,0,0,0,1,0,0,0,0,0,0,0,0,0,1,1,-1.3294636346251512,0.9743124842439652,0.02235010364622835,0.1468274853100915,0.1468274853100915
20,0,1,0,0,0,1,0,1,0,1,0,0,0,0,0,0,0,0,1,-0.43203548075993364,0.7874709741517664,0.006767715032425889,0.0659587290124013,0.0659587290124013
3,0,1,0,0,0,0,0,1,0,0,0,1,0,0,0,0,0,1,0,-1.1433303878975505,0.9373188893787414,0.017092860770546496,0.12812771737333695,0.12812771737333695
13,0,0,0,0,0,1,0,0,0,0,0,0,0,0,0,1,0,1,0,-1.5006397454549982,0.8312566322761956,0.008894046614766308,0.0818402613059327,0.0818402613059327
40,0,0,0,1,0,1,0,1,0,1,0,0,0,0,1,0,0,0,0,-0.27249269785056146,0.7099691459680679,0.004059910336396862,0.04277208089669704,0.04277208089669704
43,0,1,0,1,1,1,0,1,1,0,0,1,0,1,1,1,0,0,1,0.236049922673062,0.7016186635948665,0.003832182002392298,0.04064972482294138,0.04064972482294138
6,1,1,0,1,0,1,1,0,0,1,1,0,0,1,0,0,0,1,1,0.8708972463332713,0.8962011910421149,0.01321361285882388,0.10892151775419001,0.10892151775419001
69,0,0,0,1,1,1,0,0,0,0,0,0,0,0,0,0,1,0,0,-1.4973159374777196,0.6468608243449303,0.002583528294433392,0.028476690845760766,0.028476690845760766
72,0,0,0,1,1,1,1,0,1,1,1,0,1,1,1,0,1,0,0,1.4924493380843664,0.6419575496164033,0.002490279067928491,0.027529416300707155,0.027529416300707155
59,0,1,0,1,1,1,0,0,0,0,0,0,0,0,0,0,1,0,0,-1.5122730733754732,0.6649614286359096,0.0029526183444970946,0.03217256791019485,0.03217256791019485
20,0,0,0,1,0,1,1,0,1,1,0,1,1,0,0,0,0,1,1,1.0553685890722326,0.7874709741517664,0.006767715032425889,0.0659587290124013,0.0659587290124013
24,0,1,0,1,1,1,0,0,0,0,0,0,0,0,1,0,1,0,1,-1.3527302904661012,0.7677256072562019,0.005964174846469762,0.05945002834593771,0.05945002834593771
59,0,1,0,0,0,1,1,0,0,1,1,1,1,1,1,0,0,1,1,1.5472921697094628,0.6649614286359096,0.0029526183444970946,0.03217256791019485,0.03217256791019485
72,0,1,0,1,1,1,1,0,0,1,1,1,1,1,1,0,1,0,1,1.5772064415049702,0.6419575496164033,0.002490279067928491,0.027529416300707155,0.027529416300707155
1,0,1,0,0,1,1,0,0,0,0,0,0,0,0,0,0,0,0,0,-1.4640778577049338,0.9743124842439652,0.02235010364622835,0.1468274853100915,0.1468274853100915
27,0,0,0,1,0,1,1,0,1,0,0,1,1,1,0,1,0,0,1,1.2331923158566371,0.7546760980475697,0.005479040808994945,0.05537422178102336,0.05537422178102336
14,0,0,0,0,0,1,1,0,0,1,0,1,0,0,0,0,0,0,1,0.5069402728212663,0.8240576612486123,0.008508086494505379,0.07909398048302463,0.07909398048302463
71,0,1,0,1,1,1,1,0,1,0,1,0,1,1,1,0,1,1,0,1.3545113070273052,0.6435679119154606,0.0025205988088756303,0.02783802704790539,0.02783802704790539
13,0,1,0,0,1,1,1,0,0,0,0,0,1,0,0,0,0,0,1,0.4487736332188911,0.8312566322761956,0.008894046614766308,0.0818402613059327,0.0818402613059327
44,0,1,0,0,0,1,1,0,0,0,0,0,0,0,0,0,0,0,0,0.1346737793660648,0.6989597866938809,0.0037619201221218337,0.03998903582240876,0.03998903582240876
33,0,0,0,0,0,1,1,0,0,1,0,1,0,0,0,1,0,0,1,0.5036164648439879,0.732029255003116,0.004715929386838689,0.04872789424351476,0.04872789424351476
72,0,1,0,1,1,0,0,1,1,1,1,1,0,1,0,0,1,0,1,-0.3107164895892651,0.6419575496164033,0.002490279067928491,0.027529416300707155,0.027529416300707155
1,1,1,0,0,0,1,1,0,0,0,0,0,0,1,0,0,0,1,0,0.5019545608553487,0.9743124842439652,0.02235010364622835,0.1468274853100915,0.1468274853100915
19,1,0,0,0,0,1,1,0,1,0,1,1,1,1,0,0,0,1,1,1.3894112907887302,0.7929113200145855,0.0070048485392757275,0.06782398836650938,0.06782398836650938
64,0,1,0,1,0,1,1,0,0,1,1,1,1,1,0,1,0,0,1,1.2514732597316691,0.6555468612609421,0.002755656035094927,0.030210834407233156,0.030210834407233156
2,1,1,0,0,0,1,0,1,0,0,0,0,0,0,0,0,0,0,1,-0.6248163434420914,0.9544211124058478,0.01918286543259826,0.13658902706858933,0.13658902706858933
1,0,0,0,0,0,0,0,1,0,0,0,0,0,0,0,0,0,1,0,-1.3145064987273976,0.9743124842439652,0.02235010364622835,0.1468274853100915,0.1468274853100915
61,0,1,0,0,1,1,0,0,0,0,0,0,0,0,0,0,1,0,0,-1.4973159374777196,0.6611010360108607,0.002870516527482457,0.031357744906887475,0.031357744906887475
29,0,0,0,1,1,1,0,0,0,0,0,0,0,0,0,1,0,1,0,-1.4890064175345232,0.746664964341879,0.005198070769814978,0.05296124339833497,0.05296124339833497
23,0,1,1,1,0,1,1,0,0,0,0,0,0,1,1,0,0,1,0,0.7312973112875707,0.7723876776489026,0.006146116983133188,0.060949762364490456,0.060949762364490456
57,0,0,0,1,0,0,0,1,1,1,1,0,1,1,0,0,0,0,1,-0.20103082633907196,0.6689574203086703,0.003039606595789443,0.03303139376725084,0.03303139376725084
72,0,1,0,1,1,0,0,1,1,1,1,1,0,0,0,0,1,0,0,-0.6497449032716808,0.6419575496164033,0.002490279067928491,0.027529416300707155,0.027529416300707155
66,0,1,0,1,0,0,0,1,1,1,1,1,1,0,0,0,1,0,1,-0.27249269785056146,0.6519909407703324,0.0026840999053434323,0.029492182160968494,0.029492182160968494
65,0,1,0,1,1,1,0,1,0,1,1,1,1,1,1,0,1,0,1,0.6448783038783277,0.6537547892731487,0.002719403042122667,0.02984713825493901,0.02984713825493901
8,0,0,0,0,0,1,1,0,0,0,0,0,1,0,0,0,0,0,1,0.5052783688326271,0.8743368175545859,0.01156705087089483,0.09935054964947354,0.09935054964947354
4,1,0,0,0,0,1,1,0,0,0,0,0,0,0,0,0,0,1,1,0.17788328307068677,0.9221895280070969,0.015517187361763772,0.12087777811840728,0.12087777811840728
71,0,0,0,1,0,1,0,0,0,0,0,0,0,0,1,0,1,0,0,-1.3311255386137903,0.6435679119154606,0.0025205988088756303,0.02783802704790539,0.02783802704790539
1,0,1,0,1,1,1,0,0,0,0,0,0,0,0,0,1,0,1,1,-1.4823588015799658,0.9743124842439652,0.02235010364622835,0.1468274853100915,0.1468274853100915
4,1,1,0,1,0,1,0,1,0,0,0,1,0,0,0,0,0,0,0,-0.4902021203623088,0.9221895280070969,0.015517187361763772,0.12087777811840728,0.12087777811840728
12,0,0,0,0,0,1,0,0,0,0,0,0,0,0,0,1,0,0,1,-1.5106111693868338,0.8388580793219884,0.009318867014819062,0.08479678961103854,0.08479678961103854
24,0,1,0,0,0,0,0,1,1,0,0,0,1,1,0,1,0,0,1,-0.4719211764872765,0.7677256072562019,0.005964174846469762,0.05945002834593771,0.05945002834593771
31,0,0,0,1,1,1,0,1,1,0,1,1,1,1,0,1,0,0,1,0.5435021605713309,0.7391329118702427,0.004945042598351195,0.05075440110013929,0.05075440110013929
1,1,0,0,1,0,1,0,1,0,0,0,0,1,0,0,0,0,0,0,-0.3190260095324616,0.9743124842439652,0.02235010364622835,0.1468274853100915,0.1468274853100915
30,0,1,0,0,0,1,1,0,0,0,0,1,0,1,1,0,0,0,1,0.8343353585832071,0.7428424163487329,0.0050683354621543905,0.051833777579476825,0.051833777579476825
47,0,0,0,1,1,1,0,1,1,1,0,1,1,1,1,0,1,0,1,0.6814401916283919,0.6913226781406935,0.0035659686558325962,0.038131613989117574,0.038131613989117574
54,0,1,0,0,0,1,1,0,1,1,0,1,1,1,1,0,1,0,1,1.4359446024706306,0.6752256920763566,0.003180258311786613,0.03441034838970081,0.03441034838970081
50,0,1,0,0,0,1,1,0,1,1,0,1,0,1,0,0,0,0,1,0.9539924457652359,0.6841504128114664,0.003389643293482253,0.03644129666249096,0.03644129666249096
1,1,1,0,0,0,1,1,0,1,0,0,0,0,1,0,0,0,0,1,0.6581735357874418,0.9743124842439652,0.02235010364622835,0.1468274853100915,0.1468274853100915
72,0,0,0,0,0,1,0,0,0,0,0,0,0,0,0,0,1,0,0,-1.4806968975913266,0.6419575496164033,0.002490279067928491,0.027529416300707155,0.027529416300707155
29,0,0,0,0,0,1,0,0,0,0,0,0,0,0,1,0,0,1,0,-1.3178303067046762,0.746664964341879,0.005198070769814978,0.05296124339833497,0.05296124339833497
2,1,1,0,0,0,1,0,1,0,1,0,0,0,0,1,0,0,0,1,-0.3456164733506904,0.9544211124058478,0.01918286543259826,0.13658902706858933,0.13658902706858933
10,0,0,0,0,0,0,0,1,0,0,0,1,0,0,0,0,1,0,1,-1.169920851715779,0.8554585264638187,0.010313003097985489,0.09145336847937524,0.09145336847937524
18,0,1,0,1,0,1,1,0,0,0,0,0,0,0,1,0,0,1,1,0.2775975223890443,0.798585597100695,0.007259843514731271,0.06980238681281059,0.06980238681281059
11,1,0,1,0,0,1,1,0,0,1,0,0,1,1,0,0,0,1,1,1.0038495654244146,0.8469074549655476,0.009789108115316166,0.08799046091721618,0.08799046091721618
16,0,1,0,0,0,1,0,0,0,0,0,0,0,0,0,0,1,0,0,-1.4973159374777196,0.8107173068575363,0.007832475449686212,0.07414442618478301,0.07414442618478301
72,0,0,0,0,0,1,0,1,0,1,1,1,1,1,1,0,1,0,0,0.7246496953330134,0.6419575496164033,0.002490279067928491,0.027529416300707155,0.027529416300707155
72,0,1,0,0,0,1,1,0,0,1,1,1,1,1,1,0,1,0,0,1.4758302981979736,0.6419575496164033,0.002490279067928491,0.027529416300707155,0.027529416300707155
41,0,0,0,1,1,1,0,1,1,0,0,1,1,1,0,1,0,0,1,0.32911654603686225,0.7071206594283597,0.003981008341391358,0.042040010297382246,0.042040010297382246
65,0,0,1,1,0,1,1,0,1,1,1,0,0,1,0,0,0,1,0,0.9839067175607433,0.6537547892731487,0.002719403042122667,0.02984713825493901,0.02984713825493901
13,0,0,1,0,0,1,0,1,0,1,1,0,0,0,0,0,0,1,1,-0.3323212414415761,0.8312566322761956,0.008894046614766308,0.0818402613059327,0.0818402613059327
4,0,1,1,0,0,1,1,0,1,0,0,0,0,0,0,0,0,1,0,0.3507212978891727,0.9221895280070969,0.015517187361763772,0.12087777811840728,0.12087777811840728
41,0,1,0,0,0,1,0,1,0,0,1,0,0,1,1,1,0,0,0,0.006707172240839519,0.7071206594283597,0.003981008341391358,0.042040010297382246,0.042040010297382246
15,1,1,1,0,0,1,1,0,0,1,0,0,0,0,0,0,0,1,1,0.31914512210502655,0.817222359631732,0.00815567933565363,0.07653518145581295,0.07653518145581295
1,1,1,0,0,0,1,0,1,1,0,0,0,0,0,0,0,0,0,1,-0.5400592400214876,0.9743124842439652,0.02235010364622835,0.1468274853100915,0.1468274853100915
42,0,1,0,0,0,1,1,0,1,1,1,0,0,1,1,1,0,1,1,1.1368018845155579,0.7043380877631116,0.0039051573709433167,0.0413329850998293,0.0413329850998293
51,0,0,0,1,0,1,1,0,1,1,1,0,1,0,0,1,0,1,1,0.9539924457652359,0.681854139199785,0.003334724055742794,0.03591111081215892,0.03591111081215892
2,1,0,0,1,1,1,1,0,0,0,0,0,0,0,0,0,0,1,0,0.18619280301388322,0.9544211124058478,0.01918286543259826,0.13658902706858933,0.13658902706858933
1,1,1,1,1,0,0,0,1,0,1,0,0,1,0,0,0,0,1,0,-0.8175972061242491,0.9743124842439652,0.02235010364622835,0.1468274853100915,0.1468274853100915
32,0,1,0,0,1,1,0,1,0,1,1,1,1,1,1,1,0,0,0,0.6282592639919348,0.7355303895625583,0.00482771692436557,0.04972004336955682,0.04972004336955682
10,0,1,0,0,0,1,0,0,0,0,0,0,0,0,0,0,0,0,1,-1.493992129500441,0.8554585264638187,0.010313003097985489,0.09145336847937524,0.09145336847937524
67,0,0,0,1,1,0,0,1,0,1,1,1,1,1,0,0,1,1,1,-0.17444036252084338,0.6502545080837984,0.0026497095459112013,0.029145652408135048,0.029145652408135048
61,0,0,0,1,1,1,1,0,1,1,1,1,1,1,1,0,1,0,0,1.6719349688574097,0.6611010360108607,0.002870516527482457,0.031357744906887475,0.031357744906887475
50,0,1,0,0,0,1,1,0,1,1,1,1,1,1,1,1,0,0,0,1.6470064090278205,0.6841504128114664,0.003389643293482253,0.03644129666249096,0.03644129666249096
2,1,0,0,1,0,1,0,1,0,0,0,0,0,0,0,0,0,0,1,-0.6713496551239915,0.9544211124058478,0.01918286543259826,0.13658902706858933,0.13658902706858933
29,0,0,1,1,0,0,0,1,1,0,1,0,0,1,0,0,0,1,1,-0.6580544232148772,0.746664964341879,0.005198070769814978,0.05296124339833497,0.05296124339833497
3,1,1,1,0,0,0,0,1,0,0,1,0,0,1,0,0,0,1,1,-0.7860210303401027,0.9373188893787414,0.017092860770546496,0.12812771737333695,0.12812771737333695
13,1,1,1,0,0,1,1,0,0,1,1,0,1,1,1,0,0,1,1,1.3993827147205662,0.8312566322761956,0.008894046614766308,0.0818402613059327,0.0818402613059327
57,0,1,1,1,0,1,1,0,0,1,0,0,0,1,1,0,0,1,1,0.8326734545945673,0.6689574203086703,0.003039606595789443,0.03303139376725084,0.03303139376725084
31,0,0,0,0,0,0,0,1,1,1,0,1,0,1,0,0,1,0,1,-0.49684973631686585,0.7391329118702427,0.004945042598351195,0.05075440110013929,0.05075440110013929
45,0,0,0,1,0,1,1,0,1,1,1,1,1,1,1,1,0,0,0,1.6121064252663952,0.6963590108821652,0.0036942216775406023,0.039349803973645514,0.039349803973645514
61,0,0,0,1,1,1,0,1,1,1,1,1,1,1,1,0,1,0,0,0.7745068149921922,0.6611010360108607,0.002870516527482457,0.031357744906887475,0.031357744906887475
50,0,1,0,0,0,1,0,0,0,0,0,0,0,0,1,0,1,0,0,-1.3261398266478726,0.6841504128114664,0.003389643293482253,0.03644129666249096,0.03644129666249096
19,0,0,1,0,0,1,1,0,1,1,0,1,1,1,0,0,0,0,1,1.336230363152273,0.7929113200145855,0.0070048485392757275,0.06782398836650938,0.06782398836650938
59,1,1,0,0,0,1,0,0,0,0,0,0,0,0,0,0,1,0,0,-1.5106111693868338,0.6649614286359096,0.0029526183444970946,0.03217256791019485,0.03217256791019485
71,0,0,0,1,0,1,0,0,0,0,0,0,0,0,1,0,1,0,1,-1.3477445785001834,0.6435679119154606,0.0025205988088756303,0.02783802704790539,0.02783802704790539
16,1,0,1,0,0,1,1,0,0,0,0,1,1,1,0,0,0,1,1,0.9855686215493825,0.8107173068575363,0.007832475449686212,0.07414442618478301,0.07414442618478301
57,0,1,0,1,0,1,0,1,1,1,0,1,0,0,0,0,1,1,1,-0.16779274656628612,0.6689574203086703,0.003039606595789443,0.03303139376725084,0.03303139376725084
1,1,1,0,0,0,0,0,1,0,0,0,0,0,0,0,0,0,0,0,-1.3294636346251512,0.9743124842439652,0.02235010364622835,0.1468274853100915,0.1468274853100915
20,0,1,1,1,0,1,1,0,0,1,0,1,1,1,1,0,0,1,0,1.4043684266864838,0.7874709741517664,0.006767715032425889,0.0659587290124013,0.0659587290124013
1,1,1,0,0,0,1,1,0,0,0,0,0,0,0,0,0,0,0,0,0.19284041896844,0.9743124842439652,0.02235010364622835,0.1468274853100915,0.1468274853100915
5,1,1,0,1,0,1,1,0,0,1,0,1,0,0,1,0,0,1,1,0.6847639996056708,0.9085818526659613,0.014256987321705751,0.11453932573635439,0.11453932573635439
52,1,0,0,1,0,1,1,0,0,1,1,0,1,1,1,0,0,1,1,1.3378922671409121,0.6796022882225629,0.00328157591746785,0.03539633014558485,0.03539633014558485
21,0,1,1,1,0,1,0,1,1,1,0,0,0,1,0,0,0,0,1,0.005045268252200322,0.7822470612896891,0.006546583090128551,0.06419686154369075,0.06419686154369075
14,0,1,0,0,0,0,0,1,0,0,1,1,1,1,0,0,0,1,1,-0.32567362548701884,0.8240576612486123,0.008508086494505379,0.07909398048302463,0.07909398048302463
5,0,0,0,0,0,1,0,1,0,1,0,0,0,0,0,0,0,0,0,-0.4735830804759159,0.9085818526659613,0.014256987321705751,0.11453932573635439,0.11453932573635439
6,0,0,0,0,0,1,0,1,1,1,0,0,0,0,0,0,0,0,0,-0.32068791352110104,0.8962011910421149,0.01321361285882388,0.10892151775419001,0.10892151775419001
10,0,0,0,0,0,1,0,1,0,1,0,0,0,0,0,0,0,1,0,-0.45197832862360493,0.8554585264638187,0.010313003097985489,0.09145336847937524,0.09145336847937524
1,0,0,0,0,1,1,0,0,0,0,0,0,0,0,1,0,0,0,0,-1.3095207867614798,0.9743124842439652,0.02235010364622835,0.1468274853100915,0.1468274853100915
68,0,0,0,0,0,1,0,1,1,0,0,0,0,0,1,0,0,0,0,-0.343954569362051,0.6485447168747005,0.0026161967996319807,0.028807250213664037,0.028807250213664037
18,1,1,0,1,1,1,1,0,0,0,1,0,1,1,0,0,0,0,0,1.0088352773903326,0.798585597100695,0.007259843514731271,0.06980238681281059,0.06980238681281059
22,0,0,0,0,0,1,1,0,0,0,0,0,0,0,1,1,0,0,1,0.3723260497414837,0.7772239626242997,0.006339847981342745,0.0625297608539006,0.0625297608539006
20,0,0,0,0,0,1,0,1,0,0,0,0,0,0,0,0,0,1,1,-0.679659175067188,0.7874709741517664,0.006767715032425889,0.0659587290124013,0.0659587290124013
1,1,1,0,1,0,1,1,0,0,0,0,0,0,0,0,0,0,1,0,0.1728975711047687,0.9743124842439652,0.02235010364622835,0.1468274853100915,0.1468274853100915
8,1,1,1,0,0,1,1,0,0,1,0,0,0,0,0,0,0,1,1,0.322468930082305,0.8743368175545859,0.01156705087089483,0.09935054964947354,0.09935054964947354
10,1,1,0,0,0,1,0,1,0,0,0,0,0,0,0,0,0,0,1,-0.6630401351807951,0.8554585264638187,0.010313003097985489,0.09145336847937524,0.09145336847937524
24,1,1,1,0,0,1,1,0,0,0,0,0,0,0,1,0,0,1,1,0.37564985771876214,0.7677256072562019,0.005964174846469762,0.05945002834593771,0.05945002834593771
35,0,1,0,0,0,1,0,1,1,1,1,0,0,0,0,1,0,0,0,-0.11959753089574657,0.7253108322429414,0.004507451042951911,0.04686012202126277,0.04686012202126277
23,0,1,0,1,1,1,1,0,0,1,1,1,0,0,0,1,0,0,0,0.7312973112875707,0.7723876776489026,0.006146116983133188,0.060949762364490456,0.060949762364490456
6,0,0,1,0,0,1,1,0,0,0,0,0,1,1,0,0,0,1,1,0.8160544147081744,0.8962011910421149,0.01321361285882388,0.10892151775419001,0.10892151775419001
12,0,0,0,0,0,1,0,0,0,0,0,0,0,0,0,0,0,0,0,-1.4989778414663588,0.8388580793219884,0.009318867014819062,0.08479678961103854,0.08479678961103854
1,0,1,0,0,0,1,0,0,0,0,0,0,0,0,0,0,0,0,0,-1.4806968975913266,0.9743124842439652,0.02235010364622835,0.1468274853100915,0.1468274853100915
71,0,0,0,1,1,1,1,0,0,0,1,0,0,0,0,0,1,1,0,0.37398795373012295,0.6435679119154606,0.0025205988088756303,0.02783802704790539,0.02783802704790539
35,0,1,1,1,0,1,1,0,0,0,1,0,1,1,1,0,0,1,1,1.1966304281065723,0.7253108322429414,0.004507451042951911,0.04686012202126277,0.04686012202126277
40,0,1,0,1,1,1,0,1,0,0,1,0,1,1,1,0,0,1,1,0.3241308340709442,0.7099691459680679,0.004059910336396862,0.04277208089669704,0.04277208089669704
1,1,0,0,0,1,1,1,0,1,0,0,0,0,0,0,0,0,0,1,0.29255465828679755,0.9743124842439652,0.02235010364622835,0.1468274853100915,0.1468274853100915
23,0,1,0,0,0,1,0,1,0,0,0,0,1,1,0,1,0,0,1,0.0033833642635611246,0.7723876776489026,0.006146116983133188,0.060949762364490456,0.060949762364490456
4,1,0,1,0,0,1,1,0,0,0,0,0,1,1,1,0,0,1,1,1.0188067013221684,0.9221895280070969,0.015517187361763772,0.12087777811840728,0.12087777811840728
4,0,1,0,0,0,1,1,0,0,0,1,1,0,1,0,0,0,1,1,0.8509543984696,0.9221895280070969,0.015517187361763772,0.12087777811840728,0.12087777811840728
68,0,0,0,1,1,0,0,1,0,1,1,1,1,1,0,0,1,0,0,-0.149511802691254,0.6485447168747005,0.0026161967996319807,0.028807250213664037,0.028807250213664037
38,0,1,0,0,1,1,1,0,0,1,0,0,0,0,1,0,0,0,1,0.5667688164122807,0.7158758576100376,0.0042276442662364,0.04431696426317133,0.04431696426317133
52,0,1,0,1,1,1,0,0,0,0,0,0,0,0,1,0,1,0,0,-1.3294636346251512,0.6796022882225629,0.00328157591746785,0.03539633014558485,0.03539633014558485
32,1,1,1,1,0,1,1,0,0,0,0,0,0,0,1,0,0,1,1,0.3357641619914195,0.7355303895625583,0.00482771692436557,0.04972004336955682,0.04972004336955682
29,0,1,0,1,1,1,0,1,0,0,1,1,1,1,0,0,1,0,0,0.35736891384373,0.746664964341879,0.005198070769814978,0.05296124339833497,0.05296124339833497
38,0,1,1,1,1,1,1,0,0,1,0,0,1,1,1,0,0,1,0,1.2082637560270477,0.7158758576100376,0.0042276442662364,0.04431696426317133,0.04431696426317133
48,0,1,0,0,1,1,0,1,1,0,1,0,1,1,1,1,0,0,1,0.4637307691166448,0.6888828979881829,0.003505164885370563,0.03755076913789834,0.03755076913789834
1,0,0,0,0,0,1,0,0,0,0,0,0,0,0,0,0,0,0,1,-1.5139349773641124,0.9743124842439652,0.02235010364622835,0.1468274853100915,0.1468274853100915
22,0,0,0,0,0,1,1,0,1,0,0,1,0,1,0,0,0,1,1,0.8060829907763388,0.7772239626242997,0.006339847981342745,0.0625297608539006,0.0625297608539006
43,0,0,0,0,0,1,1,0,1,1,1,1,1,1,1,0,1,0,0,1.6702730648687705,0.7016186635948665,0.003832182002392298,0.04064972482294138,0.04064972482294138
5,0,0,1,1,0,1,1,0,0,0,0,0,0,0,0,0,0,1,1,0.15129281925245772,0.9085818526659613,0.014256987321705751,0.11453932573635439,0.11453932573635439
5,1,1,0,0,0,1,1,0,0,0,0,0,1,0,0,0,0,1,1,0.5252212166962984,0.9085818526659613,0.014256987321705751,0.11453932573635439,0.11453932573635439
51,0,1,0,1,1,1,1,0,1,1,0,1,1,1,1,1,0,0,0,1.5040826660048414,0.681854139199785,0.003334724055742794,0.03591111081215892,0.03591111081215892
71,0,1,0,0,0,1,0,0,0,0,0,0,0,0,0,0,1,0,1,-1.4923302255118018,0.6435679119154606,0.0025205988088756303,0.02783802704790539,0.02783802704790539
38,1,0,0,1,1,1,0,1,1,1,0,1,1,1,0,1,0,0,0,0.5152497927644627,0.7158758576100376,0.0042276442662364,0.04431696426317133,0.04431696426317133
24,1,1,1,1,0,1,1,0,0,0,1,0,1,1,0,0,0,1,1,0.942359117844761,0.7677256072562019,0.005964174846469762,0.05945002834593771,0.05945002834593771
35,0,1,0,1,0,1,1,0,0,0,0,1,1,0,1,0,0,0,1,0.8875162862196642,0.7253108322429414,0.004507451042951911,0.04686012202126277,0.04686012202126277
54,1,0,1,0,0,1,0,1,1,1,0,1,1,1,1,1,0,0,0,0.5867116642759524,0.6752256920763566,0.003180258311786613,0.03441034838970081,0.03441034838970081
72,0,0,0,1,1,0,0,1,0,1,1,1,1,1,0,0,1,1,1,-0.15948322662308967,0.6419575496164033,0.002490279067928491,0.027529416300707155,0.027529416300707155
1,0,1,0,0,0,1,0,1,0,0,0,0,0,0,0,0,0,1,1,-0.6647020391694345,0.9743124842439652,0.02235010364622835,0.1468274853100915,0.1468274853100915
9,0,0,0,1,1,1,0,1,1,0,0,0,0,0,0,1,0,0,0,-0.5383973360328481,0.8645756330248363,0.010901071741709328,0.09522425637547682,0.09522425637547682
69,0,1,0,0,0,0,0,1,1,1,0,1,1,1,0,0,1,0,1,-0.15782132263445048,0.6468608243449303,0.002583528294433392,0.028476690845760766,0.028476690845760766
52,0,0,0,1,0,1,1,0,0,1,0,1,1,1,1,0,0,0,1,1.2597827796748657,0.6796022882225629,0.00328157591746785,0.03539633014558485,0.03539633014558485
11,0,0,1,1,0,1,1,0,0,0,0,1,1,0,0,0,0,1,1,0.6016688001737062,0.8469074549655476,0.009789108115316166,0.08799046091721618,0.08799046091721618
2,1,0,1,0,0,1,1,0,0,0,0,0,0,0,0,0,0,1,1,0.18453089902524356,0.9544211124058478,0.01918286543259826,0.13658902706858933,0.13658902706858933
28,0,0,1,1,1,0,0,1,0,0,0,0,1,0,0,0,0,1,1,-0.9605209491472284,0.7506071373425116,0.0053347764644180165,0.05414016114784159,0.05414016114784159
17,0,0,1,0,0,1,1,0,0,0,1,0,0,0,1,0,0,0,1,0.5933592802305098,0.8045134998853144,0.007534869537132169,0.07190499047148602,0.07190499047148602
35,0,0,0,1,1,1,0,0,0,0,0,0,0,0,0,0,1,0,1,-1.493992129500441,0.7253108322429414,0.004507451042951911,0.04686012202126277,0.04686012202126277
8,0,0,0,0,0,1,0,0,0,0,0,0,0,0,0,1,0,0,1,-1.5155968813527516,0.8743368175545859,0.01156705087089483,0.09935054964947354,0.09935054964947354
46,0,1,0,0,0,1,1,0,0,1,1,0,1,0,1,1,0,0,1,1.0005257574471362,0.6938140321924815,0.003628947567853564,0.038730988089776375,0.038730988089776375
7,1,0,0,0,0,1,1,0,0,0,0,0,0,0,1,0,0,1,1,0.300864178229994,0.8848383086630132,0.012329368360988486,0.10389128471090825,0.10389128471090825
2,1,0,0,0,0,1,1,0,0,0,1,0,0,0,1,0,0,0,0,0.5252212166962984,0.9544211124058478,0.01918286543259826,0.13658902706858933,0.13658902706858933
68,1,1,0,1,1,1,0,1,0,1,1,1,0,1,1,1,0,0,1,0.36567843378692644,0.6485447168747005,0.0026161967996319807,0.028807250213664037,0.028807250213664037
43,1,0,0,0,0,1,1,0,0,1,1,0,1,1,1,0,1,1,1,1.3229351312431585,0.7016186635948665,0.003832182002392298,0.04064972482294138,0.04064972482294138
68,0,0,0,0,0,1,0,1,1,1,1,1,1,1,1,0,1,1,1,0.7761687189808318,0.6485447168747005,0.0026161967996319807,0.028807250213664037,0.028807250213664037
36,0,0,0,0,0,1,1,0,0,1,0,0,1,1,0,0,0,0,1,0.9972019494698574,0.7220842981429184,0.004410087057617903,0.045979950318991825,0.045979950318991825
63,1,1,0,1,0,1,1,0,0,1,1,0,1,1,1,0,0,1,1,1.2830494355158157,0.6573679996492523,0.0027928980105273514,0.030583600220822293,0.030583600220822293
32,0,0,1,0,0,1,0,1,0,1,0,1,0,0,0,0,0,0,0,-0.33730695340749395,0.7355303895625583,0.00482771692436557,0.04972004336955682,0.04972004336955682
71,0,0,0,1,0,1,0,1,1,1,1,1,1,1,1,0,1,0,0,0.6963973275261456,0.6435679119154606,0.0025205988088756303,0.02783802704790539,0.02783802704790539
66,0,0,0,1,1,1,0,1,1,1,1,0,0,0,1,0,0,0,1,0.08814046768416492,0.6519909407703324,0.0026840999053434323,0.029492182160968494,0.029492182160968494
63,0,1,0,0,0,1,0,0,0,0,0,0,0,0,0,1,0,0,0,-1.4723873776481302,0.6573679996492523,0.0027928980105273514,0.030583600220822293,0.030583600220822293
41,0,0,0,0,1,1,0,0,0,0,0,0,0,0,0,1,0,0,1,-1.4806968975913266,0.7071206594283597,0.003981008341391358,0.042040010297382246,0.042040010297382246
1,0,0,1,0,0,1,1,0,0,0,0,0,0,0,1,0,0,1,1,0.24269753862761878,0.9743124842439652,0.02235010364622835,0.1468274853100915,0.1468274853100915
2,1,0,0,0,0,1,1,0,0,0,0,0,1,1,0,0,0,1,1,0.8509543984696,0.9544211124058478,0.01918286543259826,0.13658902706858933,0.13658902706858933
70,0,0,0,1,0,1,0,0,0,0,0,0,0,0,0,0,1,0,0,-1.5072873614095552,0.6452021175658147,0.002551672337160255,0.02815370280249474,0.02815370280249474
23,0,0,0,0,0,0,0,1,0,0,0,0,1,1,0,0,0,1,1,-0.6597163272035164,0.7723876776489026,0.006146116983133188,0.060949762364490456,0.060949762364490456
64,0,0,1,1,0,1,1,0,1,1,1,0,0,1,0,1,0,0,0,1.0703257249699862,0.6555468612609421,0.002755656035094927,0.030210834407233156,0.030210834407233156
37,0,1,0,1,1,1,0,1,1,0,1,1,0,0,1,0,1,0,1,-0.06641660325928941,0.7189405920832638,0.0043169072108659315,0.0451328504105416,0.0451328504105416
17,0,1,0,0,1,1,0,1,0,0,0,0,0,0,0,1,0,0,0,-0.6713496551239915,0.8045134998853144,0.007534869537132169,0.07190499047148602,0.07190499047148602
7,0,0,1,0,0,1,1,0,0,0,0,0,1,1,0,0,0,1,1,0.8094067987536177,0.8848383086630132,0.012329368360988486,0.10389128471090825,0.10389128471090825
4,1,1,0,1,1,1,1,0,0,1,1,0,0,0,1,0,0,0,1,0.664821151741999,0.9221895280070969,0.015517187361763772,0.12087777811840728,0.12087777811840728
21,1,0,1,0,0,0,0,1,1,0,0,0,1,0,0,0,0,1,1,-0.7610924705105133,0.7822470612896891,0.006546583090128551,0.06419686154369075,0.06419686154369075
10,1,0,0,0,0,1,1,0,0,0,0,0,0,1,0,0,0,0,1,0.5135878887758235,0.8554585264638187,0.010313003097985489,0.09145336847937524,0.09145336847937524
16,0,0,1,0,0,1,0,1,1,0,0,0,0,0,1,0,0,1,1,-0.35558789728252604,0.8107173068575363,0.007832475449686212,0.07414442618478301,0.07414442618478301
64,0,1,0,1,0,1,1,0,0,1,0,1,1,1,1,0,1,1,1,1.3445398830954693,0.6555468612609421,0.002755656035094927,0.030210834407233156,0.030210834407233156
27,1,1,1,1,0,0,0,1,1,0,0,0,0,0,0,0,0,0,0,-1.1316970599770755,0.7546760980475697,0.005479040808994945,0.05537422178102336,0.05537422178102336
42,0,1,0,1,1,1,1,0,1,0,0,0,1,1,1,1,0,1,0,1.0736495329472646,0.7043380877631116,0.0039051573709433167,0.0413329850998293,0.0413329850998293
5,0,1,0,0,1,1,0,0,0,0,0,0,0,0,0,0,0,0,0,-1.4823588015799658,0.9085818526659613,0.014256987321705751,0.11453932573635439,0.11453932573635439
41,0,0,0,0,0,1,1,0,0,1,0,1,1,1,0,0,1,0,1,1.1301542685610007,0.7071206594283597,0.003981008341391358,0.042040010297382246,0.042040010297382246
58,0,1,0,1,0,1,0,1,0,0,1,0,0,0,0,1,0,0,0,-0.48189260041911236,0.6669419291751147,0.0029954745981990286,0.0325962586220786,0.0325962586220786
47,0,0,0,0,0,1,0,0,0,0,0,0,0,0,0,0,1,0,1,-1.470725473659491,0.6913226781406935,0.0035659686558325962,0.038131613989117574,0.038131613989117574
18,0,1,0,0,0,1,1,0,0,0,0,1,0,0,0,0,0,0,1,0.3690022417642053,0.798585597100695,0.007259843514731271,0.06980238681281059,0.06980238681281059
5,1,1,0,0,0,1,1,0,0,0,1,0,1,1,0,0,0,0,0,1.0537066850835934,0.9085818526659613,0.014256987321705751,0.11453932573635439,0.11453932573635439
23,0,1,0,1,0,1,0,1,1,0,0,0,0,1,0,0,0,0,1,-0.16114513061172886,0.7723876776489026,0.006146116983133188,0.060949762364490456,0.060949762364490456
1,0,0,0,0,0,1,0,0,0,0,0,0,0,0,0,0,0,0,0,-1.5172587853413912,0.9743124842439652,0.02235010364622835,0.1468274853100915,0.1468274853100915
71,0,1,0,1,0,1,1,0,0,0,1,0,1,1,1,1,0,0,1,1.125168556595083,0.6435679119154606,0.0025205988088756303,0.02783802704790539,0.02783802704790539
72,0,1,0,1,1,1,1,0,1,1,1,1,1,1,1,0,1,0,1,1.5888397694254452,0.6419575496164033,0.002490279067928491,0.027529416300707155,0.027529416300707155
33,0,1,0,1,1,1,0,0,0,0,0,0,0,0,0,1,0,0,0,-1.4690635696708516,0.732029255003116,0.004715929386838689,0.04872789424351476,0.04872789424351476
2,1,1,0,0,0,1,1,0,0,0,0,0,1,0,1,0,0,1,1,0.6930735195488672,0.9544211124058478,0.01918286543259826,0.13658902706858933,0.13658902706858933
24,0,1,0,0,1,0,0,1,1,0,0,1,0,0,0,0,1,0,0,-0.9655066611131462,0.7677256072562019,0.005964174846469762,0.05945002834593771,0.05945002834593771
56,0,0,0,1,1,1,1,0,0,1,1,1,0,1,1,1,0,0,1,1.1617304443451473,0.6710090587453561,0.003085072619735503,0.03347844798497823,0.03347844798497823
37,0,1,0,0,0,1,1,0,0,1,0,0,1,1,0,0,0,0,1,1.0404114531744788,0.7189405920832638,0.0043169072108659315,0.0451328504105416,0.0451328504105416
43,0,0,0,0,0,1,0,1,0,1,1,1,1,1,1,1,0,0,0,0.6747925756738347,0.7016186635948665,0.003832182002392298,0.04064972482294138,0.04064972482294138
1,0,1,0,0,0,0,0,1,0,0,0,0,0,0,0,0,0,0,0,-1.311182690750119,0.9743124842439652,0.02235010364622835,0.1468274853100915,0.1468274853100915
25,1,0,0,1,0,1,1,0,0,0,1,1,1,1,1,0,0,0,1,1.3345684591636338,0.7632263722784222,0.005792955912006608,0.05802443652851541,0.05802443652851541
61,0,0,0,0,0,1,0,1,1,1,1,1,1,1,1,0,1,1,0,0.8260258386400106,0.6611010360108607,0.002870516527482457,0.031357744906887475,0.031357744906887475
17,0,1,0,0,0,1,1,0,0,0,1,1,0,0,1,1,0,1,0,0.7296354072989315,0.8045134998853144,0.007534869537132169,0.07190499047148602,0.07190499047148602
41,0,0,0,1,0,1,1,0,0,1,1,1,0,0,0,1,0,0,1,0.7113544634238993,0.7071206594283597,0.003981008341391358,0.042040010297382246,0.042040010297382246
1,1,1,0,0,0,1,0,1,0,1,0,0,0,0,0,0,0,0,0,-0.4702592724986373,0.9743124842439652,0.02235010364622835,0.1468274853100915,0.1468274853100915
72,0,1,1,1,1,0,0,1,1,1,1,1,1,1,0,0,1,0,1,5.95562862822574e-05,0.6419575496164033,0.002490279067928491,0.027529416300707155,0.027529416300707155
1,1,1,0,0,0,1,1,0,0,1,0,0,0,1,1,0,0,0,1,0.8659115343673532,0.9743124842439652,0.02235010364622835,0.1468274853100915,0.1468274853100915
48,0,1,0,0,0,1,1,0,0,1,1,0,1,1,1,0,1,0,1,1.439268410447909,0.6888828979881829,0.003505164885370563,0.03755076913789834,0.03755076913789834
11,1,1,1,1,0,1,0,0,0,0,0,0,0,0,0,0,0,0,0,-1.4906683215231624,0.8469074549655476,0.009789108115316166,0.08799046091721618,0.08799046091721618
55,1,0,1,1,0,1,1,0,0,1,1,0,0,0,1,0,0,1,1,0.68642590359431,0.6730980579890953,0.0031319345818057722,0.033937922764987416,0.033937922764987416
42,0,0,0,0,0,0,0,1,1,1,1,1,0,1,0,1,0,1,1,-0.3339831454302153,0.7043380877631116,0.0039051573709433167,0.0413329850998293,0.0413329850998293
44,0,1,0,0,0,1,1,0,0,0,1,0,0,1,1,0,0,0,1,0.8509543984696,0.6989597866938809,0.0037619201221218337,0.03998903582240876,0.03998903582240876
1,0,1,0,0,1,1,0,1,0,0,0,0,0,0,0,0,0,1,0,-0.6912925029876631,0.9743124842439652,0.02235010364622835,0.1468274853100915,0.1468274853100915
27,0,0,0,0,0,1,1,0,0,0,0,0,1,1,1,0,0,0,1,1.023792413288086,0.7546760980475697,0.005479040808994945,0.05537422178102336,0.05537422178102336
27,0,1,1,1,0,1,0,1,0,1,1,1,1,1,1,0,0,0,1,0.664821151741999,0.7546760980475697,0.005479040808994945,0.05537422178102336,0.05537422178102336
2,0,0,1,0,0,1,0,1,0,0,0,0,0,0,0,0,0,1,1,-0.6813210790558274,0.9544211124058478,0.01918286543259826,0.13658902706858933,0.13658902706858933
19,0,0,0,0,0,1,0,0,0,0,0,0,0,0,0,0,0,0,0,-1.4923302255118018,0.7929113200145855,0.0070048485392757275,0.06782398836650938,0.06782398836650938
42,0,0,1,1,0,1,1,0,0,0,0,0,1,1,1,0,0,1,1,1.0055114694130538,0.7043380877631116,0.0039051573709433167,0.0413329850998293,0.0413329850998293
66,0,0,0,0,0,1,0,1,1,1,1,1,1,1,1,0,1,0,1,0.8393210705491246,0.6519909407703324,0.0026840999053434323,0.029492182160968494,0.029492182160968494
33,0,1,1,1,0,1,1,0,1,0,1,1,1,1,1,0,0,0,1,1.4990969540389238,0.732029255003116,0.004715929386838689,0.04872789424351476,0.04872789424351476
34,1,0,0,0,0,1,1,0,0,1,0,0,0,0,0,0,0,0,1,0.30418798620727283,0.7286243341114813,0.004609291590527576,0.04777537654084685,0.04777537654084685
33,0,1,1,0,0,0,0,1,0,0,1,1,1,1,0,0,0,1,1,-0.33896885739613314,0.732029255003116,0.004715929386838689,0.04872789424351476,0.04872789424351476
23,0,0,0,1,1,1,0,0,0,0,0,0,0,0,0,1,0,0,0,-1.487344513545884,0.7723876776489026,0.006146116983133188,0.060949762364490456,0.060949762364490456
32,0,0,0,0,0,1,0,0,0,0,0,0,0,0,0,1,0,0,0,-1.4973159374777196,0.7355303895625583,0.00482771692436557,0.04972004336955682,0.04972004336955682
11,0,0,0,0,0,1,0,0,0,0,0,0,0,0,0,1,0,0,0,-1.487344513545884,0.8469074549655476,0.009789108115316166,0.08799046091721618,0.08799046091721618
69,1,1,0,1,1,1,1,0,0,0,1,0,1,1,1,0,0,0,1,1.1517590204133117,0.6468608243449303,0.002583528294433392,0.028476690845760766,0.028476690845760766
68,0,0,0,1,0,1,0,1,1,0,0,1,0,0,0,1,0,0,0,-0.29575935369151163,0.6485447168747005,0.0026161967996319807,0.028807250213664037,0.028807250213664037
20,0,1,0,0,0,1,0,0,0,0,0,0,0,0,0,0,1,0,1,-1.4989778414663588,0.7874709741517664,0.006767715032425889,0.0659587290124013,0.0659587290124013
72,0,1,0,0,0,1,0,0,0,0,0,0,0,0,0,0,1,0,1,-1.4956540334890804,0.6419575496164033,0.002490279067928491,0.027529416300707155,0.027529416300707155
60,0,1,0,1,1,1,1,0,1,0,1,0,1,0,1,1,0,0,1,1.0171447973335292,0.6630148153227823,0.0029109829180785306,0.031759872056746574,0.031759872056746574
32,0,1,1,1,1,1,1,0,0,1,0,0,1,1,0,0,0,0,1,0.9689495816629896,0.7355303895625583,0.00482771692436557,0.04972004336955682,0.04972004336955682
1,1,0,0,0,0,1,0,0,0,0,0,0,0,0,0,0,0,0,1,-1.4923302255118018,0.9743124842439652,0.02235010364622835,0.1468274853100915,0.1468274853100915
1,1,1,0,0,0,1,0,0,0,0,0,0,0,0,0,0,0,0,1,-1.5023016494436374,0.9743124842439652,0.02235010364622835,0.1468274853100915,0.1468274853100915
3,1,1,1,0,0,1,1,0,0,1,0,0,0,0,1,0,0,1,1,0.5501497765258878,0.9373188893787414,0.017092860770546496,0.12812771737333695,0.12812771737333695
46,0,0,0,1,0,1,0,0,0,0,0,0,0,0,1,1,0,0,1,-1.3410969625456262,0.6938140321924815,0.003628947567853564,0.038730988089776375,0.038730988089776375
29,0,0,0,1,0,1,1,0,0,0,0,0,0,0,1,0,0,1,1,0.3374260659800587,0.746664964341879,0.005198070769814978,0.05296124339833497,0.05296124339833497
51,0,1,0,0,0,1,1,0,0,1,1,1,0,0,1,0,0,1,1,0.7495782551626028,0.681854139199785,0.003334724055742794,0.03591111081215892,0.03591111081215892
48,0,0,1,1,0,1,1,0,0,0,0,0,0,0,0,0,0,0,1,0.1945023229570797,0.6888828979881829,0.003505164885370563,0.03755076913789834,0.03755076913789834
16,0,0,0,1,1,1,1,0,0,1,0,0,0,0,0,0,0,0,0,0.28092133036632266,0.8107173068575363,0.007832475449686212,0.07414442618478301,0.07414442618478301
70,0,1,0,1,0,1,1,0,0,1,1,1,0,1,1,0,1,0,1,1.1268304605837223,0.6452021175658147,0.002551672337160255,0.02815370280249474,0.02815370280249474
40,0,0,0,1,1,1,0,0,0,0,0,0,0,0,1,0,1,0,1,-1.3294636346251512,0.7099691459680679,0.004059910336396862,0.04277208089669704,0.04277208089669704
22,1,0,0,1,1,1,1,0,0,1,0,0,0,1,0,0,0,1,0,0.6149640320828202,0.7772239626242997,0.006339847981342745,0.0625297608539006,0.0625297608539006
1,1,0,1,0,0,1,1,0,0,0,1,0,0,0,0,0,0,0,1,0.34905939390053353,0.9743124842439652,0.02235010364622835,0.1468274853100915,0.1468274853100915
5,0,0,0,1,1,1,0,0,0,0,0,0,0,0,1,0,0,0,1,-1.3460826745115442,0.9085818526659613,0.014256987321705751,0.11453932573635439,0.11453932573635439
7,0,0,0,0,0,1,1,0,0,0,0,0,0,0,0,0,0,0,1,0.16791185913885065,0.8848383086630132,0.012329368360988486,0.10389128471090825,0.10389128471090825
29,0,1,0,0,1,1,1,0,0,1,1,1,0,1,1,1,0,0,0,1.1883209081633759,0.746664964341879,0.005198070769814978,0.05296124339833497,0.05296124339833497
44,0,1,0,1,1,1,0,0,0,0,0,0,0,0,1,1,0,0,0,-1.2995493628296437,0.6989597866938809,0.0037619201221218337,0.03998903582240876,0.03998903582240876
10,0,0,0,0,0,0,0,1,1,1,1,0,0,0,0,0,0,0,0,-0.8009781662378562,0.8554585264638187,0.010313003097985489,0.09145336847937524,0.09145336847937524
55,0,0,1,1,0,1,0,1,0,0,0,0,0,0,1,0,0,0,0,-0.43702119272585144,0.6730980579890953,0.0031319345818057722,0.033937922764987416,0.033937922764987416
52,0,1,1,1,0,1,1,0,0,1,1,0,1,1,1,1,0,0,1,1.3395541711295513,0.6796022882225629,0.00328157591746785,0.03539633014558485,0.03539633014558485
10,0,0,0,1,1,1,1,0,0,0,0,0,0,1,1,0,0,1,0,0.7030449434807029,0.8554585264638187,0.010313003097985489,0.09145336847937524,0.09145336847937524
18,0,1,0,0,0,1,1,0,0,0,0,0,0,0,1,0,0,0,1,0.3590308178323692,0.798585597100695,0.007259843514731271,0.06980238681281059,0.06980238681281059
68,0,0,0,1,0,1,0,1,1,0,0,1,0,0,1,1,0,0,0,-0.21764986622546487,0.6485447168747005,0.0026161967996319807,0.028807250213664037,0.028807250213664037
61,1,0,0,1,1,1,0,0,0,0,0,0,0,0,0,0,0,0,1,-1.5089492653981946,0.6611010360108607,0.002870516527482457,0.031357744906887475,0.031357744906887475
72,0,0,0,1,1,0,0,1,1,1,1,1,1,1,0,0,1,0,1,0.013354788195396781,0.6419575496164033,0.002490279067928491,0.027529416300707155,0.027529416300707155
2,0,1,0,0,0,1,0,1,1,0,1,0,0,0,0,0,0,1,0,-0.3771926491348368,0.9544211124058478,0.01918286543259826,0.13658902706858933,0.13658902706858933
12,1,1,0,0,0,1,0,1,0,0,0,0,0,0,0,0,0,0,1,-0.644759191305763,0.8388580793219884,0.009318867014819062,0.08479678961103854,0.08479678961103854
41,0,1,0,1,0,1,0,0,0,0,0,0,0,0,0,0,1,1,1,-1.4973159374777196,0.7071206594283597,0.003981008341391358,0.042040010297382246,0.042040010297382246
26,0,0,0,0,0,0,0,1,0,0,1,1,1,0,0,0,0,0,1,-0.6763353670899094,0.7588796606729277,0.005631521405658712,0.05666748667997901,0.05666748667997901
36,0,1,0,1,0,1,0,0,0,0,0,0,0,0,0,1,0,0,0,-1.4607540497276552,0.7220842981429184,0.004410087057617903,0.045979950318991825,0.045979950318991825
72,0,1,0,1,1,1,1,0,1,1,1,1,1,1,1,0,1,0,1,1.6370349850959847,0.6419575496164033,0.002490279067928491,0.027529416300707155,0.027529416300707155
35,0,1,0,1,0,1,1,0,0,0,0,1,0,1,1,0,0,0,1,0.8326734545945673,0.7253108322429414,0.004507451042951911,0.04686012202126277,0.04686012202126277
1,0,1,0,0,0,1,0,1,0,0,1,1,0,0,0,0,0,0,0,-0.32401172149837965,0.9743124842439652,0.02235010364622835,0.1468274853100915,0.1468274853100915
16,0,0,0,1,1,1,1,0,1,0,1,1,1,1,1,0,0,1,1,1.6004730973459205,0.8107173068575363,0.007832475449686212,0.07414442618478301,0.07414442618478301
49,0,0,1,0,0,1,1,0,1,0,0,0,1,1,1,0,0,0,0,1.2215589879361617,0.6864927538867036,0.0034464244917631367,0.03698759780359384,0.03698759780359384
54,0,0,0,1,0,1,1,0,1,1,1,1,1,1,1,1,0,0,1,1.6569778329596565,0.6752256920763566,0.003180258311786613,0.03441034838970081,0.03441034838970081
18,0,0,0,0,1,1,0,1,1,0,0,0,0,1,1,0,0,1,0,5.95562862822574e-05,0.798585597100695,0.007259843514731271,0.06980238681281059,0.06980238681281059
36,0,0,0,1,0,1,1,0,0,0,0,0,0,1,0,0,0,1,0,0.5185736007417416,0.7220842981429184,0.004410087057617903,0.045979950318991825,0.045979950318991825
60,1,0,0,0,0,1,1,0,0,1,1,0,1,1,1,0,0,1,1,1.3661446349477804,0.6630148153227823,0.0029109829180785306,0.031759872056746574,0.031759872056746574
1,1,0,0,0,0,1,1,0,0,0,0,0,0,0,0,0,0,0,0,0.15794043520701498,0.9743124842439652,0.02235010364622835,0.1468274853100915,0.1468274853100915
52,0,0,0,1,1,1,0,0,0,0,0,0,0,0,1,0,1,0,1,-1.3211541146819548,0.6796022882225629,0.00328157591746785,0.03539633014558485,0.03539633014558485
8,0,1,0,1,1,1,1,0,0,0,1,0,1,1,0,0,0,1,1,0.9955400454812182,0.8743368175545859,0.01156705087089483,0.09935054964947354,0.09935054964947354
72,0,1,0,1,1,1,1,0,1,1,0,1,1,1,0,0,1,0,0,1.352849403038666,0.6419575496164033,0.002490279067928491,0.027529416300707155,0.027529416300707155
64,0,0,0,0,0,1,0,0,0,0,0,0,0,0,1,1,0,0,0,-1.3327874426024295,0.6555468612609421,0.002755656035094927,0.030210834407233156,0.030210834407233156
22,0,0,1,0,0,1,0,1,1,0,1,1,0,1,0,0,0,0,1,0.16458805116157224,0.7772239626242997,0.006339847981342745,0.0625297608539006,0.0625297608539006
60,0,1,0,1,0,0,0,1,0,1,1,1,1,1,0,0,0,0,1,-0.1528356106685324,0.6630148153227823,0.0029109829180785306,0.031759872056746574,0.031759872056746574
28,1,0,0,1,1,1,1,0,0,0,0,0,0,1,0,0,0,1,1,0.5401783525940521,0.7506071373425116,0.0053347764644180165,0.05414016114784159,0.05414016114784159
61,0,0,0,1,0,1,0,0,0,0,0,0,0,0,1,0,1,0,0,-1.3427588665342656,0.6611010360108607,0.002870516527482457,0.031357744906887475,0.031357744906887475
24,0,0,0,0,0,1,1,0,0,1,1,0,1,1,1,0,0,1,1,1.3079779953454052,0.7677256072562019,0.005964174846469762,0.05945002834593771,0.05945002834593771
28,0,1,0,1,1,1,1,0,0,1,1,1,1,0,0,1,0,0,0,0.9340495979015645,0.7506071373425116,0.0053347764644180165,0.05414016114784159,0.05414016114784159
30,0,0,0,1,1,1,0,1,0,1,1,1,1,1,0,0,1,0,0,0.5318688326508556,0.7428424163487329,0.0050683354621543905,0.051833777579476825,0.051833777579476825
2,0,1,0,1,0,1,0,0,0,0,0,0,0,0,0,0,0,0,0,-1.4890064175345232,0.9544211124058478,0.01918286543259826,0.13658902706858933,0.13658902706858933
1,0,1,0,0,0,1,1,0,0,0,0,0,0,0,1,0,0,1,1,0.34241177794597627,0.9743124842439652,0.02235010364622835,0.1468274853100915,0.1468274853100915
6,0,1,0,0,1,1,0,0,0,0,0,0,0,0,0,0,0,0,0,-1.5006397454549982,0.8962011910421149,0.01321361285882388,0.10892151775419001,0.10892151775419001
24,0,0,0,1,0,1,0,1,0,1,0,0,1,1,0,0,0,0,1,0.1546166272297366,0.7677256072562019,0.005964174846469762,0.05945002834593771,0.05945002834593771
4,1,1,0,1,1,1,1,0,0,0,1,0,1,1,1,0,0,1,0,1.2082637560270477,0.9221895280070969,0.015517187361763772,0.12087777811840728,0.12087777811840728
7,1,1,0,0,0,1,1,0,0,1,0,0,1,1,1,0,0,1,1,1.1633923483337865,0.8848383086630132,0.012329368360988486,0.10389128471090825,0.10389128471090825
72,0,1,1,1,0,1,1,0,1,1,1,1,1,1,1,0,1,0,1,1.7035111446415563,0.6419575496164033,0.002490279067928491,0.027529416300707155,0.027529416300707155
70,0,1,0,0,0,0,0,1,0,0,0,1,0,1,0,0,1,0,1,-0.8225829180901671,0.6452021175658147,0.002551672337160255,0.02815370280249474,0.02815370280249474
64,0,1,1,1,0,1,1,0,0,0,1,1,1,1,1,0,1,1,0,1.239839931811194,0.6555468612609421,0.002755656035094927,0.030210834407233156,0.030210834407233156
72,0,1,0,1,1,1,1,0,0,1,0,0,1,0,1,1,0,1,1,0.8276877426286497,0.6419575496164033,0.002490279067928491,0.027529416300707155,0.027529416300707155
44,0,0,0,0,1,1,0,0,0,0,0,0,0,0,0,0,1,0,0,-1.4923302255118018,0.6989597866938809,0.0037619201221218337,0.03998903582240876,0.03998903582240876
13,1,0,0,1,1,1,0,1,0,0,0,0,0,1,0,0,0,1,0,-0.2940974497028722,0.8312566322761956,0.008894046614766308,0.0818402613059327,0.0818402613059327
17,0,0,1,0,0,1,0,0,0,0,0,0,0,0,0,1,0,0,0,-1.4674016656822124,0.8045134998853144,0.007534869537132169,0.07190499047148602,0.07190499047148602
1,1,1,0,0,0,1,0,1,0,0,0,0,0,1,0,0,0,1,1,-0.32567362548701884,0.9743124842439652,0.02235010364622835,0.1468274853100915,0.1468274853100915
9,0,1,0,1,0,1,0,1,0,0,1,0,1,1,0,0,0,0,1,0.1745594750934079,0.8645756330248363,0.010901071741709328,0.09522425637547682,0.09522425637547682
24,0,1,0,1,0,1,0,1,1,0,0,1,0,0,0,0,0,0,0,-0.37220693716891895,0.7677256072562019,0.005964174846469762,0.05945002834593771,0.05945002834593771
1,1,0,0,1,1,1,1,0,0,1,0,0,0,0,0,0,0,1,1,0.32911654603686225,0.9743124842439652,0.02235010364622835,0.1468274853100915,0.1468274853100915
24,1,1,0,0,0,1,1,0,0,1,0,0,0,0,1,0,0,1,1,0.5135878887758235,0.7677256072562019,0.005964174846469762,0.05945002834593771,0.05945002834593771
35,0,1,1,1,1,1,0,1,0,1,0,1,1,1,0,0,0,1,1,0.37398795373012295,0.7253108322429414,0.004507451042951911,0.04686012202126277,0.04686012202126277
7,0,0,0,1,1,1,0,1,1,1,1,1,1,0,0,0,0,1,1,0.36235462580964806,0.8848383086630132,0.012329368360988486,0.10389128471090825,0.10389128471090825
5,1,1,0,0,0,1,1,0,0,0,0,1,1,1,0,0,0,1,1,1.0404114531744788,0.9085818526659613,0.014256987321705751,0.11453932573635439,0.11453932573635439
15,1,0,0,0,1,1,1,0,0,0,0,0,0,0,0,0,0,0,0,0.13965949133198285,0.817222359631732,0.00815567933565363,0.07653518145581295,0.07653518145581295
11,0,1,0,1,1,1,0,0,0,0,0,0,0,0,0,0,1,0,0,-1.5006397454549982,0.8469074549655476,0.009789108115316166,0.08799046091721618,0.08799046091721618
48,1,0,0,1,0,0,0,1,1,0,1,0,0,1,0,0,0,0,1,-0.6480829992830416,0.6888828979881829,0.003505164885370563,0.03755076913789834,0.03755076913789834
20,0,0,1,0,0,1,1,0,0,0,0,0,0,1,0,0,0,1,1,0.5534735845031666,0.7874709741517664,0.006767715032425889,0.0659587290124013,0.0659587290124013
72,0,0,0,1,0,1,1,0,0,1,1,1,1,1,1,1,0,0,1,1.4525636423570234,0.6419575496164033,0.002490279067928491,0.027529416300707155,0.027529416300707155
8,1,0,0,1,1,1,1,0,0,1,0,0,1,0,0,0,0,1,1,0.6232735520260166,0.8743368175545859,0.01156705087089483,0.09935054964947354,0.09935054964947354
72,0,1,0,1,1,1,1,0,0,0,0,0,0,1,1,0,1,0,1,0.6548497278101634,0.6419575496164033,0.002490279067928491,0.027529416300707155,0.027529416300707155
15,0,0,0,0,0,1,1,0,0,1,0,0,1,1,1,0,0,1,1,1.175025676254262,0.817222359631732,0.00815567933565363,0.07653518145581295,0.07653518145581295
72,0,1,0,0,0,1,0,1,0,1,1,1,1,1,1,0,1,0,1,0.7911258548785851,0.6419575496164033,0.002490279067928491,0.027529416300707155,0.027529416300707155
1,1,1,0,0,1,1,1,0,0,0,0,0,0,0,1,0,0,1,1,0.3174832181163869,0.9743124842439652,0.02235010364622835,0.1468274853100915,0.1468274853100915
63,0,1,0,1,1,1,1,0,0,1,1,0,1,1,1,0,1,0,1,1.3295827471977157,0.6573679996492523,0.0027928980105273514,0.030583600220822293,0.030583600220822293
2,0,0,0,0,0,1,0,1,0,1,0,0,1,0,0,0,0,1,1,-0.1927213063958755,0.9544211124058478,0.01918286543259826,0.13658902706858933,0.13658902706858933
2,1,0,0,1,0,1,1,0,1,0,0,0,0,0,0,0,0,1,1,0.31914512210502655,0.9544211124058478,0.01918286543259826,0.13658902706858933,0.13658902706858933
61,0,1,1,1,0,1,0,1,0,1,0,0,0,1,1,1,0,0,0,-0.02486900354330712,0.6611010360108607,0.002870516527482457,0.031357744906887475,0.031357744906887475
1,0,1,0,0,0,1,0,0,0,0,0,0,0,0,0,0,0,0,0,-1.4757111856254088,0.9743124842439652,0.02235010364622835,0.1468274853100915,0.1468274853100915
22,1,1,0,0,0,0,0,1,0,1,1,0,0,1,0,1,0,0,1,-0.6996020229308595,0.7772239626242997,0.006339847981342745,0.0625297608539006,0.0625297608539006
28,0,1,0,1,0,1,0,1,1,1,0,1,0,0,0,0,0,0,0,-0.12956895482758246,0.7506071373425116,0.0053347764644180165,0.05414016114784159,0.05414016114784159
70,0,0,0,1,0,1,0,0,0,0,0,0,0,0,0,0,1,0,0,-1.4956540334890804,0.6452021175658147,0.002551672337160255,0.02815370280249474,0.02815370280249474
5,1,0,1,0,0,0,0,1,0,1,0,0,0,0,0,0,0,1,0,-1.2081446434544827,0.9085818526659613,0.014256987321705751,0.11453932573635439,0.11453932573635439
12,1,0,0,0,0,1,1,0,1,1,1,0,0,1,1,0,0,0,1,1.160068540356508,0.8388580793219884,0.009318867014819062,0.08479678961103854,0.08479678961103854
34,0,1,0,0,0,1,1,0,1,1,1,1,1,1,1,1,0,0,0,1.7101587605961137,0.7286243341114813,0.004609291590527576,0.04777537654084685,0.04777537654084685
71,0,0,1,1,0,1,1,0,1,0,0,0,0,0,1,0,1,0,1,0.5285450246735772,0.6435679119154606,0.0025205988088756303,0.02783802704790539,0.02783802704790539
70,0,0,0,1,1,1,0,1,1,0,0,0,0,1,1,1,0,0,0,0.013354788195396781,0.6452021175658147,0.002551672337160255,0.02815370280249474,0.02815370280249474
52,0,0,0,1,1,1,1,0,1,0,1,1,0,0,0,0,0,0,1,0.6398925919124097,0.6796022882225629,0.00328157591746785,0.03539633014558485,0.03539633014558485
69,0,1,0,0,1,1,0,1,1,1,1,1,1,0,1,0,1,0,1,0.48699742495759496,0.6468608243449303,0.002583528294433392,0.028476690845760766,0.028476690845760766
20,1,0,1,0,0,1,1,0,0,1,1,0,0,1,1,0,0,1,1,0.9739352936289072,0.7874709741517664,0.006767715032425889,0.0659587290124013,0.0659587290124013
11,0,1,0,0,1,1,1,0,0,0,1,0,0,0,1,0,0,0,1,0.4388022092870554,0.8469074549655476,0.009789108115316166,0.08799046091721618,0.08799046091721618
2,1,1,0,1,0,1,1,0,0,0,0,1,1,1,0,0,0,1,1,0.977259101606186,0.9544211124058478,0.01918286543259826,0.13658902706858933,0.13658902706858933
6,1,0,0,1,1,1,1,0,0,0,0,1,0,0,1,0,0,1,1,0.52189740871902,0.8962011910421149,0.01321361285882388,0.10892151775419001,0.10892151775419001
1,0,0,0,0,0,1,0,0,0,0,0,0,0,0,0,0,0,0,0,-1.493992129500441,0.9743124842439652,0.02235010364622835,0.1468274853100915,0.1468274853100915
20,0,1,1,1,1,1,1,0,1,0,1,1,0,1,0,1,0,0,0,0.9805829095834644,0.7874709741517664,0.006767715032425889,0.0659587290124013,0.0659587290124013
61,0,1,0,0,0,1,1,0,1,0,1,0,1,1,1,0,0,1,1,1.3844255788228126,0.6611010360108607,0.002870516527482457,0.031357744906887475,0.031357744906887475
5,1,0,1,1,0,1,1,0,0,0,0,0,0,0,1,0,0,1,1,0.3174832181163869,0.9085818526659613,0.014256987321705751,0.11453932573635439,0.11453932573635439
56,0,0,0,0,0,1,1,0,0,1,0,1,1,1,1,0,0,0,1,1.3511874990500268,0.6710090587453561,0.003085072619735503,0.03347844798497823,0.03347844798497823
30,0,1,0,0,0,1,1,0,1,1,1,1,0,0,1,0,0,0,1,1.0038495654244146,0.7428424163487329,0.0050683354621543905,0.051833777579476825,0.051833777579476825
40,1,1,0,0,0,1,1,0,0,0,1,1,1,1,1,0,0,0,0,1.3295827471977157,0.7099691459680679,0.004059910336396862,0.04277208089669704,0.04277208089669704
28,0,0,0,0,0,1,0,1,1,0,0,1,0,0,0,1,0,0,0,-0.348940281327969,0.7506071373425116,0.0053347764644180165,0.05414016114784159,0.05414016114784159
5,0,0,1,1,0,1,1,0,0,0,0,0,0,0,0,0,0,1,0,0.1745594750934079,0.9085818526659613,0.014256987321705751,0.11453932573635439,0.11453932573635439
27,1,0,1,1,0,1,1,0,1,0,0,0,0,0,0,0,0,0,1,0.34573558592325515,0.7546760980475697,0.005479040808994945,0.05537422178102336,0.05537422178102336
12,0,1,0,0,0,1,0,0,0,0,0,0,0,0,0,0,0,0,0,-1.487344513545884,0.8388580793219884,0.009318867014819062,0.08479678961103854,0.08479678961103854
67,0,1,0,1,1,1,1,0,0,1,1,0,1,1,1,1,0,1,1,1.3495255950613876,0.6502545080837984,0.0026497095459112013,0.029145652408135048,0.029145652408135048
29,0,1,1,1,0,1,0,1,0,0,0,0,0,0,1,0,0,1,1,-0.43868309671449063,0.746664964341879,0.005198070769814978,0.05296124339833497,0.05296124339833497
55,0,1,0,1,1,1,1,0,0,0,0,0,0,1,1,0,0,0,0,0.6880878075829492,0.6730980579890953,0.0031319345818057722,0.033937922764987416,0.033937922764987416
23,1,0,0,0,0,1,1,0,0,0,0,0,0,0,1,0,0,0,0,0.3590308178323692,0.7723876776489026,0.006146116983133188,0.060949762364490456,0.060949762364490456
34,1,1,0,1,0,1,1,0,0,0,1,0,1,1,1,0,0,1,1,1.171701868276983,0.7286243341114813,0.004609291590527576,0.04777537654084685,0.04777537654084685
52,0,1,0,0,0,1,1,0,1,0,1,0,1,0,0,1,0,1,0,0.8792067662764678,0.6796022882225629,0.00328157591746785,0.03539633014558485,0.03539633014558485
72,0,1,1,1,1,1,1,0,1,1,1,1,1,1,1,0,1,0,1,1.6935397207097207,0.6419575496164033,0.002490279067928491,0.027529416300707155,0.027529416300707155
58,0,1,0,1,1,1,1,0,0,1,0,1,1,0,1,1,0,0,1,0.9938781414925789,0.6669419291751147,0.0029954745981990286,0.0325962586220786,0.0325962586220786
35,0,1,0,1,1,1,0,0,0,0,0,0,0,0,0,0,1,0,0,-1.5023016494436374,0.7253108322429414,0.004507451042951911,0.04686012202126277,0.04686012202126277
56,0,0,1,0,0,1,1,0,0,1,1,1,1,0,1,0,1,0,1,1.1667161563110655,0.6710090587453561,0.003085072619735503,0.03347844798497823,0.03347844798497823
24,0,0,0,1,1,1,0,0,0,0,0,0,0,0,0,0,1,0,1,-1.4524445297844586,0.7677256072562019,0.005964174846469762,0.05945002834593771,0.05945002834593771
70,0,1,0,1,1,1,0,0,0,0,0,0,0,0,0,0,1,0,0,-1.487344513545884,0.6452021175658147,0.002551672337160255,0.02815370280249474,0.02815370280249474
2,0,1,0,0,0,1,1,0,0,0,0,0,1,0,0,0,0,1,1,0.5036164648439879,0.9544211124058478,0.01918286543259826,0.13658902706858933,0.13658902706858933
68,0,1,1,1,1,1,1,0,0,0,1,1,1,1,1,1,0,0,1,1.4076922346637628,0.6485447168747005,0.0026161967996319807,0.028807250213664037,0.028807250213664037
1,1,0,0,0,0,1,1,0,0,0,0,0,0,1,1,0,0,1,1,0.6714687676965563,0.9743124842439652,0.02235010364622835,0.1468274853100915,0.1468274853100915
12,0,1,0,0,0,1,1,0,0,0,1,0,1,0,1,0,0,1,1,0.8227020306627317,0.8388580793219884,0.009318867014819062,0.08479678961103854,0.08479678961103854
63,0,0,0,1,0,1,1,0,0,1,0,0,0,0,1,0,0,0,1,0.556797392480445,0.6573679996492523,0.0027928980105273514,0.030583600220822293,0.030583600220822293
33,0,0,0,1,1,1,0,1,1,1,1,0,0,0,0,1,0,0,1,-0.2110022502709076,0.732029255003116,0.004715929386838689,0.04872789424351476,0.04872789424351476
69,0,0,0,1,0,1,1,0,0,1,0,0,1,1,0,1,0,0,1,1.0254543172767256,0.6468608243449303,0.002583528294433392,0.028476690845760766,0.028476690845760766
60,0,0,0,1,1,1,0,1,0,1,1,1,1,1,0,0,1,0,1,0.5252212166962984,0.6630148153227823,0.0029109829180785306,0.031759872056746574,0.031759872056746574
72,0,0,0,1,1,1,1,0,1,1,1,1,1,1,1,0,1,0,1,1.605458809311838,0.6419575496164033,0.002490279067928491,0.027529416300707155,0.027529416300707155
11,0,0,0,0,0,1,0,1,0,0,0,0,0,1,1,0,0,0,1,-0.1943832103845147,0.8469074549655476,0.009789108115316166,0.08799046091721618,0.08799046091721618
1,0,0,0,0,0,1,0,0,0,0,0,0,0,0,0,0,0,0,0,-1.5039635534322768,0.9743124842439652,0.02235010364622835,0.1468274853100915,0.1468274853100915
10,1,1,0,0,0,1,1,0,0,0,0,0,1,0,1,0,0,0,1,0.7063687514579813,0.8554585264638187,0.010313003097985489,0.09145336847937524,0.09145336847937524
13,1,1,0,0,0,0,0,1,1,0,0,1,1,0,0,0,0,0,1,-0.6397734793398451,0.8312566322761956,0.008894046614766308,0.0818402613059327,0.0818402613059327
34,0,1,0,1,1,1,1,0,0,0,0,0,0,1,0,1,0,0,1,0.47037838507120205,0.7286243341114813,0.004609291590527576,0.04777537654084685,0.04777537654084685
39,1,1,0,1,1,1,1,0,0,1,0,0,1,0,0,0,0,0,1,0.7146782714011778,0.7128864964214463,0.00414205349534239,0.043530572366621945,0.043530572366621945
65,0,0,0,0,0,1,1,0,0,1,0,1,1,1,1,1,0,0,1,1.3378922671409121,0.6537547892731487,0.002719403042122667,0.02984713825493901,0.02984713825493901
50,0,1,1,1,0,1,1,0,1,1,1,0,1,0,1,1,0,0,1,1.2331923158566371,0.6841504128114664,0.003389643293482253,0.03644129666249096,0.03644129666249096
15,0,1,0,0,0,1,0,0,0,0,0,0,0,0,0,0,0,0,0,-1.4973159374777196,0.817222359631732,0.00815567933565363,0.07653518145581295,0.07653518145581295
72,0,1,0,1,1,1,1,0,1,1,1,0,1,1,1,0,1,0,1,1.5123921859480378,0.6419575496164033,0.002490279067928491,0.027529416300707155,0.027529416300707155
72,0,0,0,1,1,1,1,0,1,1,1,1,1,1,1,0,1,0,1,1.6885540087438027,0.6419575496164033,0.002490279067928491,0.027529416300707155,0.027529416300707155
55,0,1,0,1,1,1,0,0,0,0,0,0,0,0,0,0,1,0,0,-1.5106111693868338,0.6730980579890953,0.0031319345818057722,0.033937922764987416,0.033937922764987416
23,0,0,0,1,1,1,0,0,0,0,0,0,0,0,1,0,1,0,1,-1.3028731708069223,0.7723876776489026,0.006146116983133188,0.060949762364490456,0.060949762364490456
32,1,1,0,0,0,1,1,0,0,1,0,0,0,0,1,0,0,0,1,0.5169116967531019,0.7355303895625583,0.00482771692436557,0.04972004336955682,0.04972004336955682
56,0,0,0,1,1,1,0,1,1,0,1,0,0,1,1,1,0,0,1,0.1313499713887864,0.6710090587453561,0.003085072619735503,0.03347844798497823,0.03347844798497823
1,0,0,0,0,0,1,0,0,0,0,0,0,0,0,0,0,0,0,0,-1.4923302255118018,0.9743124842439652,0.02235010364622835,0.1468274853100915,0.1468274853100915
38,0,1,0,0,0,1,0,1,1,1,0,1,1,0,0,1,0,0,0,0.19284041896844,0.7158758576100376,0.0042276442662364,0.04431696426317133,0.04431696426317133
11,0,1,0,0,0,1,1,0,0,0,0,0,0,0,0,0,0,1,0,0.17954518705932596,0.8469074549655476,0.009789108115316166,0.08799046091721618,0.08799046091721618
1,0,1,0,0,0,1,0,1,0,0,0,1,0,0,0,0,0,1,1,-0.5151306801918982,0.9743124842439652,0.02235010364622835,0.1468274853100915,0.1468274853100915
56,0,1,0,1,0,1,1,0,0,1,0,1,1,1,1,1,0,1,1,1.4110160426410412,0.6710090587453561,0.003085072619735503,0.03347844798497823,0.03347844798497823
3,0,1,0,1,0,1,0,0,0,0,0,0,0,0,1,0,0,0,1,-1.3693493303524942,0.9373188893787414,0.017092860770546496,0.12812771737333695,0.12812771737333695
7,0,1,0,1,1,1,0,1,1,0,0,0,1,1,0,0,0,0,0,0.16292614717293305,0.8848383086630132,0.012329368360988486,0.10389128471090825,0.10389128471090825
59,0,1,0,1,1,1,1,0,0,0,1,0,1,1,1,0,1,0,1,1.1534209244019509,0.6649614286359096,0.0029526183444970946,0.03217256791019485,0.03217256791019485
7,0,1,0,0,0,1,0,1,0,0,1,1,1,0,0,0,0,0,0,-0.016559483600110662,0.8848383086630132,0.012329368360988486,0.10389128471090825,0.10389128471090825
71,0,1,0,1,1,1,0,1,1,0,1,1,0,1,0,0,1,0,1,0.2011499389116365,0.6435679119154606,0.0025205988088756303,0.02783802704790539,0.02783802704790539
15,0,1,0,1,1,1,1,0,1,0,0,1,1,1,0,1,0,1,0,1.2331923158566371,0.817222359631732,0.00815567933565363,0.07653518145581295,0.07653518145581295
71,0,1,0,1,0,1,0,1,1,1,0,1,1,0,1,0,1,0,0,0.2892308503095191,0.6435679119154606,0.0025205988088756303,0.02783802704790539,0.02783802704790539
35,1,0,0,0,0,1,1,0,0,0,1,0,1,1,1,0,0,1,1,1.1783494842315403,0.7253108322429414,0.004507451042951911,0.04686012202126277,0.04686012202126277
11,0,0,0,0,0,0,0,1,0,1,1,1,0,0,0,1,0,0,1,-0.8109495901696921,0.8469074549655476,0.009789108115316166,0.08799046091721618,0.08799046091721618
60,0,0,0,1,1,1,0,0,0,0,0,0,0,0,0,0,1,0,1,-1.5139349773641124,0.6630148153227823,0.0029109829180785306,0.031759872056746574,0.031759872056746574
47,0,1,1,0,0,1,0,1,0,1,0,1,0,0,1,0,1,0,0,-0.17277845853220394,0.6913226781406935,0.0035659686558325962,0.038131613989117574,0.038131613989117574
11,0,0,0,0,0,1,0,1,0,0,1,1,0,1,0,1,0,0,0,0.0033833642635611246,0.8469074549655476,0.009789108115316166,0.08799046091721618,0.08799046091721618
56,1,1,0,1,0,1,1,0,0,1,0,0,1,1,1,1,0,0,0,1.1800113882201795,0.6710090587453561,0.003085072619735503,0.03347844798497823,0.03347844798497823
28,0,0,1,1,0,1,1,0,0,1,1,1,1,1,1,0,0,1,1,1.53067312982307,0.7506071373425116,0.0053347764644180165,0.05414016114784159,0.05414016114784159
61,0,1,0,1,0,1,0,1,1,1,0,1,1,1,0,0,1,0,1,0.5401783525940521,0.6611010360108607,0.002870516527482457,0.031357744906887475,0.031357744906887475
31,0,1,0,1,1,1,1,0,1,0,1,0,1,0,1,1,0,0,0,1.1052257087314112,0.7391329118702427,0.004945042598351195,0.05075440110013929,0.05075440110013929
9,0,1,0,0,0,1,1,0,0,0,0,0,0,0,0,0,0,1,1,0.18951661099116163,0.8645756330248363,0.010901071741709328,0.09522425637547682,0.09522425637547682
35,0,1,1,1,0,1,1,0,1,1,0,0,0,1,1,0,0,1,1,0.9888924295266609,0.7253108322429414,0.004507451042951911,0.04686012202126277,0.04686012202126277
2,0,1,0,0,0,1,0,0,0,0,0,0,0,0,0,0,0,0,1,-1.5006397454549982,0.9544211124058478,0.01918286543259826,0.13658902706858933,0.13658902706858933
12,1,0,0,1,1,1,0,0,0,0,0,0,0,0,0,0,0,0,0,-1.522244497307309,0.8388580793219884,0.009318867014819062,0.08479678961103854,0.08479678961103854
1,1,0,0,0,0,1,1,0,1,0,0,0,0,0,0,0,0,0,0,0.34905939390053353,0.9743124842439652,0.02235010364622835,0.1468274853100915,0.1468274853100915
4,1,0,1,0,0,1,1,0,0,0,1,0,1,0,1,0,0,1,1,0.8110687027422568,0.9221895280070969,0.015517187361763772,0.12087777811840728,0.12087777811840728
1,0,0,0,1,1,1,0,0,0,0,0,0,0,0,0,0,0,0,1,-1.522244497307309,0.9743124842439652,0.02235010364622835,0.1468274853100915,0.1468274853100915
3,0,0,0,0,0,1,0,0,0,0,0,0,0,0,0,0,0,0,1,-1.4890064175345232,0.9373188893787414,0.017092860770546496,0.12812771737333695,0.12812771737333695
1,1,0,1,0,0,1,1,0,0,0,0,0,1,0,1,0,0,1,1,0.6947354235375064,0.9743124842439652,0.02235010364622835,0.1468274853100915,0.1468274853100915
52,0,1,0,0,0,1,0,1,1,1,0,0,1,0,0,0,1,0,1,-0.05145946736153569,0.6796022882225629,0.00328157591746785,0.03539633014558485,0.03539633014558485
5,0,1,0,1,1,1,0,0,0,0,0,0,0,0,0,1,0,0,0,-1.4856826095572444,0.9085818526659613,0.014256987321705751,0.11453932573635439,0.11453932573635439
72,0,1,0,1,0,1,1,0,1,1,1,0,0,1,1,0,1,1,1,1.141787596481476,0.6419575496164033,0.002490279067928491,0.027529416300707155,0.027529416300707155
71,0,1,0,1,1,1,0,1,1,1,1,1,1,1,1,0,1,1,0,0.8509543984696,0.6435679119154606,0.0025205988088756303,0.02783802704790539,0.02783802704790539
72,0,1,0,1,0,1,1,0,1,0,1,1,1,1,1,0,1,0,1,1.5655731135844955,0.6419575496164033,0.002490279067928491,0.027529416300707155,0.027529416300707155
46,0,1,0,1,1,1,0,0,0,0,0,0,0,0,1,1,0,1,0,-1.3261398266478726,0.6938140321924815,0.003628947567853564,0.038730988089776375,0.038730988089776375
63,0,1,0,1,1,1,0,1,1,1,1,0,1,1,1,0,1,0,0,0.6216116480373775,0.6573679996492523,0.0027928980105273514,0.030583600220822293,0.030583600220822293
30,0,1,0,0,0,1,1,0,1,1,1,0,0,0,0,0,0,0,1,0.6482021118556061,0.7428424163487329,0.0050683354621543905,0.051833777579476825,0.051833777579476825
1,0,1,0,0,0,1,0,1,0,0,0,0,0,0,0,0,0,0,0,-0.6381115753512057,0.9743124842439652,0.02235010364622835,0.1468274853100915,0.1468274853100915
12,1,0,0,0,0,1,0,1,1,0,1,1,0,0,1,0,0,0,1,-0.10464039499799307,0.8388580793219884,0.009318867014819062,0.08479678961103854,0.08479678961103854
16,0,1,0,0,0,0,0,1,1,1,1,1,1,0,0,0,1,0,0,-0.3306593374529367,0.8107173068575363,0.007832475449686212,0.07414442618478301,0.07414442618478301
4,0,1,0,0,0,1,0,1,0,0,0,1,0,1,1,0,0,0,0,0.024988116115871636,0.9221895280070969,0.015517187361763772,0.12087777811840728,0.12087777811840728
51,0,1,0,1,0,1,1,0,0,1,0,0,0,1,1,1,0,0,1,0.8492924944809603,0.681854139199785,0.003334724055742794,0.03591111081215892,0.03591111081215892
65,0,1,0,1,0,1,0,0,0,0,0,0,0,0,0,0,1,0,1,-1.4757111856254088,0.6537547892731487,0.002719403042122667,0.02984713825493901,0.02984713825493901
16,0,1,0,0,0,1,1,0,0,0,0,1,0,0,0,0,0,0,1,0.3241308340709442,0.8107173068575363,0.007832475449686212,0.07414442618478301,0.07414442618478301
2,0,1,0,0,0,1,0,0,0,0,0,0,0,0,0,1,0,0,0,-1.4906683215231624,0.9544211124058478,0.01918286543259826,0.13658902706858933,0.13658902706858933
66,0,0,0,1,1,1,1,0,0,0,0,0,0,0,1,1,0,0,1,0.31415941013910853,0.6519909407703324,0.0026840999053434323,0.029492182160968494,0.029492182160968494
46,0,1,0,0,0,1,1,0,0,1,1,1,1,1,1,0,1,1,0,1.4575493543229414,0.6938140321924815,0.003628947567853564,0.038730988089776375,0.038730988089776375
32,0,0,0,0,0,1,1,0,1,0,1,1,1,1,1,1,0,0,1,1.4874636261184484,0.7355303895625583,0.00482771692436557,0.04972004336955682,0.04972004336955682
72,0,1,0,1,0,1,0,1,1,0,1,1,1,1,1,0,1,0,0,0.7263115993216531,0.6419575496164033,0.002490279067928491,0.027529416300707155,0.027529416300707155
38,0,1,0,1,1,1,0,1,1,0,1,1,1,1,0,0,1,0,0,0.5385164486054129,0.7158758576100376,0.0042276442662364,0.04431696426317133,0.04431696426317133
51,0,1,0,0,1,1,0,1,0,0,0,1,0,0,0,1,0,0,0,-0.5633258958624375,0.681854139199785,0.003334724055742794,0.03591111081215892,0.03591111081215892
72,0,1,0,1,1,1,1,0,1,1,1,1,1,1,1,0,1,0,0,1.6536540249823777,0.6419575496164033,0.002490279067928491,0.027529416300707155,0.027529416300707155
65,1,0,1,1,0,1,1,0,1,0,1,0,1,1,1,0,0,0,0,1.3445398830954693,0.6537547892731487,0.002719403042122667,0.02984713825493901,0.02984713825493901
9,1,1,0,1,1,0,0,1,0,1,0,0,0,0,0,0,0,1,1,-1.1582875237953039,0.8645756330248363,0.010901071741709328,0.09522425637547682,0.09522425637547682
9,1,0,0,1,1,1,0,1,1,1,1,1,0,0,0,0,0,0,0,0.006707172240839519,0.8645756330248363,0.010901071741709328,0.09522425637547682,0.09522425637547682
66,0,1,0,0,1,1,0,0,0,0,0,0,0,0,0,0,1,0,0,-1.470725473659491,0.6519909407703324,0.0026840999053434323,0.029492182160968494,0.029492182160968494
44,0,0,1,0,0,1,1,0,1,1,1,0,1,1,1,1,0,0,1,1.495773146061645,0.6989597866938809,0.0037619201221218337,0.03998903582240876,0.03998903582240876
50,0,1,0,0,0,1,0,1,0,0,1,1,0,1,1,0,1,0,0,0.1562785312183758,0.6841504128114664,0.003389643293482253,0.03644129666249096,0.03644129666249096
15,0,0,0,0,0,1,0,1,0,0,0,0,0,0,1,0,0,0,0,-0.5300878160896517,0.817222359631732,0.00815567933565363,0.07653518145581295,0.07653518145581295
8,0,1,0,0,0,0,0,1,0,0,0,0,0,0,0,0,0,0,1,-1.3145064987273976,0.8743368175545859,0.01156705087089483,0.09935054964947354,0.09935054964947354
66,0,0,1,0,0,1,1,0,0,0,1,1,1,1,1,1,0,0,1,1.2647684916407833,0.6519909407703324,0.0026840999053434323,0.029492182160968494,0.029492182160968494
57,0,0,0,0,0,1,1,0,1,1,0,1,0,0,1,0,0,0,1,0.75622587111716,0.6689574203086703,0.003039606595789443,0.03303139376725084,0.03303139376725084
7,0,0,0,0,0,1,1,0,0,1,0,0,0,0,1,0,0,0,1,0.45708315316208753,0.8848383086630132,0.012329368360988486,0.10389128471090825,0.10389128471090825
10,0,1,1,1,1,0,0,1,0,0,0,0,0,1,0,0,0,0,1,-1.0053923568404892,0.8554585264638187,0.010313003097985489,0.09145336847937524,0.09145336847937524
62,0,0,0,0,0,1,1,0,1,1,1,0,0,0,1,1,0,1,1,0.9057972300946963,0.6592190846564381,0.0028311702861325673,0.03096578220998969,0.03096578220998969
40,0,1,0,1,1,1,1,0,0,0,1,0,1,0,0,1,0,1,1,0.6731306716851955,0.7099691459680679,0.004059910336396862,0.04277208089669704,0.04277208089669704
20,0,0,0,0,0,1,0,0,0,0,0,0,0,0,0,0,1,0,0,-1.4989778414663588,0.7874709741517664,0.006767715032425889,0.0659587290124013,0.0659587290124013
7,1,0,0,0,0,1,0,0,0,0,0,0,0,0,0,0,0,0,0,-1.4890064175345232,0.8848383086630132,0.012329368360988486,0.10389128471090825,0.10389128471090825
25,0,0,0,1,0,1,1,0,0,0,0,1,1,1,0,0,0,1,1,1.0088352773903326,0.7632263722784222,0.005792955912006608,0.05802443652851541,0.05802443652851541
23,0,1,0,1,0,1,1,0,0,1,1,0,0,0,1,0,0,1,0,0.6465402078669669,0.7723876776489026,0.006146116983133188,0.060949762364490456,0.060949762364490456
66,0,0,1,1,0,1,1,0,0,1,1,0,1,1,1,1,0,0,0,1.3229351312431585,0.6519909407703324,0.0026840999053434323,0.029492182160968494,0.029492182160968494
72,0,0,1,0,0,1,1,0,0,1,1,1,1,1,1,0,1,1,0,1.557263593641299,0.6419575496164033,0.002490279067928491,0.027529416300707155,0.027529416300707155
49,1,1,1,1,0,1,1,0,0,1,0,0,0,1,1,0,0,0,0,0.8393210705491246,0.6864927538867036,0.0034464244917631367,0.03698759780359384,0.03698759780359384
43,1,1,1,1,1,1,1,0,0,1,1,1,1,1,1,0,0,0,1,1.5273493218457916,0.7016186635948665,0.003832182002392298,0.04064972482294138,0.04064972482294138
46,0,0,0,1,0,1,0,1,1,0,0,0,0,0,1,0,0,0,0,-0.32567362548701884,0.6938140321924815,0.003628947567853564,0.038730988089776375,0.038730988089776375
72,0,1,0,1,1,1,0,1,1,1,1,1,1,1,1,0,1,0,0,0.8326734545945673,0.6419575496164033,0.002490279067928491,0.027529416300707155,0.027529416300707155
10,0,1,0,0,0,1,0,0,0,0,0,0,0,0,0,1,0,0,0,-1.477373089614048,0.8554585264638187,0.010313003097985489,0.09145336847937524,0.09145336847937524
40,0,0,0,0,0,0,0,1,1,0,0,1,1,1,0,1,0,0,1,-0.34063076138477255,0.7099691459680679,0.004059910336396862,0.04277208089669704,0.04277208089669704
65,1,0,0,1,1,1,1,0,0,1,1,0,1,1,1,0,0,1,1,1.352849403038666,0.6537547892731487,0.002719403042122667,0.02984713825493901,0.02984713825493901
31,0,1,0,0,0,1,1,0,0,0,1,1,1,1,0,0,1,0,0,1.1517590204133117,0.7391329118702427,0.004945042598351195,0.05075440110013929,0.05075440110013929
68,0,0,0,1,0,1,0,1,1,1,1,1,0,0,1,0,1,0,0,0.20281184290027615,0.6485447168747005,0.0026161967996319807,0.028807250213664037,0.028807250213664037
56,1,1,1,1,1,1,1,0,1,0,1,0,1,1,1,1,0,0,1,1.3212732272545193,0.6710090587453561,0.003085072619735503,0.03347844798497823,0.03347844798497823
10,1,1,0,1,0,1,1,0,0,0,0,0,0,1,1,0,0,1,1,0.6797782876397527,0.8554585264638187,0.010313003097985489,0.09145336847937524,0.09145336847937524
68,0,1,0,1,1,1,0,0,0,0,0,0,0,0,1,0,1,0,0,-1.3095207867614798,0.6485447168747005,0.0026161967996319807,0.028807250213664037,0.028807250213664037
43,1,0,0,1,1,1,0,1,0,0,0,0,1,0,0,0,0,1,0,-0.2874498337483152,0.7016186635948665,0.003832182002392298,0.04064972482294138,0.04064972482294138
1,1,1,0,0,0,1,1,0,0,0,0,0,1,1,0,0,0,1,1,0.8227020306627317,0.9743124842439652,0.02235010364622835,0.1468274853100915,0.1468274853100915
49,0,0,1,0,0,1,1,0,0,1,1,0,0,1,0,1,0,0,1,0.8326734545945673,0.6864927538867036,0.0034464244917631367,0.03698759780359384,0.03698759780359384
15,0,0,0,1,1,1,0,0,0,0,0,0,0,0,1,0,0,1,1,-1.3145064987273976,0.817222359631732,0.00815567933565363,0.07653518145581295,0.07653518145581295
20,1,1,1,1,0,1,1,0,0,0,0,0,1,1,1,0,0,1,1,0.9888924295266609,0.7874709741517664,0.006767715032425889,0.0659587290124013,0.0659587290124013
1,1,1,0,0,0,1,0,1,0,0,0,0,0,0,0,0,0,0,1,-0.6347877673739271,0.9743124842439652,0.02235010364622835,0.1468274853100915,0.1468274853100915
50,0,1,0,1,1,1,0,1,0,0,1,1,1,0,1,1,0,1,1,0.16126424318429386,0.6841504128114664,0.003389643293482253,0.03644129666249096,0.03644129666249096
2,1,0,1,0,0,1,1,0,0,1,0,0,0,1,1,0,0,1,0,0.8210401266740925,0.9544211124058478,0.01918286543259826,0.13658902706858933,0.13658902706858933
24,0,1,1,0,0,1,1,0,0,0,0,0,0,0,0,0,0,0,0,0.1728975711047687,0.7677256072562019,0.005964174846469762,0.05945002834593771,0.05945002834593771
3,1,0,0,0,0,1,1,0,0,0,0,0,0,0,0,0,0,0,1,0.15794043520701498,0.9373188893787414,0.017092860770546496,0.12812771737333695,0.12812771737333695
1,1,0,0,0,0,1,1,0,0,0,1,0,0,0,0,0,0,0,1,0.32579273805958336,0.9743124842439652,0.02235010364622835,0.1468274853100915,0.1468274853100915
35,0,1,0,1,1,1,0,0,0,0,0,0,0,0,0,0,1,0,0,-1.4856826095572444,0.7253108322429414,0.004507451042951911,0.04686012202126277,0.04686012202126277
17,0,0,0,0,0,1,0,0,0,0,0,0,0,0,1,0,0,0,0,-1.3294636346251512,0.8045134998853144,0.007534869537132169,0.07190499047148602,0.07190499047148602
8,1,0,1,0,0,1,0,0,0,0,0,0,0,0,0,0,0,1,0,-1.5006397454549982,0.8743368175545859,0.01156705087089483,0.09935054964947354,0.09935054964947354
10,0,1,0,0,0,1,1,0,0,0,0,1,1,1,0,0,0,0,1,1.007173373401693,0.8554585264638187,0.010313003097985489,0.09145336847937524,0.09145336847937524
68,0,1,0,1,1,1,0,1,1,1,1,1,1,1,1,0,1,0,1,0.7994353748217815,0.6485447168747005,0.0026161967996319807,0.028807250213664037,0.028807250213664037
45,0,1,0,1,0,1,0,1,1,1,1,0,1,1,0,1,0,0,0,0.465392673105284,0.6963590108821652,0.0036942216775406023,0.039349803973645514,0.039349803973645514
2,1,1,0,1,1,1,0,0,0,0,0,0,0,0,0,1,0,0,0,-1.493992129500441,0.9544211124058478,0.01918286543259826,0.13658902706858933,0.13658902706858933
37,0,1,0,1,0,1,0,0,0,0,0,0,0,0,0,0,0,0,0,-1.477373089614048,0.7189405920832638,0.0043169072108659315,0.0451328504105416,0.0451328504105416
4,1,0,0,0,0,0,0,1,0,0,0,0,0,0,0,0,0,0,1,-1.3477445785001834,0.9221895280070969,0.015517187361763772,0.12087777811840728,0.12087777811840728
10,0,0,0,0,0,1,0,1,0,0,0,0,0,0,0,0,0,0,0,-0.6497449032716808,0.8554585264638187,0.010313003097985489,0.09145336847937524,0.09145336847937524
1,0,1,0,0,0,1,0,0,0,0,0,0,0,0,0,0,0,0,0,-1.487344513545884,0.9743124842439652,0.02235010364622835,0.1468274853100915,0.1468274853100915
65,0,1,0,1,1,1,0,1,1,1,0,0,0,1,1,0,1,0,1,0.15794043520701498,0.6537547892731487,0.002719403042122667,0.02984713825493901,0.02984713825493901
57,0,0,0,1,1,1,0,0,0,0,0,0,0,0,0,0,1,0,0,-1.505625457420916,0.6689574203086703,0.003039606595789443,0.03303139376725084,0.03303139376725084
3,0,0,0,0,0,1,1,0,0,0,1,0,0,0,0,0,0,0,1,0.33077845002550144,0.9373188893787414,0.017092860770546496,0.12812771737333695,0.12812771737333695
2,1,0,0,0,0,1,1,0,0,0,0,0,0,0,0,0,0,1,0,0.16126424318429386,0.9544211124058478,0.01918286543259826,0.13658902706858933,0.13658902706858933
49,0,1,0,0,0,0,0,1,0,0,1,0,0,0,0,0,0,0,1,-1.1499780038521075,0.6864927538867036,0.0034464244917631367,0.03698759780359384,0.03698759780359384
4,1,0,0,0,0,1,0,1,0,0,0,0,0,0,0,0,0,0,0,-0.6364496713625665,0.9221895280070969,0.015517187361763772,0.12087777811840728,0.12087777811840728
70,0,0,0,1,0,0,0,1,0,1,1,1,1,1,0,0,1,0,0,-0.2326070021232186,0.6452021175658147,0.002551672337160255,0.02815370280249474,0.02815370280249474
53,0,0,0,1,1,1,0,0,0,0,0,0,0,0,0,1,0,0,1,-1.493992129500441,0.6773932996244997,0.003230113874366814,0.03489628604896822,0.03489628604896822
53,0,1,0,1,1,1,0,0,0,0,0,0,0,0,1,0,1,0,0,-1.3045350747955617,0.6773932996244997,0.003230113874366814,0.03489628604896822,0.03489628604896822
1,1,0,0,0,0,1,1,0,0,0,0,0,0,0,1,0,0,0,1,0.3407498739573371,0.9743124842439652,0.02235010364622835,0.1468274853100915,0.1468274853100915
22,0,1,0,0,0,1,0,0,0,0,0,0,0,0,1,0,0,0,1,-1.3278017306365117,0.7772239626242997,0.006339847981342745,0.0625297608539006,0.0625297608539006
52,1,1,1,0,0,0,0,1,0,1,0,0,1,1,0,0,0,1,1,-0.520116392157816,0.6796022882225629,0.00328157591746785,0.03539633014558485,0.03539633014558485
65,0,1,1,0,0,1,1,0,1,0,1,1,1,1,1,0,1,1,1,1.514054089936677,0.6537547892731487,0.002719403042122667,0.02984713825493901,0.02984713825493901
48,0,0,0,0,0,1,0,0,0,0,0,0,0,0,1,1,0,0,0,-1.3377731545683478,0.6888828979881829,0.003505164885370563,0.03755076913789834,0.03755076913789834
2,1,0,0,0,0,0,0,1,0,0,0,0,0,1,0,0,0,1,1,-1.0004066448745712,0.9544211124058478,0.01918286543259826,0.13658902706858933,0.13658902706858933
3,0,1,0,0,0,1,1,0,0,1,1,0,1,1,1,0,0,0,0,1.4342826984819912,0.9373188893787414,0.017092860770546496,0.12812771737333695,0.12812771737333695
45,0,1,0,1,0,1,1,0,0,1,0,0,0,0,1,0,0,0,0,0.5518116805145274,0.6963590108821652,0.0036942216775406023,0.039349803973645514,0.039349803973645514
1,1,1,0,1,1,1,1,0,0,0,0,0,0,1,0,0,0,1,0,0.5052783688326271,0.9743124842439652,0.02235010364622835,0.1468274853100915,0.1468274853100915
61,0,0,0,1,1,1,0,1,0,0,1,1,1,1,0,0,1,0,1,0.2992022742413548,0.6611010360108607,0.002870516527482457,0.031357744906887475,0.031357744906887475
3,0,1,0,0,0,1,0,1,1,0,0,1,1,0,0,0,0,0,1,-0.013235675622831794,0.9373188893787414,0.017092860770546496,0.12812771737333695,0.12812771737333695
40,0,0,1,0,0,1,1,0,0,0,1,1,1,1,1,1,0,0,1,1.2946827634362907,0.7099691459680679,0.004059910336396862,0.04277208089669704,0.04277208089669704
1,0,0,0,0,0,1,1,0,0,0,0,0,0,0,0,0,0,0,0,0.20945945885483294,0.9743124842439652,0.02235010364622835,0.1468274853100915,0.1468274853100915
1,0,0,0,0,0,1,0,1,0,0,0,1,0,0,0,0,0,1,1,-0.49518783232822666,0.9743124842439652,0.02235010364622835,0.1468274853100915,0.1468274853100915
51,0,1,0,0,0,1,0,0,0,0,0,0,0,0,1,1,0,0,1,-1.3361112505797081,0.681854139199785,0.003334724055742794,0.03591111081215892,0.03591111081215892
2,1,1,1,0,0,1,0,1,1,0,0,0,0,0,0,0,0,1,1,-0.5167925841805374,0.9544211124058478,0.01918286543259826,0.13658902706858933,0.13658902706858933
52,0,1,0,0,0,0,0,1,0,1,0,0,0,0,0,1,0,0,0,-1.153301811829386,0.6796022882225629,0.00328157591746785,0.03539633014558485,0.03539633014558485
51,0,1,0,0,0,1,1,0,0,0,0,0,0,1,1,0,0,0,0,0.6182878400600991,0.681854139199785,0.003334724055742794,0.03591111081215892,0.03591111081215892
1,0,1,0,0,0,1,0,0,0,0,0,0,0,0,0,0,0,0,1,-1.4740492816367694,0.9743124842439652,0.02235010364622835,0.1468274853100915,0.1468274853100915
31,0,1,0,1,1,1,0,1,1,1,0,1,0,1,1,1,0,0,1,0.34739748991189434,0.7391329118702427,0.004945042598351195,0.05075440110013929,0.05075440110013929
47,0,1,0,0,1,1,0,0,0,0,0,0,0,0,0,1,0,0,0,-1.470725473659491,0.6913226781406935,0.0035659686558325962,0.038131613989117574,0.038131613989117574
3,1,0,0,0,0,1,1,0,0,0,0,0,0,0,1,0,0,0,1,0.34241177794597627,0.9373188893787414,0.017092860770546496,0.12812771737333695,0.12812771737333695
22,0,0,1,0,0,1,0,0,0,0,0,0,0,0,0,1,0,0,1,-1.487344513545884,0.7772239626242997,0.006339847981342745,0.0625297608539006,0.0625297608539006
1,0,0,0,1,0,1,0,0,0,0,0,0,0,0,0,0,0,0,1,-1.4674016656822124,0.9743124842439652,0.02235010364622835,0.1468274853100915,0.1468274853100915
72,0,1,0,1,0,1,0,1,0,1,1,1,1,1,1,0,1,0,1,0.6764544796624743,0.6419575496164033,0.002490279067928491,0.027529416300707155,0.027529416300707155
3,1,1,0,1,1,1,0,1,0,0,1,0,0,0,0,0,0,1,1,-0.4868783123850302,0.9373188893787414,0.017092860770546496,0.12812771737333695,0.12812771737333695
47,0,1,1,1,1,1,1,0,0,1,0,0,1,0,0,1,0,0,1,0.6698068637079171,0.6913226781406935,0.0035659686558325962,0.038131613989117574,0.038131613989117574
72,0,1,0,1,1,1,0,1,1,0,1,1,0,0,1,0,1,0,1,0.05656429190001827,0.6419575496164033,0.002490279067928491,0.027529416300707155,0.027529416300707155
66,0,1,0,1,1,1,0,1,0,0,1,0,1,0,1,0,1,0,1,-0.049797563372896494,0.6519909407703324,0.0026840999053434323,0.029492182160968494,0.029492182160968494
35,0,1,0,0,0,1,1,0,0,0,0,0,1,0,1,0,0,1,0,0.6099783201169027,0.7253108322429414,0.004507451042951911,0.04686012202126277,0.04686012202126277
29,0,1,0,0,0,1,1,0,0,0,0,0,0,1,1,0,0,1,1,0.6681449597192779,0.746664964341879,0.005198070769814978,0.05296124339833497,0.05296124339833497
2,0,0,0,0,0,1,0,0,0,0,0,0,0,0,0,0,0,0,1,-1.470725473659491,0.9544211124058478,0.01918286543259826,0.13658902706858933,0.13658902706858933
4,0,1,0,0,0,1,0,1,0,1,0,0,0,0,0,0,0,0,0,-0.5167925841805374,0.9221895280070969,0.015517187361763772,0.12087777811840728,0.12087777811840728
25,1,0,0,0,0,1,1,0,1,1,0,0,0,0,0,0,0,0,1,0.500292656866709,0.7632263722784222,0.005792955912006608,0.05802443652851541,0.05802443652851541
65,0,0,0,0,0,1,0,1,1,1,0,1,0,0,0,0,1,0,1,-0.17277845853220394,0.6537547892731487,0.002719403042122667,0.02984713825493901,0.02984713825493901
27,0,1,1,0,0,1,1,0,0,1,0,1,1,1,1,1,0,0,1,1.3245970352317982,0.7546760980475697,0.005479040808994945,0.05537422178102336,0.05537422178102336
29,0,1,0,1,0,1,1,0,0,0,1,0,0,0,0,0,0,0,1,0.34905939390053353,0.746664964341879,0.005198070769814978,0.05296124339833497,0.05296124339833497
29,0,1,0,1,1,1,0,1,0,1,1,0,1,1,1,0,0,0,0,0.5086021768099055,0.746664964341879,0.005198070769814978,0.05296124339833497,0.05296124339833497
1,1,1,0,0,0,1,0,0,0,0,0,0,0,0,0,0,0,0,0,-1.5039635534322768,0.9743124842439652,0.02235010364622835,0.1468274853100915,0.1468274853100915
20,0,0,0,1,0,1,1,0,0,0,1,1,0,0,0,0,0,0,1,0.5385164486054129,0.7874709741517664,0.006767715032425889,0.0659587290124013,0.0659587290124013
58,0,0,0,0,0,1,0,0,0,0,0,0,0,0,1,0,1,0,1,-1.3327874426024295,0.6669419291751147,0.0029954745981990286,0.0325962586220786,0.0325962586220786
14,0,0,0,0,1,1,1,0,1,0,0,1,0,0,1,0,0,0,1,0.7047068474693421,0.8240576612486123,0.008508086494505379,0.07909398048302463,0.07909398048302463
72,0,1,0,1,0,1,0,0,0,0,0,0,0,0,1,0,1,0,0,-1.3095207867614798,0.6419575496164033,0.002490279067928491,0.027529416300707155,0.027529416300707155
46,0,1,0,0,0,1,1,0,1,0,0,0,1,0,1,0,0,0,1,0.8094067987536177,0.6938140321924815,0.003628947567853564,0.038730988089776375,0.038730988089776375
71,0,0,0,1,0,0,0,1,0,1,1,1,1,1,0,0,1,0,0,-0.21764986622546487,0.6435679119154606,0.0025205988088756303,0.02783802704790539,0.02783802704790539
32,0,1,0,0,0,1,1,0,0,0,0,0,0,1,1,0,0,0,1,0.6930735195488672,0.7355303895625583,0.00482771692436557,0.04972004336955682,0.04972004336955682
26,0,0,0,0,0,0,0,1,0,0,1,0,1,1,0,0,0,0,1,-0.48023069643047295,0.7588796606729277,0.005631521405658712,0.05666748667997901,0.05666748667997901
68,0,1,1,1,0,1,1,0,0,0,1,0,0,0,1,0,0,0,1,0.5169116967531019,0.6485447168747005,0.0026161967996319807,0.028807250213664037,0.028807250213664037
2,0,1,0,1,1,1,0,0,0,0,0,0,0,0,0,1,0,0,0,-1.4823588015799658,0.9544211124058478,0.01918286543259826,0.13658902706858933,0.13658902706858933
61,0,1,0,1,1,1,0,0,0,0,0,0,0,0,0,0,1,0,0,-1.470725473659491,0.6611010360108607,0.002870516527482457,0.031357744906887475,0.031357744906887475
4,1,0,0,1,1,1,1,0,0,0,0,0,0,1,1,0,0,1,1,0.7030449434807029,0.9221895280070969,0.015517187361763772,0.12087777811840728,0.12087777811840728
3,1,1,0,0,0,1,0,1,0,0,0,0,0,0,0,0,0,1,1,-0.6464210952944022,0.9373188893787414,0.017092860770546496,0.12812771737333695,0.12812771737333695
33,1,1,1,1,0,1,1,0,0,0,0,0,1,1,1,0,0,1,1,0.9872305255380217,0.732029255003116,0.004715929386838689,0.04872789424351476,0.04872789424351476
9,0,1,1,1,0,1,0,0,0,0,0,0,0,0,0,0,0,0,1,-1.4474588178185408,0.8645756330248363,0.010901071741709328,0.09522425637547682,0.09522425637547682
22,0,0,0,0,0,1,0,0,0,0,0,0,0,0,1,0,1,0,0,-1.2812684189546117,0.7772239626242997,0.006339847981342745,0.0625297608539006,0.0625297608539006
5,0,0,0,1,1,1,1,0,0,0,0,0,1,0,0,0,0,1,1,0.5335307366394948,0.9085818526659613,0.014256987321705751,0.11453932573635439,0.11453932573635439
30,1,0,1,0,0,1,1,0,1,1,1,0,0,0,1,0,0,0,0,0.8941639021742215,0.7428424163487329,0.0050683354621543905,0.051833777579476825,0.051833777579476825
65,0,1,0,0,0,1,0,1,0,1,1,1,0,1,1,0,1,0,1,0.3124975061504693,0.6537547892731487,0.002719403042122667,0.02984713825493901,0.02984713825493901
45,1,0,0,0,0,1,1,0,0,0,1,1,0,0,1,0,0,1,1,0.7462544471853244,0.6963590108821652,0.0036942216775406023,0.039349803973645514,0.039349803973645514
5,0,1,0,0,0,1,0,0,0,0,0,0,0,0,0,0,0,0,0,-1.477373089614048,0.9085818526659613,0.014256987321705751,0.11453932573635439,0.11453932573635439
25,0,1,0,1,1,1,1,0,0,1,0,0,0,0,0,0,0,1,1,0.3557070098550908,0.7632263722784222,0.005792955912006608,0.05802443652851541,0.05802443652851541
72,0,0,0,1,1,1,1,0,1,0,0,0,0,0,1,0,1,0,0,0.47370219304848044,0.6419575496164033,0.002490279067928491,0.027529416300707155,0.027529416300707155
27,0,0,0,1,0,1,1,0,0,0,1,0,0,1,1,0,0,0,0,0.8426448785264035,0.7546760980475697,0.005479040808994945,0.05537422178102336,0.05537422178102336
32,0,1,0,1,1,0,0,1,0,0,1,0,1,1,0,0,0,0,0,-0.4719211764872765,0.7355303895625583,0.00482771692436557,0.04972004336955682,0.04972004336955682
30,0,0,0,0,0,1,1,0,0,1,1,1,1,1,1,1,0,0,0,1.5173778979139558,0.7428424163487329,0.0050683354621543905,0.051833777579476825,0.051833777579476825
70,0,1,0,1,0,1,1,0,1,1,1,1,0,1,0,0,1,0,0,1.2032780440611297,0.6452021175658147,0.002551672337160255,0.02815370280249474,0.02815370280249474
42,0,1,1,0,0,1,1,0,0,1,0,0,0,0,1,0,0,0,1,0.4836736169803161,0.7043380877631116,0.0039051573709433167,0.0413329850998293,0.0413329850998293
72,0,0,1,1,0,1,0,1,1,1,1,1,1,1,1,0,1,0,1,0.8326734545945673,0.6419575496164033,0.002490279067928491,0.027529416300707155,0.027529416300707155
47,0,0,0,0,0,1,0,1,1,0,1,1,0,0,1,0,1,0,1,0.006707172240839519,0.6913226781406935,0.0035659686558325962,0.038131613989117574,0.038131613989117574
2,0,0,0,0,0,1,1,0,1,0,1,0,0,0,0,0,0,1,1,0.5202355047303808,0.9544211124058478,0.01918286543259826,0.13658902706858933,0.13658902706858933
10,1,1,0,0,0,1,1,0,1,0,0,0,1,1,1,0,0,1,0,1.1218447486178043,0.8554585264638187,0.010313003097985489,0.09145336847937524,0.09145336847937524
61,0,0,0,1,1,1,0,0,0,0,0,0,0,0,1,0,1,0,1,-1.3527302904661012,0.6611010360108607,0.002870516527482457,0.031357744906887475,0.031357744906887475
5,0,0,0,0,0,1,0,1,0,0,0,0,0,0,0,0,0,0,1,-0.6896305989990239,0.9085818526659613,0.014256987321705751,0.11453932573635439,0.11453932573635439
72,0,0,1,1,0,1,1,0,0,1,1,1,1,1,1,0,1,0,1,1.5290112258344308,0.6419575496164033,0.002490279067928491,0.027529416300707155,0.027529416300707155
72,0,1,1,1,1,1,1,0,1,1,1,1,1,1,1,0,1,0,1,1.666949256891492,0.6419575496164033,0.002490279067928491,0.027529416300707155,0.027529416300707155
3,0,0,1,0,0,1,1,0,0,0,1,0,0,0,0,0,0,0,0,0.3407498739573371,0.9373188893787414,0.017092860770546496,0.12812771737333695,0.12812771737333695
48,0,1,0,1,0,1,0,0,0,0,0,0,0,0,0,0,1,0,0,-1.5139349773641124,0.6888828979881829,0.003505164885370563,0.03755076913789834,0.03755076913789834
63,0,0,0,0,0,1,1,0,0,0,1,1,1,0,0,1,0,0,1,0.8393210705491246,0.6573679996492523,0.0027928980105273514,0.030583600220822293,0.030583600220822293
27,0,0,0,0,0,1,0,1,1,1,0,0,0,0,0,0,0,0,1,-0.26916888987328286,0.7546760980475697,0.005479040808994945,0.05537422178102336,0.05537422178102336
70,0,1,0,1,1,1,0,1,1,1,1,0,1,1,0,0,1,0,1,0.5102640807985451,0.6452021175658147,0.002551672337160255,0.02815370280249474,0.02815370280249474
7,0,1,0,1,1,1,0,1,1,0,1,1,0,1,0,0,0,0,1,0.2177689787980294,0.8848383086630132,0.012329368360988486,0.10389128471090825,0.10389128471090825
2,0,0,0,1,0,1,1,0,1,1,0,0,1,0,0,0,0,1,0,0.8492924944809603,0.9544211124058478,0.01918286543259826,0.13658902706858933,0.13658902706858933
20,1,1,1,0,0,1,1,0,0,0,1,0,1,1,1,0,0,1,1,1.1218447486178043,0.7874709741517664,0.006767715032425889,0.0659587290124013,0.0659587290124013
66,0,1,0,0,0,1,0,0,0,0,0,0,0,0,0,0,1,0,0,-1.4989778414663588,0.6519909407703324,0.0026840999053434323,0.029492182160968494,0.029492182160968494
3,0,0,0,0,0,1,0,0,0,0,0,0,0,0,0,0,0,0,0,-1.493992129500441,0.9373188893787414,0.017092860770546496,0.12812771737333695,0.12812771737333695
15,1,0,0,0,1,1,1,0,0,1,0,0,0,1,0,0,0,0,1,0.7013830394920637,0.817222359631732,0.00815567933565363,0.07653518145581295,0.07653518145581295
72,0,0,0,1,1,1,1,0,1,1,0,1,0,0,1,0,1,0,1,0.8492924944809603,0.6419575496164033,0.002490279067928491,0.027529416300707155,0.027529416300707155
1,0,1,0,0,0,1,0,0,0,0,0,0,0,0,0,0,0,0,0,-1.4624159537162946,0.9743124842439652,0.02235010364622835,0.1468274853100915,0.1468274853100915
22,1,0,0,0,0,1,1,0,0,0,0,0,1,1,0,0,0,1,0,0.812730606730896,0.7772239626242997,0.006339847981342745,0.0625297608539006,0.0625297608539006
3,1,1,0,1,0,1,1,0,0,0,0,0,0,0,0,0,0,1,1,0.18286899503660436,0.9373188893787414,0.017092860770546496,0.12812771737333695,0.12812771737333695
72,0,0,0,1,1,1,0,1,1,0,1,1,0,0,1,0,1,0,0,0.06819761982049313,0.6419575496164033,0.002490279067928491,0.027529416300707155,0.027529416300707155
65,0,1,0,1,1,1,0,0,0,0,0,0,0,0,0,0,1,0,0,-1.4923302255118018,0.6537547892731487,0.002719403042122667,0.02984713825493901,0.02984713825493901
11,0,0,0,0,0,0,0,1,0,0,0,0,1,0,0,0,0,0,1,-0.963844757124507,0.8469074549655476,0.009789108115316166,0.08799046091721618,0.08799046091721618
22,0,1,0,0,0,1,1,0,0,1,0,0,0,0,1,0,0,0,1,0.4670545770939232,0.7772239626242997,0.006339847981342745,0.0625297608539006,0.0625297608539006
14,0,1,0,0,0,1,0,0,0,0,0,0,0,0,0,1,0,0,0,-1.4757111856254088,0.8240576612486123,0.008508086494505379,0.07909398048302463,0.07909398048302463
41,0,1,0,0,0,1,1,0,0,0,0,1,0,0,0,0,0,1,1,0.31415941013910853,0.7071206594283597,0.003981008341391358,0.042040010297382246,0.042040010297382246
17,0,1,0,1,0,1,0,1,1,1,0,0,0,1,0,1,0,0,0,5.95562862822574e-05,0.8045134998853144,0.007534869537132169,0.07190499047148602,0.07190499047148602
11,0,1,0,0,0,1,0,0,0,0,0,0,0,0,0,0,0,0,1,-1.4740492816367694,0.8469074549655476,0.009789108115316166,0.08799046091721618,0.08799046091721618
15,1,1,0,0,0,1,1,0,0,0,0,0,1,1,1,0,0,1,1,0.9490067337993178,0.817222359631732,0.00815567933565363,0.07653518145581295,0.07653518145581295
1,1,0,0,0,0,1,0,0,0,0,0,0,0,0,0,0,0,0,0,-1.4923302255118018,0.9743124842439652,0.02235010364622835,0.1468274853100915,0.1468274853100915
5,1,0,0,1,0,1,1,0,1,0,1,0,0,1,0,0,0,0,1,0.8010972788104213,0.9085818526659613,0.014256987321705751,0.11453932573635439,0.11453932573635439
33,1,1,0,1,0,1,1,0,0,0,1,0,1,1,0,1,0,1,1,1.0304400292426432,0.732029255003116,0.004715929386838689,0.04872789424351476,0.04872789424351476
72,0,0,0,1,0,1,1,0,1,1,1,0,1,1,1,0,1,0,1,1.5240255138685133,0.6419575496164033,0.002490279067928491,0.027529416300707155,0.027529416300707155
3,0,0,0,1,1,0,0,1,0,1,0,0,0,1,0,0,0,0,0,-0.8142733981469708,0.9373188893787414,0.017092860770546496,0.12812771737333695,0.12812771737333695
2,1,1,0,0,0,1,1,0,0,1,0,0,0,0,1,0,0,1,1,0.5717545283781987,0.9544211124058478,0.01918286543259826,0.13658902706858933,0.13658902706858933
59,0,0,0,1,0,1,1,0,1,1,1,1,0,1,1,1,0,0,1,1.4027065226978446,0.6649614286359096,0.0029526183444970946,0.03217256791019485,0.03217256791019485
2,1,1,0,0,0,1,0,1,0,0,0,0,0,0,0,0,0,1,0,-0.6464210952944022,0.9544211124058478,0.01918286543259826,0.13658902706858933,0.13658902706858933
71,0,1,0,1,1,1,0,1,0,1,0,1,1,1,0,0,1,0,1,0.28424513834360104,0.6435679119154606,0.0025205988088756303,0.02783802704790539,0.02783802704790539
5,0,0,0,1,1,1,0,1,0,0,0,0,0,0,0,0,0,0,0,-0.6647020391694345,0.9085818526659613,0.014256987321705751,0.11453932573635439,0.11453932573635439
27,0,1,0,1,1,1,0,1,1,1,0,0,0,0,0,0,0,0,1,-0.3339831454302153,0.7546760980475697,0.005479040808994945,0.05537422178102336,0.05537422178102336
1,1,0,0,0,0,1,0,1,0,0,0,1,0,0,0,0,0,1,1,-0.4187402488508191,0.9743124842439652,0.02235010364622835,0.1468274853100915,0.1468274853100915
63,0,1,0,0,1,0,0,1,1,1,0,1,0,0,0,1,0,0,1,-0.8043019742151348,0.6573679996492523,0.0027928980105273514,0.030583600220822293,0.030583600220822293
46,1,0,1,0,0,1,1,0,1,1,1,0,1,1,1,1,0,1,1,1.5024207620162022,0.6938140321924815,0.003628947567853564,0.038730988089776375,0.038730988089776375
72,0,1,0,1,1,1,0,1,1,0,0,0,0,0,1,0,1,0,0,-0.3157022015551832,0.6419575496164033,0.002490279067928491,0.027529416300707155,0.027529416300707155
34,0,0,0,1,0,1,0,1,1,0,0,1,0,0,1,0,0,0,1,-0.13123085881622165,0.7286243341114813,0.004609291590527576,0.04777537654084685,0.04777537654084685
24,0,0,0,1,1,1,0,1,1,1,0,0,1,1,1,1,0,1,0,0.4520974411961699,0.7677256072562019,0.005964174846469762,0.05945002834593771,0.05945002834593771
72,0,1,0,0,0,1,0,1,1,1,1,1,0,0,1,0,1,0,0,0.16126424318429386,0.6419575496164033,0.002490279067928491,0.027529416300707155,0.027529416300707155
60,0,0,0,1,1,0,0,1,1,0,1,1,1,1,0,0,1,0,0,-0.1644689385890075,0.6630148153227823,0.0029109829180785306,0.031759872056746574,0.031759872056746574
68,0,1,0,0,0,1,0,1,1,1,1,0,0,1,1,1,0,0,1,0.4022403215369912,0.6485447168747005,0.0026161967996319807,0.028807250213664037,0.028807250213664037
8,0,0,0,1,1,1,0,0,0,0,0,0,0,0,0,0,1,0,1,-1.493992129500441,0.8743368175545859,0.01156705087089483,0.09935054964947354,0.09935054964947354
34,0,0,0,0,1,1,0,1,1,0,1,1,1,0,0,0,1,0,0,0.09478808363872218,0.7286243341114813,0.004609291590527576,0.04777537654084685,0.04777537654084685
6,0,0,0,0,0,0,0,1,0,0,0,0,1,1,0,0,0,0,0,-0.6580544232148772,0.8962011910421149,0.01321361285882388,0.10892151775419001,0.10892151775419001
2,0,1,0,1,0,1,0,1,0,1,0,1,0,1,0,0,0,0,1,-0.019883291577389054,0.9544211124058478,0.01918286543259826,0.13658902706858933,0.13658902706858933
31,0,1,0,0,0,1,1,0,0,0,0,1,0,0,1,1,0,0,0,0.561783104446363,0.7391329118702427,0.004945042598351195,0.05075440110013929,0.05075440110013929
20,0,0,0,1,1,1,0,0,0,0,0,0,0,0,1,0,0,0,1,-1.3045350747955617,0.7874709741517664,0.006767715032425889,0.0659587290124013,0.0659587290124013
1,0,0,0,1,1,1,0,0,0,0,0,0,0,0,0,0,0,1,0,-1.4890064175345232,0.9743124842439652,0.02235010364622835,0.1468274853100915,0.1468274853100915
62,1,1,0,0,0,1,1,0,0,0,1,0,1,1,1,1,0,1,1,1.0620162050267898,0.6592190846564381,0.0028311702861325673,0.03096578220998969,0.03096578220998969
70,0,0,1,1,0,1,1,0,0,0,0,0,0,0,1,0,1,0,1,0.36069272182100887,0.6452021175658147,0.002551672337160255,0.02815370280249474,0.02815370280249474
10,1,0,0,0,0,1,1,0,0,0,0,1,1,1,1,0,0,1,1,1.120182844629165,0.8554585264638187,0.010313003097985489,0.09145336847937524,0.09145336847937524
39,0,1,0,1,1,1,0,0,0,0,0,0,0,0,1,0,1,0,1,-1.362701714397937,0.7128864964214463,0.00414205349534239,0.043530572366621945,0.043530572366621945
46,0,0,0,1,0,1,0,1,0,1,0,1,1,0,0,0,1,0,1,-0.019883291577389054,0.6938140321924815,0.003628947567853564,0.038730988089776375,0.038730988089776375
6,1,1,0,0,0,1,1,0,0,1,0,0,1,0,0,0,0,1,1,0.6831020956170311,0.8962011910421149,0.01321361285882388,0.10892151775419001,0.10892151775419001
72,0,0,0,1,1,1,0,1,0,0,1,0,1,1,1,0,1,0,1,0.3989165135597123,0.6419575496164033,0.002490279067928491,0.027529416300707155,0.027529416300707155
18,0,1,0,0,0,1,0,1,0,0,1,1,0,0,0,0,0,0,0,-0.3190260095324616,0.798585597100695,0.007259843514731271,0.06980238681281059,0.06980238681281059
71,0,1,0,1,0,1,1,0,1,0,1,1,1,1,1,0,1,0,1,1.4542255463456626,0.6435679119154606,0.0025205988088756303,0.02783802704790539,0.02783802704790539
40,1,1,0,1,0,1,1,0,0,1,0,0,1,1,1,0,0,1,1,1.2132494679929653,0.7099691459680679,0.004059910336396862,0.04277208089669704,0.04277208089669704
1,1,1,0,0,0,1,1,0,0,0,0,0,0,0,0,0,0,1,1,0.15794043520701498,0.9743124842439652,0.02235010364622835,0.1468274853100915,0.1468274853100915
58,1,1,0,0,0,1,1,0,0,1,1,0,1,1,1,1,0,0,1,1.2780637235498977,0.6669419291751147,0.0029954745981990286,0.0325962586220786,0.0325962586220786
70,1,1,0,0,0,1,1,0,1,0,0,1,1,1,1,0,1,0,1,1.3029922833794871,0.6452021175658147,0.002551672337160255,0.02815370280249474,0.02815370280249474
42,0,0,0,1,0,1,0,0,0,0,0,0,0,0,1,0,1,1,0,-1.3145064987273976,0.7043380877631116,0.0039051573709433167,0.0413329850998293,0.0413329850998293
34,0,1,0,1,1,0,0,1,1,0,0,0,0,0,0,1,0,0,0,-1.1433303878975505,0.7286243341114813,0.004609291590527576,0.04777537654084685,0.04777537654084685
5,0,1,1,0,0,1,0,0,0,0,0,0,0,0,0,0,0,0,0,-1.487344513545884,0.9085818526659613,0.014256987321705751,0.11453932573635439,0.11453932573635439
25,0,0,0,0,0,1,1,0,0,0,0,0,1,0,1,0,0,0,1,0.6581735357874418,0.7632263722784222,0.005792955912006608,0.05802443652851541,0.05802443652851541
2,1,0,0,0,0,1,1,0,0,0,1,0,0,1,0,0,0,0,1,0.7113544634238993,0.9544211124058478,0.01918286543259826,0.13658902706858933,0.13658902706858933
55,0,0,0,1,1,1,1,0,0,1,1,1,1,1,0,1,0,0,1,1.2930208594476515,0.6730980579890953,0.0031319345818057722,0.033937922764987416,0.033937922764987416
21,1,1,0,1,0,1,1,0,0,1,1,1,1,1,1,0,0,1,1,1.5423064577435452,0.7822470612896891,0.006546583090128551,0.06419686154369075,0.06419686154369075
70,0,1,0,1,0,1,1,0,1,1,0,1,0,0,1,0,1,0,1,0.7711830070149137,0.6452021175658147,0.002551672337160255,0.02815370280249474,0.02815370280249474
61,0,0,0,1,0,1,1,0,0,0,1,1,1,1,1,0,0,1,1,1.3811017708455338,0.6611010360108607,0.002870516527482457,0.031357744906887475,0.031357744906887475
43,0,1,0,1,1,1,0,1,1,0,1,1,1,1,0,0,1,0,1,0.4770260010257593,0.7016186635948665,0.003832182002392298,0.04064972482294138,0.04064972482294138
47,0,1,0,0,0,1,1,0,0,1,1,0,1,1,1,1,0,1,1,1.2730780115839797,0.6913226781406935,0.0035659686558325962,0.038131613989117574,0.038131613989117574
5,0,1,0,0,0,1,0,1,0,0,1,1,1,0,0,0,0,0,1,-0.028192811520585514,0.9085818526659613,0.014256987321705751,0.11453932573635439,0.11453932573635439
62,0,0,0,0,0,1,0,0,0,0,0,0,0,0,1,0,1,0,1,-1.2962255548523653,0.6592190846564381,0.0028311702861325673,0.03096578220998969,0.03096578220998969
16,1,0,0,1,1,1,1,0,0,1,1,0,1,0,0,0,0,0,1,0.8193782226854534,0.8107173068575363,0.007832475449686212,0.07414442618478301,0.07414442618478301
7,1,1,1,1,0,1,1,0,0,0,0,0,1,1,1,0,0,0,1,1.023792413288086,0.8848383086630132,0.012329368360988486,0.10389128471090825,0.10389128471090825
14,0,0,0,1,1,1,0,0,0,0,0,0,0,0,1,0,0,0,0,-1.3045350747955617,0.8240576612486123,0.008508086494505379,0.07909398048302463,0.07909398048302463
60,1,1,0,1,1,1,1,0,0,1,1,0,1,0,0,1,0,1,0,0.8692353423446321,0.6630148153227823,0.0029109829180785306,0.031759872056746574,0.031759872056746574
34,0,1,0,1,1,0,0,1,0,0,1,1,1,0,0,0,0,1,1,-0.6630401351807951,0.7286243341114813,0.004609291590527576,0.04777537654084685,0.04777537654084685
50,1,0,0,1,0,1,1,0,1,1,0,1,1,1,1,1,0,1,0,1.4542255463456626,0.6841504128114664,0.003389643293482253,0.03644129666249096,0.03644129666249096
38,0,1,0,1,1,1,0,0,0,0,0,0,0,0,1,0,1,0,0,-1.3211541146819548,0.7158758576100376,0.0042276442662364,0.04431696426317133,0.04431696426317133
70,0,0,0,1,1,1,0,1,1,1,1,1,0,1,0,1,0,0,0,0.30917369817319046,0.6452021175658147,0.002551672337160255,0.02815370280249474,0.02815370280249474
37,0,0,0,1,1,1,1,0,0,1,0,0,1,0,1,0,0,1,1,0.7977734708331423,0.7189405920832638,0.0043169072108659315,0.0451328504105416,0.0451328504105416
4,1,0,1,0,0,1,1,0,0,0,0,0,1,0,0,0,0,1,1,0.4670545770939232,0.9221895280070969,0.015517187361763772,0.12087777811840728,0.12087777811840728
60,0,1,1,1,1,1,1,0,1,1,0,0,0,1,1,0,0,1,1,0.9456829258220394,0.6630148153227823,0.0029109829180785306,0.031759872056746574,0.031759872056746574
62,0,1,0,1,1,1,0,1,1,0,1,1,0,1,0,1,0,0,0,0.21943088278666906,0.6592190846564381,0.0028311702861325673,0.03096578220998969,0.03096578220998969
1,1,1,0,0,0,1,0,1,0,0,0,0,0,0,0,0,0,0,0,-0.6779972710785488,0.9743124842439652,0.02235010364622835,0.1468274853100915,0.1468274853100915
36,0,1,0,0,0,1,0,1,1,0,1,1,1,1,0,0,0,0,1,0.4786879050143985,0.7220842981429184,0.004410087057617903,0.045979950318991825,0.045979950318991825
44,0,1,0,0,0,1,0,0,0,0,0,0,0,0,0,0,1,0,0,-1.4757111856254088,0.6989597866938809,0.0037619201221218337,0.03998903582240876,0.03998903582240876
55,1,0,1,0,0,1,1,0,0,0,1,0,1,1,1,1,0,1,1,1.170039964288344,0.6730980579890953,0.0031319345818057722,0.033937922764987416,0.033937922764987416
72,0,0,0,1,0,1,1,0,1,0,1,0,1,1,1,0,1,0,1,1.336230363152273,0.6419575496164033,0.002490279067928491,0.027529416300707155,0.027529416300707155
12,1,0,0,1,1,1,0,0,0,0,0,0,0,0,0,1,0,0,0,-1.4956540334890804,0.8388580793219884,0.009318867014819062,0.08479678961103854,0.08479678961103854
13,0,0,0,0,0,0,0,1,1,0,0,0,0,0,0,0,0,0,1,-1.1283732519997967,0.8312566322761956,0.008894046614766308,0.0818402613059327,0.0818402613059327
1,1,1,0,0,0,1,1,0,0,0,0,0,1,1,0,0,0,1,1,0.8343353585832071,0.9743124842439652,0.02235010364622835,0.1468274853100915,0.1468274853100915
15,0,0,0,1,1,1,0,0,0,0,0,0,0,0,0,1,0,0,0,-1.470725473659491,0.817222359631732,0.00815567933565363,0.07653518145581295,0.07653518145581295
65,0,0,0,0,0,1,0,1,1,1,1,1,1,1,0,0,1,0,1,0.6664830557306382,0.6537547892731487,0.002719403042122667,0.02984713825493901,0.02984713825493901
12,0,0,0,1,1,0,0,1,1,0,0,1,0,0,0,1,0,0,0,-1.0519256685223894,0.8388580793219884,0.009318867014819062,0.08479678961103854,0.08479678961103854
72,0,1,0,1,0,1,0,1,1,1,1,1,1,1,1,0,1,0,1,0.9041353261060571,0.6419575496164033,0.002490279067928491,0.027529416300707155,0.027529416300707155
72,0,0,0,1,1,1,0,1,1,1,1,1,1,1,1,0,1,0,0,0.8310115506059281,0.6419575496164033,0.002490279067928491,0.027529416300707155,0.027529416300707155
72,0,0,0,1,1,1,1,0,1,1,1,1,1,1,1,0,1,0,1,1.6952016246983599,0.6419575496164033,0.002490279067928491,0.027529416300707155,0.027529416300707155
52,0,1,0,0,1,1,0,1,1,1,0,1,1,1,1,0,1,0,1,0.6764544796624743,0.6796022882225629,0.00328157591746785,0.03539633014558485,0.03539633014558485
2,0,1,0,0,0,1,0,0,0,0,0,0,0,0,1,0,0,0,0,-1.3278017306365117,0.9544211124058478,0.01918286543259826,0.13658902706858933,0.13658902706858933
5,0,0,0,0,0,1,0,1,1,0,0,1,1,0,0,0,0,1,1,-0.014897579611471463,0.9085818526659613,0.014256987321705751,0.11453932573635439,0.11453932573635439
68,0,0,0,0,0,1,0,0,0,0,0,0,0,0,0,0,1,0,0,-1.4723873776481302,0.6485447168747005,0.0026161967996319807,0.028807250213664037,0.028807250213664037
62,1,0,0,0,1,1,1,0,0,0,1,0,1,1,1,1,0,1,1,1.175025676254262,0.6592190846564381,0.0028311702861325673,0.03096578220998969,0.03096578220998969
72,0,1,0,0,0,1,0,1,1,1,0,1,1,1,1,0,1,0,0,0.7063687514579813,0.6419575496164033,0.002490279067928491,0.027529416300707155,0.027529416300707155
1,1,1,0,0,0,1,0,1,0,1,0,0,0,0,0,0,0,1,0,-0.46527356053271945,0.9743124842439652,0.02235010364622835,0.1468274853100915,0.1468274853100915
66,0,0,0,1,0,1,1,0,1,1,0,1,0,0,1,1,0,1,0,0.8044210867876996,0.6519909407703324,0.0026840999053434323,0.029492182160968494,0.029492182160968494
72,0,1,0,1,1,0,0,1,1,1,1,1,1,1,0,0,1,0,1,5.95562862822574e-05,0.6419575496164033,0.002490279067928491,0.027529416300707155,0.027529416300707155
26,0,1,0,0,0,1,0,0,0,0,0,0,0,0,0,1,0,0,0,-1.4956540334890804,0.7588796606729277,0.005631521405658712,0.05666748667997901,0.05666748667997901
64,0,1,0,1,1,1,1,0,1,0,1,0,0,1,1,0,1,0,0,0.9506686377879575,0.6555468612609421,0.002755656035094927,0.030210834407233156,0.030210834407233156
20,1,1,1,1,0,1,1,0,0,1,0,0,0,0,0,0,0,1,1,0.2942165622754372,0.7874709741517664,0.006767715032425889,0.0659587290124013,0.0659587290124013
3,1,0,0,0,0,1,1,0,0,1,0,0,1,1,0,0,0,1,1,1.007173373401693,0.9373188893787414,0.017092860770546496,0.12812771737333695,0.12812771737333695
22,1,1,0,0,0,1,1,0,0,0,0,0,1,1,1,0,0,0,1,0.9922162375039397,0.7772239626242997,0.006339847981342745,0.0625297608539006,0.0625297608539006
4,1,1,0,1,0,1,1,0,0,0,1,1,0,0,0,0,0,0,1,0.5252212166962984,0.9221895280070969,0.015517187361763772,0.12087777811840728,0.12087777811840728
62,0,1,0,1,0,0,0,1,0,0,0,1,1,0,0,0,1,0,1,-0.8574829018515923,0.6592190846564381,0.0028311702861325673,0.03096578220998969,0.03096578220998969
5,0,0,0,0,0,1,0,0,0,0,0,0,0,0,0,0,0,0,1,-1.4723873776481302,0.9085818526659613,0.014256987321705751,0.11453932573635439,0.11453932573635439
59,1,1,0,1,0,1,1,0,0,0,0,0,0,1,1,1,0,1,0,0.6897497115715884,0.6649614286359096,0.0029526183444970946,0.03217256791019485,0.03217256791019485
3,0,1,0,0,1,1,0,0,0,0,0,0,0,0,1,0,1,0,1,-1.2762827069886937,0.9373188893787414,0.017092860770546496,0.12812771737333695,0.12812771737333695
72,0,0,0,1,0,1,1,0,1,0,1,1,1,0,1,0,1,0,1,1.1102114206973295,0.6419575496164033,0.002490279067928491,0.027529416300707155,0.027529416300707155
57,0,1,0,1,1,1,1,0,0,1,1,0,1,1,0,1,0,0,1,1.0886066688450184,0.6689574203086703,0.003039606595789443,0.03303139376725084,0.03303139376725084
66,0,1,0,0,1,1,0,0,0,0,0,0,0,0,0,0,1,0,0,-1.4906683215231624,0.6519909407703324,0.0026840999053434323,0.029492182160968494,0.029492182160968494
60,1,0,0,0,0,0,0,1,0,1,0,0,1,1,0,0,0,1,1,-0.46527356053271945,0.6630148153227823,0.0029109829180785306,0.031759872056746574,0.031759872056746574
45,0,1,0,0,1,1,1,0,0,0,1,0,1,1,1,0,1,0,0,1.160068540356508,0.6963590108821652,0.0036942216775406023,0.039349803973645514,0.039349803973645514
3,0,0,0,0,0,0,0,1,0,0,0,0,1,0,0,0,0,0,1,-0.9970828368972928,0.9373188893787414,0.017092860770546496,0.12812771737333695,0.12812771737333695
15,1,0,0,0,0,1,1,0,1,0,1,1,1,1,0,0,0,1,0,1.3395541711295513,0.817222359631732,0.00815567933565363,0.07653518145581295,0.07653518145581295
51,0,0,0,0,1,0,0,1,1,0,1,1,1,1,0,1,0,0,0,-0.15449751465717185,0.681854139199785,0.003334724055742794,0.03591111081215892,0.03591111081215892
60,0,0,0,0,0,1,0,1,1,0,1,1,0,0,1,1,0,1,0,-0.00160234770235694,0.6630148153227823,0.0029109829180785306,0.031759872056746574,0.031759872056746574
33,0,1,0,0,0,1,0,1,0,1,0,0,0,0,1,0,0,0,1,-0.33730695340749395,0.732029255003116,0.004715929386838689,0.04872789424351476,0.04872789424351476
10,1,1,0,0,0,1,1,0,1,1,1,1,1,1,0,0,0,1,1,1.5057445699934806,0.8554585264638187,0.010313003097985489,0.09145336847937524,0.09145336847937524
26,0,1,1,0,0,1,0,0,0,0,0,0,0,0,0,1,0,0,0,-1.5122730733754732,0.7588796606729277,0.005631521405658712,0.05666748667997901,0.05666748667997901
6,1,0,0,0,0,1,1,0,0,0,1,0,0,1,0,0,0,1,0,0.634906879946492,0.8962011910421149,0.01321361285882388,0.10892151775419001,0.10892151775419001
67,0,0,0,1,0,1,1,0,1,0,1,1,1,1,1,1,0,1,1,1.5439683617321844,0.6502545080837984,0.0026497095459112013,0.029145652408135048,0.029145652408135048
49,0,0,0,1,1,0,0,1,1,0,0,1,0,0,0,1,0,0,1,-0.963844757124507,0.6864927538867036,0.0034464244917631367,0.03698759780359384,0.03698759780359384
1,0,1,0,0,0,1,0,0,0,0,0,0,0,0,0,0,0,0,1,-1.487344513545884,0.9743124842439652,0.02235010364622835,0.1468274853100915,0.1468274853100915
7,0,0,1,0,0,1,1,0,0,0,1,0,1,0,0,0,0,1,1,0.6498640158442452,0.8848383086630132,0.012329368360988486,0.10389128471090825,0.10389128471090825
27,0,0,1,0,0,1,1,0,1,1,1,0,1,1,1,1,0,0,1,1.519039801902595,0.7546760980475697,0.005479040808994945,0.05537422178102336,0.05537422178102336
37,0,1,0,1,1,1,1,0,0,0,0,0,1,1,0,1,0,0,0,0.8775448622878286,0.7189405920832638,0.0043169072108659315,0.0451328504105416,0.0451328504105416
63,1,0,0,1,1,1,1,0,1,1,1,0,1,0,1,0,0,1,1,1.1883209081633759,0.6573679996492523,0.0027928980105273514,0.030583600220822293,0.030583600220822293
31,0,1,0,1,1,1,1,0,1,0,1,1,0,0,1,0,0,1,0,0.8143925107195352,0.7391329118702427,0.004945042598351195,0.05075440110013929,0.05075440110013929
50,1,1,0,1,1,1,1,0,0,1,1,0,1,1,1,0,0,0,1,1.2980065714135691,0.6841504128114664,0.003389643293482253,0.03644129666249096,0.03644129666249096
32,0,1,1,0,0,1,1,0,0,0,1,0,0,0,1,0,0,0,1,0.5418402565826913,0.7355303895625583,0.00482771692436557,0.04972004336955682,0.04972004336955682
1,1,0,0,0,0,0,0,1,0,0,0,0,0,0,0,0,0,1,0,-1.3361112505797081,0.9743124842439652,0.02235010364622835,0.1468274853100915,0.1468274853100915
63,0,0,0,1,0,1,1,0,0,0,0,1,0,0,1,1,0,0,1,0.5451640645599701,0.6573679996492523,0.0027928980105273514,0.030583600220822293,0.030583600220822293
30,0,1,0,0,0,1,1,0,1,1,0,0,0,1,1,0,0,0,1,0.9805829095834644,0.7428424163487329,0.0050683354621543905,0.051833777579476825,0.051833777579476825
71,0,1,0,1,0,1,1,0,1,1,1,1,1,1,1,0,1,0,1,1.7051730486301957,0.6435679119154606,0.0025205988088756303,0.02783802704790539,0.02783802704790539
53,0,0,0,0,0,1,1,0,0,1,1,0,1,1,1,0,1,1,0,1.3545113070273052,0.6773932996244997,0.003230113874366814,0.03489628604896822,0.03489628604896822
12,1,0,0,0,0,1,1,0,1,0,0,1,1,1,0,0,0,0,1,1.1334780765382795,0.8388580793219884,0.009318867014819062,0.08479678961103854,0.08479678961103854
50,0,1,0,1,0,1,1,0,1,1,0,0,0,1,1,0,0,0,1,0.9839067175607433,0.6841504128114664,0.003389643293482253,0.03644129666249096,0.03644129666249096
2,0,0,0,0,0,1,0,0,0,0,0,0,0,0,0,0,0,0,0,-1.505625457420916,0.9544211124058478,0.01918286543259826,0.13658902706858933,0.13658902706858933
9,1,0,0,0,0,1,1,0,0,0,1,0,1,1,1,0,0,0,0,1.1135352286746079,0.8645756330248363,0.010901071741709328,0.09522425637547682,0.09522425637547682
17,1,1,0,0,0,1,1,0,1,0,0,0,1,1,0,0,0,1,0,0.9656257736857107,0.8045134998853144,0.007534869537132169,0.07190499047148602,0.07190499047148602
56,0,0,0,1,0,1,1,0,1,1,1,0,1,1,0,1,0,0,1,1.3561732110159443,0.6710090587453561,0.003085072619735503,0.03347844798497823,0.03347844798497823
67,0,1,0,1,1,1,0,1,1,1,1,0,1,1,0,0,1,0,0,0.5501497765258878,0.6502545080837984,0.0026497095459112013,0.029145652408135048,0.029145652408135048
9,1,1,1,0,0,1,1,0,0,0,1,0,1,1,1,0,0,1,1,1.1866590041747367,0.8645756330248363,0.010901071741709328,0.09522425637547682,0.09522425637547682
4,0,1,0,0,0,1,0,1,0,0,0,0,1,0,0,0,0,1,1,-0.2791403138051187,0.9221895280070969,0.015517187361763772,0.12087777811840728,0.12087777811840728
19,0,1,0,0,0,1,0,1,0,1,0,1,0,1,0,1,0,0,1,0.018340500161314374,0.7929113200145855,0.0070048485392757275,0.06782398836650938,0.06782398836650938
8,0,0,0,0,1,1,0,0,0,0,0,0,0,0,0,0,0,0,0,-1.4906683215231624,0.8743368175545859,0.01156705087089483,0.09935054964947354,0.09935054964947354
71,0,0,0,0,0,1,1,0,0,1,1,1,1,1,1,0,1,1,1,1.5439683617321844,0.6435679119154606,0.0025205988088756303,0.02783802704790539,0.02783802704790539
10,1,1,1,0,0,1,1,0,0,1,0,0,0,0,0,0,0,1,1,0.26762609845720814,0.8554585264638187,0.010313003097985489,0.09145336847937524,0.09145336847937524
15,0,0,1,0,0,1,1,0,0,1,0,0,1,0,1,0,0,0,0,0.8044210867876996,0.817222359631732,0.00815567933565363,0.07653518145581295,0.07653518145581295
72,0,1,0,1,1,1,1,0,1,0,1,0,1,1,1,1,0,0,1,1.3727922509023371,0.6419575496164033,0.002490279067928491,0.027529416300707155,0.027529416300707155
12,0,1,0,0,0,1,0,0,0,0,0,0,0,0,0,1,0,0,0,-1.487344513545884,0.8388580793219884,0.009318867014819062,0.08479678961103854,0.08479678961103854
72,0,1,0,1,1,1,0,0,0,0,0,0,0,0,1,0,1,0,1,-1.3161684027160367,0.6419575496164033,0.002490279067928491,0.027529416300707155,0.027529416300707155
1,1,1,1,1,0,1,1,0,0,0,0,0,0,0,1,0,0,1,1,0.2908927542981583,0.9743124842439652,0.02235010364622835,0.1468274853100915,0.1468274853100915
23,0,0,1,0,0,1,1,0,1,0,0,0,0,0,0,0,0,0,1,0.3523832018778124,0.7723876776489026,0.006146116983133188,0.060949762364490456,0.060949762364490456
72,0,1,0,0,0,0,0,1,1,1,1,1,1,1,0,0,1,0,1,0.024988116115871636,0.6419575496164033,0.002490279067928491,0.027529416300707155,0.027529416300707155
26,0,0,0,0,0,1,1,0,0,0,1,0,0,0,1,0,0,1,1,0.5285450246735772,0.7588796606729277,0.005631521405658712,0.05666748667997901,0.05666748667997901
21,0,0,0,0,0,1,1,0,0,1,1,1,1,1,0,1,0,0,1,1.3212732272545193,0.7822470612896891,0.006546583090128551,0.06419686154369075,0.06419686154369075
60,0,1,0,1,0,1,0,0,0,0,0,0,0,0,1,1,0,0,0,-1.351068386477462,0.6630148153227823,0.0029109829180785306,0.031759872056746574,0.031759872056746574
12,0,1,0,0,0,1,0,0,0,0,0,0,0,0,0,0,0,0,0,-1.4740492816367694,0.8388580793219884,0.009318867014819062,0.08479678961103854,0.08479678961103854
16,0,1,0,1,0,1,1,0,0,0,0,0,0,0,1,0,0,1,1,0.3523832018778124,0.8107173068575363,0.007832475449686212,0.07414442618478301,0.07414442618478301
63,0,0,0,1,0,1,0,1,1,1,0,0,1,1,1,1,0,0,1,0.4953069449007914,0.6573679996492523,0.0027928980105273514,0.030583600220822293,0.030583600220822293
22,0,0,1,0,0,1,1,0,1,1,0,0,0,0,0,0,0,1,0,0.561783104446363,0.7772239626242997,0.006339847981342745,0.0625297608539006,0.0625297608539006
32,0,0,0,1,1,1,0,1,1,1,1,1,0,1,0,0,0,0,0,0.3822974736733194,0.7355303895625583,0.00482771692436557,0.04972004336955682,0.04972004336955682
3,1,0,1,0,0,1,1,0,0,1,0,0,0,0,1,0,0,1,1,0.48533552096895577,0.9373188893787414,0.017092860770546496,0.12812771737333695,0.12812771737333695
13,1,0,0,0,0,1,1,0,0,1,1,0,0,0,0,0,0,1,1,0.5435021605713309,0.8312566322761956,0.008894046614766308,0.0818402613059327,0.0818402613059327
68,0,0,0,1,1,1,1,0,0,1,0,1,1,1,1,0,1,0,1,1.2946827634362907,0.6485447168747005,0.0026161967996319807,0.028807250213664037,0.028807250213664037
30,0,0,0,1,1,1,1,0,0,0,1,0,0,1,0,1,0,1,0,0.7196639833670958,0.7428424163487329,0.0050683354621543905,0.051833777579476825,0.051833777579476825
16,0,0,0,0,0,1,1,0,0,1,0,0,0,0,0,0,0,0,0,0.34241177794597627,0.8107173068575363,0.007832475449686212,0.07414442618478301,0.07414442618478301
33,0,1,0,0,0,1,1,0,0,1,0,1,0,0,0,0,1,0,0,0.5252212166962984,0.732029255003116,0.004715929386838689,0.04872789424351476,0.04872789424351476
72,0,1,0,1,0,1,0,0,0,0,0,0,0,0,0,0,1,0,0,-1.5122730733754732,0.6419575496164033,0.002490279067928491,0.027529416300707155,0.027529416300707155
4,1,0,1,0,0,1,1,0,0,0,0,0,0,1,1,0,0,1,1,0.6581735357874418,0.9221895280070969,0.015517187361763772,0.12087777811840728,0.12087777811840728
12,0,0,0,0,0,0,0,1,1,0,0,1,0,0,0,1,0,0,1,-1.0369685326246356,0.8388580793219884,0.009318867014819062,0.08479678961103854,0.08479678961103854
4,0,0,1,1,0,1,1,0,0,0,0,0,1,0,1,0,0,1,1,0.613302128094181,0.9221895280070969,0.015517187361763772,0.12087777811840728,0.12087777811840728
6,1,0,0,0,0,1,1,0,1,0,0,0,0,0,1,0,0,1,1,0.47370219304848044,0.8962011910421149,0.01321361285882388,0.10892151775419001,0.10892151775419001
65,0,0,0,1,0,1,1,0,0,1,1,1,1,1,1,1,0,0,1,1.4376065064592698,0.6537547892731487,0.002719403042122667,0.02984713825493901,0.02984713825493901
15,0,0,0,0,0,1,0,0,0,0,0,0,0,0,0,0,0,0,0,-1.4923302255118018,0.817222359631732,0.00815567933565363,0.07653518145581295,0.07653518145581295
24,0,0,0,0,1,1,0,0,0,0,0,0,0,0,0,1,0,0,0,-1.454106433773098,0.7677256072562019,0.005964174846469762,0.05945002834593771,0.05945002834593771
13,0,0,0,0,1,0,0,1,0,1,0,0,0,0,0,0,0,1,0,-1.1516399078407469,0.8312566322761956,0.008894046614766308,0.0818402613059327,0.0818402613059327
24,0,1,0,0,0,1,1,0,0,0,0,0,0,1,0,0,0,0,1,0.500292656866709,0.7677256072562019,0.005964174846469762,0.05945002834593771,0.05945002834593771
72,0,0,0,1,0,0,0,1,1,1,1,1,1,1,0,0,1,0,0,0.02332621212723244,0.6419575496164033,0.002490279067928491,0.027529416300707155,0.027529416300707155
54,0,0,0,1,1,1,1,0,1,1,0,0,1,1,1,0,0,0,1,1.3063160913567655,0.6752256920763566,0.003180258311786613,0.03441034838970081,0.03441034838970081
3,1,0,0,0,0,1,1,0,0,0,0,0,0,0,1,0,0,0,0,0.31914512210502655,0.9373188893787414,0.017092860770546496,0.12812771737333695,0.12812771737333695
4,0,1,0,1,1,1,0,0,0,0,0,0,0,0,0,0,0,0,1,-1.4723873776481302,0.9221895280070969,0.015517187361763772,0.12087777811840728,0.12087777811840728
32,0,0,1,1,1,1,1,0,0,0,1,0,1,0,1,0,0,0,1,0.8825305742537461,0.7355303895625583,0.00482771692436557,0.04972004336955682,0.04972004336955682
35,1,1,1,0,0,1,1,0,0,0,1,0,1,1,1,0,0,1,1,1.1384637885041973,0.7253108322429414,0.004507451042951911,0.04686012202126277,0.04686012202126277
35,0,1,0,1,1,1,0,0,0,0,0,0,0,0,0,0,1,0,0,-1.4723873776481302,0.7253108322429414,0.004507451042951911,0.04686012202126277,0.04686012202126277
2,1,1,1,0,0,1,0,1,0,0,0,0,0,0,0,0,0,0,0,-0.6597163272035164,0.9544211124058478,0.01918286543259826,0.13658902706858933,0.13658902706858933
8,0,0,0,0,0,1,1,0,0,1,0,0,0,0,0,0,0,1,0,0.3590308178323692,0.8743368175545859,0.01156705087089483,0.09935054964947354,0.09935054964947354
22,0,1,0,0,0,1,0,1,1,0,0,1,0,0,0,0,0,0,0,-0.32234981750974023,0.7772239626242997,0.006339847981342745,0.0625297608539006,0.0625297608539006
15,0,0,0,0,0,1,0,1,1,0,1,1,0,0,0,0,0,1,0,-0.1943832103845147,0.817222359631732,0.00815567933565363,0.07653518145581295,0.07653518145581295
22,0,1,0,0,0,1,1,0,0,0,0,0,1,1,1,0,0,1,1,1.007173373401693,0.7772239626242997,0.006339847981342745,0.0625297608539006,0.0625297608539006
1,1,1,0,1,0,1,0,1,0,0,0,0,0,0,0,0,0,0,0,-0.6680258471467129,0.9743124842439652,0.02235010364622835,0.1468274853100915,0.1468274853100915
71,0,0,0,1,1,1,0,0,0,0,0,0,0,0,1,0,1,0,0,-1.3078588827728401,0.6435679119154606,0.0025205988088756303,0.02783802704790539,0.02783802704790539
4,0,1,0,0,0,1,0,1,1,0,1,0,0,0,0,0,0,1,0,-0.2675069858846436,0.9221895280070969,0.015517187361763772,0.12087777811840728,0.12087777811840728
25,0,1,0,0,0,1,0,1,1,1,1,1,0,1,1,0,0,0,0,0.5634450084350023,0.7632263722784222,0.005792955912006608,0.05802443652851541,0.05802443652851541
32,0,0,0,1,1,1,1,0,0,1,0,0,1,0,0,0,0,1,1,0.7080306554466205,0.7355303895625583,0.00482771692436557,0.04972004336955682,0.04972004336955682
7,0,1,1,1,0,0,0,1,1,0,0,0,0,0,0,0,0,0,0,-1.163273235761222,0.8848383086630132,0.012329368360988486,0.10389128471090825,0.10389128471090825
17,0,1,0,0,0,1,0,0,0,0,0,0,0,0,0,1,0,0,1,-1.4723873776481302,0.8045134998853144,0.007534869537132169,0.07190499047148602,0.07190499047148602
8,0,1,1,1,0,1,0,1,1,0,0,0,1,0,0,0,0,0,0,-0.12956895482758246,0.8743368175545859,0.01156705087089483,0.09935054964947354,0.09935054964947354
56,0,0,1,0,0,1,0,1,1,0,1,1,0,1,1,0,1,0,0,0.28092133036632266,0.6710090587453561,0.003085072619735503,0.03347844798497823,0.03347844798497823
1,1,1,0,0,0,1,0,1,0,0,0,0,0,0,0,0,0,0,1,-0.6347877673739271,0.9743124842439652,0.02235010364622835,0.1468274853100915,0.1468274853100915
8,1,1,1,0,0,1,1,0,1,0,0,1,1,1,0,0,0,0,0,1.1800113882201795,0.8743368175545859,0.01156705087089483,0.09935054964947354,0.09935054964947354
7,1,1,0,0,0,1,0,0,0,0,0,0,0,0,0,0,0,1,0,-1.5139349773641124,0.8848383086630132,0.012329368360988486,0.10389128471090825,0.10389128471090825
3,0,1,0,0,1,1,0,0,0,0,0,0,0,0,0,0,0,0,0,-1.4607540497276552,0.9373188893787414,0.017092860770546496,0.12812771737333695,0.12812771737333695
71,0,0,0,0,0,1,0,1,1,1,1,1,1,0,0,0,1,0,0,0.4171974574347444,0.6435679119154606,0.0025205988088756303,0.02783802704790539,0.02783802704790539
2,1,0,0,0,0,1,1,0,0,0,0,0,1,1,1,0,0,1,1,1.0370876451972004,0.9544211124058478,0.01918286543259826,0.13658902706858933,0.13658902706858933
1,1,0,0,0,0,1,1,0,0,0,0,0,1,1,0,0,0,1,0,0.8559401104355175,0.9743124842439652,0.02235010364622835,0.1468274853100915,0.1468274853100915
49,0,1,0,1,0,1,1,0,1,1,0,0,1,0,1,0,0,0,1,0.9656257736857107,0.6864927538867036,0.0034464244917631367,0.03698759780359384,0.03698759780359384
58,0,1,0,0,0,1,0,1,0,1,1,1,1,0,0,0,1,0,0,0.1762213790820471,0.6669419291751147,0.0029954745981990286,0.0325962586220786,0.0325962586220786
44,1,1,1,1,0,0,0,1,0,1,0,0,0,0,0,0,0,1,1,-1.1449922918861897,0.6989597866938809,0.0037619201221218337,0.03998903582240876,0.03998903582240876
59,0,0,0,1,1,1,0,1,0,1,0,1,1,1,0,0,1,0,1,0.3706641457528445,0.6649614286359096,0.0029526183444970946,0.03217256791019485,0.03217256791019485
71,1,1,0,0,0,1,1,0,1,0,1,1,1,1,1,0,1,1,1,1.4376065064592698,0.6435679119154606,0.0025205988088756303,0.02783802704790539,0.02783802704790539
1,1,1,0,0,0,1,1,0,0,0,0,0,0,0,0,0,0,1,1,0.1695737631274903,0.9743124842439652,0.02235010364622835,0.1468274853100915,0.1468274853100915
11,0,0,0,0,0,1,1,0,0,0,0,0,0,0,1,0,0,1,0,0.34739748991189434,0.8469074549655476,0.009789108115316166,0.08799046091721618,0.08799046091721618
62,1,1,1,1,0,1,1,0,0,1,1,0,1,1,1,1,0,1,1,1.2946827634362907,0.6592190846564381,0.0028311702861325673,0.03096578220998969,0.03096578220998969
35,0,0,0,1,1,1,0,1,1,0,0,1,0,0,0,1,0,0,1,-0.327335529475658,0.7253108322429414,0.004507451042951911,0.04686012202126277,0.04686012202126277
20,0,0,0,0,0,1,0,0,0,0,0,0,0,0,0,0,0,0,1,-1.505625457420916,0.7874709741517664,0.006767715032425889,0.0659587290124013,0.0659587290124013
40,0,1,0,1,1,1,0,0,0,0,0,0,0,0,0,0,1,0,0,-1.5023016494436374,0.7099691459680679,0.004059910336396862,0.04277208089669704,0.04277208089669704
39,0,0,0,0,0,1,0,1,1,0,0,0,0,0,0,1,0,1,1,-0.5633258958624375,0.7128864964214463,0.00414205349534239,0.043530572366621945,0.043530572366621945
1,1,1,0,0,0,1,1,0,0,0,0,0,0,1,1,0,0,1,1,0.7246496953330134,0.9743124842439652,0.02235010364622835,0.1468274853100915,0.1468274853100915
72,0,0,0,1,1,1,0,0,0,0,0,0,0,0,1,0,1,0,0,-1.3643636183865762,0.6419575496164033,0.002490279067928491,0.027529416300707155,0.027529416300707155
33,1,0,1,1,0,1,1,0,0,1,0,0,0,0,1,0,0,0,1,0.5252212166962984,0.732029255003116,0.004715929386838689,0.04872789424351476,0.04872789424351476
12,0,0,0,0,0,1,0,1,0,0,0,0,0,0,0,0,0,0,0,-0.6979401189422203,0.8388580793219884,0.009318867014819062,0.08479678961103854,0.08479678961103854
1,0,1,0,0,0,1,0,0,0,0,0,0,0,0,0,0,0,0,0,-1.4973159374777196,0.9743124842439652,0.02235010364622835,0.1468274853100915,0.1468274853100915
27,0,1,0,0,1,1,0,0,0,0,0,0,0,0,0,0,0,0,0,-1.5172587853413912,0.7546760980475697,0.005479040808994945,0.05537422178102336,0.05537422178102336
34,0,1,0,1,1,1,0,0,0,0,0,0,0,0,0,1,0,0,0,-1.5023016494436374,0.7286243341114813,0.004609291590527576,0.04777537654084685,0.04777537654084685
56,0,0,0,1,0,1,1,0,1,0,1,0,0,0,0,0,1,0,0,0.5152497927644627,0.6710090587453561,0.003085072619735503,0.03347844798497823,0.03347844798497823
58,0,0,0,0,0,1,0,0,0,0,0,0,0,0,1,0,1,0,0,-1.3444207705229048,0.6669419291751147,0.0029954745981990286,0.0325962586220786,0.0325962586220786
22,0,0,0,1,1,1,0,0,0,0,0,0,0,0,1,0,1,0,0,-1.3145064987273976,0.7772239626242997,0.006339847981342745,0.0625297608539006,0.0625297608539006
10,0,0,0,1,1,1,0,0,0,0,0,0,0,0,1,0,1,0,0,-1.2862541309205295,0.8554585264638187,0.010313003097985489,0.09145336847937524,0.09145336847937524
13,0,1,0,0,0,1,0,0,0,0,0,0,0,0,0,0,1,0,0,-1.4890064175345232,0.8312566322761956,0.008894046614766308,0.0818402613059327,0.0818402613059327
35,1,0,0,0,0,1,1,0,0,1,0,1,0,0,1,0,0,0,0,0.6814401916283919,0.7253108322429414,0.004507451042951911,0.04686012202126277,0.04686012202126277
34,1,0,0,0,0,1,1,0,0,0,0,0,0,0,0,0,0,0,1,0.1728975711047687,0.7286243341114813,0.004609291590527576,0.04777537654084685,0.04777537654084685
4,1,0,1,0,0,1,1,0,0,0,0,0,1,1,1,0,0,1,1,0.9805829095834644,0.9221895280070969,0.015517187361763772,0.12087777811840728,0.12087777811840728
72,0,1,0,1,0,1,0,0,0,0,0,0,0,0,0,0,1,0,0,-1.465739761693573,0.6419575496164033,0.002490279067928491,0.027529416300707155,0.027529416300707155
2,0,1,0,0,0,1,0,1,0,0,0,1,1,1,0,0,0,1,0,0.18286899503660436,0.9544211124058478,0.01918286543259826,0.13658902706858933,0.13658902706858933
7,1,0,0,0,0,1,1,0,0,0,1,0,1,1,0,0,0,1,1,1.0154828933448894,0.8848383086630132,0.012329368360988486,0.10389128471090825,0.10389128471090825
27,1,1,1,1,0,1,1,0,0,0,0,0,0,0,1,0,0,1,1,0.3557070098550908,0.7546760980475697,0.005479040808994945,0.05537422178102336,0.05537422178102336
4,0,1,0,1,1,1,1,0,0,0,0,0,0,0,0,0,0,0,1,0.15794043520701498,0.9221895280070969,0.015517187361763772,0.12087777811840728,0.12087777811840728
37,0,0,0,0,0,1,0,0,0,0,0,0,0,0,0,0,1,0,0,-1.493992129500441,0.7189405920832638,0.0043169072108659315,0.0451328504105416,0.0451328504105416
21,0,1,0,0,0,1,0,0,0,0,0,0,0,0,0,0,0,0,0,-1.4890064175345232,0.7822470612896891,0.006546583090128551,0.06419686154369075,0.06419686154369075
53,0,0,1,1,0,1,1,0,0,0,0,0,1,1,1,1,0,0,1,1.0321019332312824,0.6773932996244997,0.003230113874366814,0.03489628604896822,0.03489628604896822
18,1,0,0,0,0,1,1,0,0,0,0,1,0,1,1,0,0,1,1,0.8409829745377638,0.798585597100695,0.007259843514731271,0.06980238681281059,0.06980238681281059
2,1,0,0,0,0,1,1,0,0,0,0,0,0,0,0,0,0,1,0,0.13799758734334366,0.9544211124058478,0.01918286543259826,0.13658902706858933,0.13658902706858933
32,1,1,0,1,1,1,1,0,1,0,0,0,1,1,1,0,0,0,1,1.15508282839059,0.7355303895625583,0.00482771692436557,0.04972004336955682,0.04972004336955682
23,0,1,1,1,0,1,0,0,0,0,0,0,0,0,0,1,0,1,1,-1.4640778577049338,0.7723876776489026,0.006146116983133188,0.060949762364490456,0.060949762364490456
3,0,1,0,0,0,1,0,1,1,0,0,0,0,0,0,0,0,0,1,-0.4868783123850302,0.9373188893787414,0.017092860770546496,0.12812771737333695,0.12812771737333695
71,0,0,0,1,1,0,0,1,1,1,0,1,1,1,0,0,1,0,0,-0.2043546343163506,0.6435679119154606,0.0025205988088756303,0.02783802704790539,0.02783802704790539
9,0,1,0,0,0,1,1,0,0,0,0,1,1,1,0,0,0,0,1,1.033763837219922,0.8645756330248363,0.010901071741709328,0.09522425637547682,0.09522425637547682
1,0,0,0,0,0,1,0,1,0,1,0,0,0,0,0,0,0,1,0,-0.5084830642373409,0.9743124842439652,0.02235010364622835,0.1468274853100915,0.1468274853100915
18,1,1,0,1,1,1,0,1,0,0,1,0,0,1,0,0,0,1,0,-0.24424033004369344,0.798585597100695,0.007259843514731271,0.06980238681281059,0.06980238681281059
12,1,1,0,1,1,1,0,1,0,0,0,0,0,1,0,1,0,0,0,-0.37054503318027976,0.8388580793219884,0.009318867014819062,0.08479678961103854,0.08479678961103854
71,0,1,0,1,0,1,0,1,1,1,1,1,0,1,1,0,1,0,1,0.5086021768099055,0.6435679119154606,0.0025205988088756303,0.02783802704790539,0.02783802704790539
64,0,0,0,0,0,1,0,0,0,0,0,0,0,0,1,1,0,0,1,-1.3427588665342656,0.6555468612609421,0.002755656035094927,0.030210834407233156,0.030210834407233156
4,0,1,0,0,0,0,0,1,0,0,0,1,0,1,0,0,0,1,1,-0.8225829180901671,0.9221895280070969,0.015517187361763772,0.12087777811840728,0.12087777811840728
23,0,0,0,0,0,1,0,0,0,0,0,0,0,0,0,0,0,0,1,-1.505625457420916,0.7723876776489026,0.006146116983133188,0.060949762364490456,0.060949762364490456
39,0,0,0,1,1,1,0,1,1,0,0,0,0,0,0,0,0,0,0,-0.456964040589523,0.7128864964214463,0.00414205349534239,0.043530572366621945,0.043530572366621945
28,0,1,0,1,0,1,0,1,1,0,0,1,0,0,0,1,0,0,0,-0.3472783773393296,0.7506071373425116,0.0053347764644180165,0.05414016114784159,0.05414016114784159
5,0,0,1,0,0,1,1,0,0,1,0,0,1,0,0,0,0,1,1,0.6614973437647206,0.9085818526659613,0.014256987321705751,0.11453932573635439,0.11453932573635439
45,0,0,1,1,0,1,1,0,0,0,1,0,0,1,0,0,0,1,1,0.7080306554466205,0.6963590108821652,0.0036942216775406023,0.039349803973645514,0.039349803973645514
37,0,1,0,0,0,1,1,0,0,0,0,0,0,0,0,0,0,0,1,0.18453089902524356,0.7189405920832638,0.0043169072108659315,0.0451328504105416,0.0451328504105416
60,0,0,1,1,0,1,1,0,1,1,1,1,1,1,0,0,1,0,1,1.5024207620162022,0.6630148153227823,0.0029109829180785306,0.031759872056746574,0.031759872056746574
8,1,1,1,0,0,1,1,0,0,0,1,0,1,1,1,0,0,1,1,1.189982812152015,0.8743368175545859,0.01156705087089483,0.09935054964947354,0.09935054964947354
47,0,0,0,0,0,1,1,0,1,0,1,0,1,0,1,1,0,0,0,1.0005257574471362,0.6913226781406935,0.0035659686558325962,0.038131613989117574,0.038131613989117574
26,1,1,0,1,1,1,1,0,0,0,0,0,1,0,1,0,0,1,1,0.629921167980574,0.7588796606729277,0.005631521405658712,0.05666748667997901,0.05666748667997901
3,1,0,1,1,1,1,1,0,1,0,0,1,1,0,0,0,0,0,1,0.7811544309467494,0.9373188893787414,0.017092860770546496,0.12812771737333695,0.12812771737333695
50,0,0,0,1,1,1,1,0,0,0,0,0,0,0,0,0,0,0,1,0.16458805116157224,0.6841504128114664,0.003389643293482253,0.03644129666249096,0.03644129666249096
27,0,1,0,1,1,1,0,1,0,0,0,1,1,1,1,0,0,0,0,0.22607849874122585,0.7546760980475697,0.005479040808994945,0.05537422178102336,0.05537422178102336
8,1,0,1,0,0,1,1,0,0,0,1,0,1,1,0,0,0,1,1,0.9074591340833355,0.8743368175545859,0.01156705087089483,0.09935054964947354,0.09935054964947354
62,0,0,0,1,0,1,0,0,0,0,0,0,0,0,1,0,1,0,0,-1.367687426363855,0.6592190846564381,0.0028311702861325673,0.03096578220998969,0.03096578220998969
71,0,0,0,1,0,1,0,1,1,0,1,1,1,1,0,0,1,0,0,0.5667688164122807,0.6435679119154606,0.0025205988088756303,0.02783802704790539,0.02783802704790539
66,0,1,0,0,0,1,0,0,0,0,0,0,0,0,1,0,1,0,0,-1.3194922106933153,0.6519909407703324,0.0026840999053434323,0.029492182160968494,0.029492182160968494
68,0,1,0,1,1,1,1,0,1,1,1,1,1,1,1,0,1,0,1,1.6586397369482957,0.6485447168747005,0.0026161967996319807,0.028807250213664037,0.028807250213664037
13,0,0,0,0,0,0,0,1,0,0,1,0,1,1,0,0,0,1,0,-0.520116392157816,0.8312566322761956,0.008894046614766308,0.0818402613059327,0.0818402613059327
56,0,1,0,1,0,1,1,0,0,0,0,0,0,1,0,1,0,1,1,0.5351926406281345,0.6710090587453561,0.003085072619735503,0.03347844798497823,0.03347844798497823
38,1,1,0,1,0,1,1,0,1,1,0,0,0,0,0,0,0,1,1,0.48699742495759496,0.7158758576100376,0.0042276442662364,0.04431696426317133,0.04431696426317133
14,1,1,1,0,0,1,1,0,0,0,0,0,1,1,0,0,0,0,0,0.8526163024582392,0.8240576612486123,0.008508086494505379,0.07909398048302463,0.07909398048302463
16,0,0,0,0,1,1,0,0,0,0,0,0,0,0,0,1,0,0,1,-1.5122730733754732,0.8107173068575363,0.007832475449686212,0.07414442618478301,0.07414442618478301
14,0,0,0,1,1,1,1,0,0,0,0,0,0,0,0,0,0,1,0,0.17954518705932596,0.8240576612486123,0.008508086494505379,0.07909398048302463,0.07909398048302463
32,1,1,0,1,1,1,1,0,0,0,0,0,0,0,0,0,0,0,1,0.16458805116157224,0.7355303895625583,0.00482771692436557,0.04972004336955682,0.04972004336955682
8,0,0,0,0,0,1,0,1,1,0,0,1,0,0,0,1,0,0,0,-0.35060218531660825,0.8743368175545859,0.01156705087089483,0.09935054964947354,0.09935054964947354
43,0,0,0,1,1,1,1,0,0,0,1,0,1,1,1,0,0,0,1,1.1467733084473937,0.7016186635948665,0.003832182002392298,0.04064972482294138,0.04064972482294138
52,0,0,0,0,0,1,0,1,1,0,1,1,1,0,1,1,0,0,0,0.3058498901959121,0.6796022882225629,0.00328157591746785,0.03539633014558485,0.03539633014558485
3,0,1,0,0,0,1,0,1,0,0,0,1,0,0,0,0,0,0,1,-0.48355450440775155,0.9373188893787414,0.017092860770546496,0.12812771737333695,0.12812771737333695
29,0,1,0,0,0,1,0,0,0,0,0,0,0,0,0,1,0,0,1,-1.4956540334890804,0.746664964341879,0.005198070769814978,0.05296124339833497,0.05296124339833497
1,1,0,0,0,0,1,0,0,0,0,0,0,0,0,0,0,0,0,0,-1.5006397454549982,0.9743124842439652,0.02235010364622835,0.1468274853100915,0.1468274853100915
12,1,1,1,0,0,0,0,1,0,0,1,1,0,1,0,0,0,1,1,-0.7029258309081381,0.8388580793219884,0.009318867014819062,0.08479678961103854,0.08479678961103854
16,0,0,0,1,1,0,0,1,0,0,0,0,0,1,0,0,0,0,1,-0.9738161810563427,0.8107173068575363,0.007832475449686212,0.07414442618478301,0.07414442618478301
40,0,0,0,0,0,1,0,1,0,0,1,1,1,1,1,1,0,0,1,0.5302069286622164,0.7099691459680679,0.004059910336396862,0.04277208089669704,0.04277208089669704
5,1,0,0,0,0,0,0,1,0,0,1,0,0,1,0,0,0,1,0,-0.8408638619651994,0.9085818526659613,0.014256987321705751,0.11453932573635439,0.11453932573635439
40,1,1,0,1,0,1,1,0,0,0,0,0,1,1,1,0,0,0,1,1.0736495329472646,0.7099691459680679,0.004059910336396862,0.04277208089669704,0.04277208089669704
36,0,0,0,0,0,1,0,0,0,0,0,0,0,0,0,1,0,0,0,-1.5039635534322768,0.7220842981429184,0.004410087057617903,0.045979950318991825,0.045979950318991825
5,1,0,0,0,0,1,1,0,0,0,0,0,0,1,0,0,0,1,1,0.5052783688326271,0.9085818526659613,0.014256987321705751,0.11453932573635439,0.11453932573635439
10,1,0,0,0,0,1,1,0,1,0,0,0,1,0,0,0,0,0,1,0.6614973437647206,0.8554585264638187,0.010313003097985489,0.09145336847937524,0.09145336847937524
2,1,1,0,1,1,1,1,0,0,0,0,0,1,1,0,0,0,0,1,0.8227020306627317,0.9544211124058478,0.01918286543259826,0.13658902706858933,0.13658902706858933
23,1,1,0,0,0,1,1,0,0,0,0,1,1,0,1,0,0,1,1,0.8576020144241567,0.7723876776489026,0.006146116983133188,0.060949762364490456,0.060949762364490456
26,0,1,0,1,1,1,0,0,0,0,0,0,0,0,0,1,0,0,1,-1.487344513545884,0.7588796606729277,0.005631521405658712,0.05666748667997901,0.05666748667997901
72,0,0,1,1,0,1,1,0,1,1,1,0,1,1,1,0,1,1,1,1.5821921534708883,0.6419575496164033,0.002490279067928491,0.027529416300707155,0.027529416300707155
34,0,0,0,1,0,1,0,1,0,0,0,1,0,0,0,0,0,0,0,-0.4852164083963908,0.7286243341114813,0.004609291590527576,0.04777537654084685,0.04777537654084685
10,0,1,0,0,0,1,0,1,1,0,0,1,1,0,0,0,0,0,0,-0.08469754713432154,0.8554585264638187,0.010313003097985489,0.09145336847937524,0.09145336847937524
14,0,0,0,0,0,1,0,1,1,0,0,1,0,0,0,1,0,0,0,-0.30240696964606867,0.8240576612486123,0.008508086494505379,0.07909398048302463,0.07909398048302463
23,1,0,0,0,0,1,1,0,1,0,0,0,1,0,1,0,0,0,1,0.8393210705491246,0.7723876776489026,0.006146116983133188,0.060949762364490456,0.060949762364490456
47,0,1,0,1,0,1,0,0,0,0,0,0,0,0,0,0,1,0,0,-1.5006397454549982,0.6913226781406935,0.0035659686558325962,0.038131613989117574,0.038131613989117574
24,0,1,0,1,0,1,1,0,1,0,0,1,0,1,0,0,0,1,1,0.812730606730896,0.7677256072562019,0.005964174846469762,0.05945002834593771,0.05945002834593771
49,1,1,0,1,0,1,1,0,0,1,0,0,1,1,1,0,0,0,1,1.1384637885041973,0.6864927538867036,0.0034464244917631367,0.03698759780359384,0.03698759780359384
20,0,1,1,0,0,1,0,1,1,0,0,1,0,0,0,1,0,0,0,-0.3589117052598047,0.7874709741517664,0.006767715032425889,0.0659587290124013,0.0659587290124013
2,1,0,0,0,0,1,1,0,0,0,0,0,0,0,0,0,0,0,0,0.16458805116157224,0.9544211124058478,0.01918286543259826,0.13658902706858933,0.13658902706858933
2,1,0,0,0,0,1,0,1,0,1,0,0,0,0,0,0,0,0,1,-0.5234402001350946,0.9544211124058478,0.01918286543259826,0.13658902706858933,0.13658902706858933
22,0,1,0,0,0,0,0,1,0,0,1,1,1,1,0,0,1,0,0,-0.2675069858846436,0.7772239626242997,0.006339847981342745,0.0625297608539006,0.0625297608539006
7,1,1,0,0,0,1,1,0,0,0,1,0,1,1,1,0,0,0,1,1.1052257087314112,0.8848383086630132,0.012329368360988486,0.10389128471090825,0.10389128471090825
1,0,1,0,0,0,1,0,0,0,0,0,0,0,0,0,0,0,0,0,-1.4524445297844586,0.9743124842439652,0.02235010364622835,0.1468274853100915,0.1468274853100915
59,0,0,0,1,1,1,1,0,0,1,0,1,0,1,1,0,0,0,1,1.0586923970495115,0.6649614286359096,0.0029526183444970946,0.03217256791019485,0.03217256791019485
58,0,0,0,1,1,1,0,0,0,0,0,0,0,0,1,1,0,0,1,-1.339435058556987,0.6669419291751147,0.0029954745981990286,0.0325962586220786,0.0325962586220786
41,1,0,0,0,0,1,1,0,1,1,1,1,1,1,1,0,0,0,1,1.6519921209937385,0.7071206594283597,0.003981008341391358,0.042040010297382246,0.042040010297382246
59,0,0,1,0,0,1,1,0,0,1,0,0,0,0,1,0,1,0,1,0.4786879050143985,0.6649614286359096,0.0029526183444970946,0.03217256791019485,0.03217256791019485
3,0,0,0,1,1,1,1,0,0,0,0,0,0,0,0,0,0,1,1,0.15794043520701498,0.9373188893787414,0.017092860770546496,0.12812771737333695,0.12812771737333695
32,0,1,0,0,0,1,0,0,0,0,0,0,0,0,0,0,1,0,1,-1.487344513545884,0.7355303895625583,0.00482771692436557,0.04972004336955682,0.04972004336955682
46,0,1,1,1,0,1,1,0,0,0,1,0,1,1,1,0,0,1,1,1.1318161725496398,0.6938140321924815,0.003628947567853564,0.038730988089776375,0.038730988089776375
2,1,1,0,0,0,1,1,0,0,0,0,0,0,1,0,0,0,1,1,0.5368545446167737,0.9544211124058478,0.01918286543259826,0.13658902706858933,0.13658902706858933
52,0,0,0,1,1,1,0,0,0,0,0,0,0,0,0,1,0,0,0,-1.5023016494436374,0.6796022882225629,0.00328157591746785,0.03539633014558485,0.03539633014558485
13,1,0,1,0,0,1,1,0,0,0,1,0,0,0,0,0,0,1,1,0.3158213141277477,0.8312566322761956,0.008894046614766308,0.0818402613059327,0.0818402613059327
11,1,0,1,0,0,1,1,0,0,0,0,0,1,1,0,0,0,0,0,0.8276877426286497,0.8469074549655476,0.009789108115316166,0.08799046091721618,0.08799046091721618
32,0,1,0,0,0,1,1,0,1,0,0,1,0,0,1,0,0,0,0,0.7595496790944389,0.7355303895625583,0.00482771692436557,0.04972004336955682,0.04972004336955682
17,1,1,1,1,0,1,1,0,0,0,1,0,1,1,1,0,0,0,1,1.1849971001860975,0.8045134998853144,0.007534869537132169,0.07190499047148602,0.07190499047148602
16,0,0,0,0,0,1,1,0,0,0,0,0,0,0,1,0,0,0,1,0.33077845002550144,0.8107173068575363,0.007832475449686212,0.07414442618478301,0.07414442618478301
51,0,0,0,0,0,1,1,0,1,1,1,0,1,1,1,1,0,0,0,1.4176636585955984,0.681854139199785,0.003334724055742794,0.03591111081215892,0.03591111081215892
29,0,1,0,0,0,1,0,1,0,0,1,1,1,1,0,1,0,0,1,0.3507212978891727,0.746664964341879,0.005198070769814978,0.05296124339833497,0.05296124339833497
70,0,1,0,1,0,1,0,1,1,1,1,1,0,0,0,0,1,0,0,0.005045268252200322,0.6452021175658147,0.002551672337160255,0.02815370280249474,0.02815370280249474
71,0,0,0,1,1,1,1,0,1,0,1,1,0,1,1,0,1,1,0,1.1849971001860975,0.6435679119154606,0.0025205988088756303,0.02783802704790539,0.02783802704790539
41,0,1,0,1,1,1,0,1,0,1,1,0,1,0,1,1,0,0,0,0.12304045144558995,0.7071206594283597,0.003981008341391358,0.042040010297382246,0.042040010297382246
1,0,1,0,0,0,1,1,0,0,0,0,0,1,0,0,0,0,1,1,0.5235593127076592,0.9743124842439652,0.02235010364622835,0.1468274853100915,0.1468274853100915
7,0,0,0,1,0,1,0,1,1,0,1,1,1,1,0,0,0,0,0,0.5468259685486093,0.8848383086630132,0.012329368360988486,0.10389128471090825,0.10389128471090825
25,1,1,0,1,1,1,1,0,0,0,0,0,1,1,0,1,0,1,1,0.8509543984696,0.7632263722784222,0.005792955912006608,0.05802443652851541,0.05802443652851541
67,0,1,0,1,1,1,1,0,1,1,0,1,0,0,1,1,0,1,0,0.8227020306627317,0.6502545080837984,0.0026497095459112013,0.029145652408135048,0.029145652408135048
5,0,1,0,1,1,1,0,1,0,0,0,1,0,0,1,0,0,0,1,-0.30240696964606867,0.9085818526659613,0.014256987321705751,0.11453932573635439,0.11453932573635439
15,0,1,0,0,1,1,0,0,0,0,0,0,0,0,1,0,0,1,1,-1.3294636346251512,0.817222359631732,0.00815567933565363,0.07653518145581295,0.07653518145581295
20,0,0,0,1,1,1,0,0,0,0,0,0,0,0,0,0,0,1,0,-1.4890064175345232,0.7874709741517664,0.006767715032425889,0.0659587290124013,0.0659587290124013
3,1,1,0,1,1,1,0,1,0,1,1,0,0,0,0,0,0,0,1,-0.2874498337483152,0.9373188893787414,0.017092860770546496,0.12812771737333695,0.12812771737333695
54,0,1,0,1,1,1,1,0,0,1,0,1,1,1,1,1,0,1,1,1.3428779791068302,0.6752256920763566,0.003180258311786613,0.03441034838970081,0.03441034838970081
42,0,1,0,0,0,1,0,0,0,0,0,0,0,0,0,1,0,0,1,-1.5039635534322768,0.7043380877631116,0.0039051573709433167,0.0413329850998293,0.0413329850998293
9,0,0,0,1,0,1,1,0,0,0,0,0,0,1,0,0,0,1,1,0.4969688488894306,0.8645756330248363,0.010901071741709328,0.09522425637547682,0.09522425637547682
63,0,0,0,0,0,1,1,0,0,1,0,0,1,1,1,0,1,0,0,1.08528286086774,0.6573679996492523,0.0027928980105273514,0.030583600220822293,0.030583600220822293
69,0,0,0,1,0,1,0,0,0,0,0,0,0,0,1,0,1,0,0,-1.3477445785001834,0.6468608243449303,0.002583528294433392,0.028476690845760766,0.028476690845760766
69,0,0,0,0,0,1,0,0,0,0,0,0,0,0,1,0,1,0,0,-1.3361112505797081,0.6468608243449303,0.002583528294433392,0.028476690845760766,0.028476690845760766
40,0,1,0,1,0,1,0,1,0,1,0,0,0,0,0,0,0,0,1,-0.4868783123850302,0.7099691459680679,0.004059910336396862,0.04277208089669704,0.04277208089669704
60,0,1,0,0,0,0,0,1,1,1,1,0,0,0,0,0,1,0,0,-0.8375400539879206,0.6630148153227823,0.0029109829180785306,0.031759872056746574,0.031759872056746574
4,1,0,0,0,0,1,1,0,1,0,1,1,0,1,0,0,0,0,1,0.9839067175607433,0.9221895280070969,0.015517187361763772,0.12087777811840728,0.12087777811840728
71,0,0,1,0,0,1,0,1,1,1,1,1,1,1,1,0,1,0,0,0.8326734545945673,0.6435679119154606,0.0025205988088756303,0.02783802704790539,0.02783802704790539
37,1,0,0,1,0,1,1,0,0,0,1,0,0,0,1,0,0,0,1,0.47037838507120205,0.7189405920832638,0.0043169072108659315,0.0451328504105416,0.0451328504105416
32,0,1,0,1,0,1,1,0,0,1,0,0,1,1,1,0,0,0,1,1.1318161725496398,0.7355303895625583,0.00482771692436557,0.04972004336955682,0.04972004336955682
39,0,1,0,0,0,1,0,1,0,0,0,1,0,0,1,0,1,0,1,-0.3638974172257225,0.7128864964214463,0.00414205349534239,0.043530572366621945,0.043530572366621945
38,0,0,0,0,0,1,0,0,0,0,0,0,0,0,1,1,0,1,1,-1.3477445785001834,0.7158758576100376,0.0042276442662364,0.04431696426317133,0.04431696426317133
52,0,1,0,0,0,1,1,0,0,0,1,0,0,1,1,0,1,0,1,0.8193782226854534,0.6796022882225629,0.00328157591746785,0.03539633014558485,0.03539633014558485
48,0,0,0,1,1,1,1,0,1,1,0,0,1,1,1,0,0,0,1,1.3445398830954693,0.6888828979881829,0.003505164885370563,0.03755076913789834,0.03755076913789834
70,0,1,0,1,1,0,0,1,1,0,1,1,1,1,0,0,1,0,0,-0.17610226650948257,0.6452021175658147,0.002551672337160255,0.02815370280249474,0.02815370280249474
20,0,1,0,0,0,1,1,0,0,0,0,0,0,0,0,0,0,0,0,0.19117851497980082,0.7874709741517664,0.006767715032425889,0.0659587290124013,0.0659587290124013
50,0,0,0,0,0,1,0,1,1,0,1,1,1,1,1,1,0,0,1,0.5883735682645916,0.6841504128114664,0.003389643293482253,0.03644129666249096,0.03644129666249096
19,1,0,0,0,0,0,0,1,0,0,0,0,1,1,0,1,0,0,1,-0.6630401351807951,0.7929113200145855,0.0070048485392757275,0.06782398836650938,0.06782398836650938
25,0,1,0,1,1,1,0,1,1,1,1,0,0,0,0,1,0,0,1,-0.10630229898663228,0.7632263722784222,0.005792955912006608,0.05802443652851541,0.05802443652851541
12,0,1,0,0,0,1,0,1,0,1,0,0,0,0,0,0,0,0,1,-0.5234402001350946,0.8388580793219884,0.009318867014819062,0.08479678961103854,0.08479678961103854
39,1,1,1,1,0,1,1,0,0,1,1,0,1,1,1,0,0,1,1,1.357835115004584,0.7128864964214463,0.00414205349534239,0.043530572366621945,0.043530572366621945
7,1,1,0,0,0,1,1,0,0,0,1,0,0,0,0,0,0,0,0,0.32745464204822305,0.8848383086630132,0.012329368360988486,0.10389128471090825,0.10389128471090825
23,0,0,0,1,1,1,0,1,1,1,1,1,0,0,0,1,0,0,1,0.04825477195682182,0.7723876776489026,0.006146116983133188,0.060949762364490456,0.060949762364490456
27,0,1,0,0,0,1,0,0,0,0,0,0,0,0,0,0,0,1,1,-1.5089492653981946,0.7546760980475697,0.005479040808994945,0.05537422178102336,0.05537422178102336
47,0,1,1,0,0,1,1,0,0,0,0,0,1,0,1,0,0,0,1,0.7063687514579813,0.6913226781406935,0.0035659686558325962,0.038131613989117574,0.038131613989117574
26,0,1,0,1,1,1,0,0,0,0,0,0,0,0,0,0,1,0,1,-1.5172587853413912,0.7588796606729277,0.005631521405658712,0.05666748667997901,0.05666748667997901
14,1,0,0,1,0,1,0,1,1,0,0,0,1,0,1,0,0,0,1,-0.003264251690996137,0.8240576612486123,0.008508086494505379,0.07909398048302463,0.07909398048302463
11,1,0,1,1,0,1,1,0,0,0,1,1,1,1,1,0,0,0,1,1.3046541873681263,0.8469074549655476,0.009789108115316166,0.08799046091721618,0.08799046091721618
2,0,1,0,0,1,1,0,0,0,0,0,0,0,0,0,0,0,0,0,-1.5139349773641124,0.9544211124058478,0.01918286543259826,0.13658902706858933,0.13658902706858933
26,0,0,0,1,1,1,1,0,1,1,0,0,0,0,0,0,0,1,0,0.5700926243895595,0.7588796606729277,0.005631521405658712,0.05666748667997901,0.05666748667997901
72,0,0,1,1,0,1,1,0,1,1,1,1,1,1,1,0,1,0,1,1.6569778329596565,0.6419575496164033,0.002490279067928491,0.027529416300707155,0.027529416300707155
63,0,0,0,1,1,1,0,0,0,0,0,0,0,0,0,0,1,0,0,-1.4890064175345232,0.6573679996492523,0.0027928980105273514,0.030583600220822293,0.030583600220822293
71,0,1,0,1,1,1,0,0,0,0,0,0,0,0,0,0,1,0,0,-1.4956540334890804,0.6435679119154606,0.0025205988088756303,0.02783802704790539,0.02783802704790539
11,0,1,0,1,1,1,0,1,1,0,0,0,1,0,1,0,0,0,1,0.011692884206757584,0.8469074549655476,0.009789108115316166,0.08799046091721618,0.08799046091721618
14,0,1,1,1,0,1,0,0,0,0,0,0,0,0,0,1,0,0,0,-1.5006397454549982,0.8240576612486123,0.008508086494505379,0.07909398048302463,0.07909398048302463
13,0,0,0,0,1,1,0,1,1,1,1,1,1,1,1,0,1,0,0,0.8027591827990604,0.8312566322761956,0.008894046614766308,0.0818402613059327,0.0818402613059327
6,0,1,0,0,1,1,0,0,0,0,0,0,0,0,0,0,0,0,1,-1.4823588015799658,0.8962011910421149,0.01321361285882388,0.10892151775419001,0.10892151775419001
11,0,1,1,1,1,1,1,0,0,0,0,0,0,0,1,0,0,0,1,0.34573558592325515,0.8469074549655476,0.009789108115316166,0.08799046091721618,0.08799046091721618
18,0,1,0,1,0,1,0,1,0,1,0,0,0,0,1,0,0,0,0,-0.2658450818960044,0.798585597100695,0.007259843514731271,0.06980238681281059,0.06980238681281059
1,1,1,0,0,0,0,0,1,0,0,0,0,0,1,0,0,0,1,1,-0.9721542770677035,0.9743124842439652,0.02235010364622835,0.1468274853100915,0.1468274853100915
32,0,0,0,1,0,1,1,0,1,0,0,0,0,0,0,0,0,0,1,0.3557070098550908,0.7355303895625583,0.00482771692436557,0.04972004336955682,0.04972004336955682
29,0,1,0,0,0,0,0,1,1,0,0,1,0,0,0,1,0,0,0,-0.970492373079064,0.746664964341879,0.005198070769814978,0.05296124339833497,0.05296124339833497
3,0,0,0,0,0,1,0,1,0,0,0,0,1,0,1,0,0,1,1,-0.15117370667989322,0.9373188893787414,0.017092860770546496,0.12812771737333695,0.12812771737333695
2,1,0,0,0,0,1,1,0,0,0,0,0,1,1,1,0,0,1,1,1.0088352773903326,0.9544211124058478,0.01918286543259826,0.13658902706858933,0.13658902706858933
13,1,1,0,1,1,1,1,0,0,0,1,0,1,1,0,0,0,0,1,1.0586923970495115,0.8312566322761956,0.008894046614766308,0.0818402613059327,0.0818402613059327
41,0,0,0,0,0,0,0,1,0,1,0,0,0,1,0,0,0,1,1,-0.8126114941583313,0.7071206594283597,0.003981008341391358,0.042040010297382246,0.042040010297382246
1,0,0,0,0,0,1,0,0,0,0,0,0,0,0,0,0,0,1,0,-1.5272302092732268,0.9743124842439652,0.02235010364622835,0.1468274853100915,0.1468274853100915
7,0,1,0,0,0,1,0,1,0,0,0,0,1,0,0,0,0,0,0,-0.3306593374529367,0.8848383086630132,0.012329368360988486,0.10389128471090825,0.10389128471090825
52,0,0,0,1,0,1,0,1,1,0,1,0,1,0,0,1,0,0,1,-0.016559483600110662,0.6796022882225629,0.00328157591746785,0.03539633014558485,0.03539633014558485
45,0,0,0,1,1,1,0,0,0,0,0,0,0,0,1,0,1,0,1,-1.334449346591069,0.6963590108821652,0.0036942216775406023,0.039349803973645514,0.039349803973645514
70,0,1,0,1,0,1,0,1,0,1,1,1,1,0,1,0,1,0,0,0.37564985771876214,0.6452021175658147,0.002551672337160255,0.02815370280249474,0.02815370280249474
53,0,0,0,0,0,1,0,0,0,0,0,0,0,0,0,0,1,0,0,-1.5322159212391446,0.6773932996244997,0.003230113874366814,0.03489628604896822,0.03489628604896822
62,0,0,1,1,0,1,1,0,0,1,1,0,1,0,1,1,0,0,1,1.1019019007541329,0.6592190846564381,0.0028311702861325673,0.03096578220998969,0.03096578220998969
60,0,0,0,1,0,1,1,0,1,1,0,0,0,1,1,0,0,0,1,0.9739352936289072,0.6630148153227823,0.0029109829180785306,0.031759872056746574,0.031759872056746574
3,1,0,1,1,0,1,1,0,0,0,0,0,1,0,0,0,0,1,1,0.5185736007417416,0.9373188893787414,0.017092860770546496,0.12812771737333695,0.12812771737333695
23,0,0,1,1,0,1,1,0,1,0,0,0,1,1,0,0,0,1,1,1.007173373401693,0.7723876776489026,0.006146116983133188,0.060949762364490456,0.060949762364490456
1,1,1,0,0,1,0,0,1,0,1,0,0,0,0,0,0,0,0,1,-1.1117542121134039,0.9743124842439652,0.02235010364622835,0.1468274853100915,0.1468274853100915
67,0,0,0,0,0,1,0,1,1,0,1,1,0,1,0,1,0,0,1,0.25100705857081523,0.6502545080837984,0.0026497095459112013,0.029145652408135048,0.029145652408135048
12,1,0,0,0,0,1,1,0,0,1,0,0,1,0,1,0,0,0,1,0.8293496466172889,0.8388580793219884,0.009318867014819062,0.08479678961103854,0.08479678961103854
71,0,0,1,1,0,1,0,1,1,1,1,1,0,1,1,0,1,0,1,0.595021184219149,0.6435679119154606,0.0025205988088756303,0.02783802704790539,0.02783802704790539
25,0,1,0,0,0,1,0,0,0,0,0,0,0,0,0,1,0,0,0,-1.4923302255118018,0.7632263722784222,0.005792955912006608,0.05802443652851541,0.05802443652851541
5,0,0,0,0,0,1,0,1,1,0,0,0,0,0,1,0,0,1,1,-0.36555932121436197,0.9085818526659613,0.014256987321705751,0.11453932573635439,0.11453932573635439
26,0,1,0,0,0,1,0,1,0,0,0,0,0,0,1,1,0,0,1,-0.4403450007031301,0.7588796606729277,0.005631521405658712,0.05666748667997901,0.05666748667997901
1,0,1,0,1,1,1,0,0,0,0,0,0,0,0,0,1,0,0,0,-1.5006397454549982,0.9743124842439652,0.02235010364622835,0.1468274853100915,0.1468274853100915
70,0,1,1,0,0,0,0,1,0,1,1,0,1,0,0,1,0,0,1,-0.6896305989990239,0.6452021175658147,0.002551672337160255,0.02815370280249474,0.02815370280249474
72,0,1,0,1,1,1,1,0,1,1,1,1,1,1,1,0,1,1,1,1.6353730811073455,0.6419575496164033,0.002490279067928491,0.027529416300707155,0.027529416300707155
60,1,1,0,1,0,1,1,0,0,1,0,0,1,1,0,1,0,1,1,0.9839067175607433,0.6630148153227823,0.0029109829180785306,0.031759872056746574,0.031759872056746574
32,0,0,1,1,1,1,1,0,0,1,0,0,1,1,1,0,0,1,1,1.1833351961974583,0.7355303895625583,0.00482771692436557,0.04972004336955682,0.04972004336955682
1,1,1,0,0,0,1,0,0,0,0,0,0,0,0,0,0,0,1,1,-1.493992129500441,0.9743124842439652,0.02235010364622835,0.1468274853100915,0.1468274853100915
14,0,0,0,0,0,1,0,1,0,1,0,0,0,0,1,1,0,0,1,-0.35060218531660825,0.8240576612486123,0.008508086494505379,0.07909398048302463,0.07909398048302463
13,0,0,0,0,0,1,1,0,1,0,0,0,0,0,1,0,0,0,1,0.5052783688326271,0.8312566322761956,0.008894046614766308,0.0818402613059327,0.0818402613059327
6,1,0,0,0,0,1,1,0,0,1,1,1,1,1,1,0,0,0,1,1.4990969540389238,0.8962011910421149,0.01321361285882388,0.10892151775419001,0.10892151775419001
46,0,0,0,0,0,1,0,1,1,0,1,0,1,1,1,0,1,0,0,0.4786879050143985,0.6938140321924815,0.003628947567853564,0.038730988089776375,0.038730988089776375
15,1,1,0,0,0,1,1,0,0,0,1,1,1,1,0,0,0,1,1,1.2149113719816045,0.817222359631732,0.00815567933565363,0.07653518145581295,0.07653518145581295
43,0,1,1,1,0,1,1,0,0,1,0,1,1,0,1,0,0,1,1,0.9805829095834644,0.7016186635948665,0.003832182002392298,0.04064972482294138,0.04064972482294138
39,0,1,0,0,0,1,0,1,0,0,0,1,0,0,0,0,1,0,1,-0.49851164030550527,0.7128864964214463,0.00414205349534239,0.043530572366621945,0.043530572366621945
21,1,1,1,0,0,1,0,1,0,0,1,0,1,0,0,0,0,0,1,-0.15782132263445048,0.7822470612896891,0.006546583090128551,0.06419686154369075,0.06419686154369075
57,0,1,0,0,0,0,0,1,1,0,1,0,1,1,0,0,0,1,1,-0.36722122520300116,0.6689574203086703,0.003039606595789443,0.03303139376725084,0.03303139376725084
53,0,0,0,1,0,1,1,0,0,0,0,1,1,1,0,1,0,1,1,0.9523305417765967,0.6773932996244997,0.003230113874366814,0.03489628604896822,0.03489628604896822
18,0,1,0,1,1,1,1,0,1,0,1,0,1,0,0,0,0,0,1,0.7678591990376353,0.798585597100695,0.007259843514731271,0.06980238681281059,0.06980238681281059
1,1,0,0,0,0,1,0,1,0,0,0,0,0,1,1,0,0,1,1,-0.15449751465717185,0.9743124842439652,0.02235010364622835,0.1468274853100915,0.1468274853100915
58,0,0,0,1,0,1,0,1,1,0,0,1,0,0,1,1,0,0,1,-0.12458324286166463,0.6669419291751147,0.0029954745981990286,0.0325962586220786,0.0325962586220786
71,0,0,1,0,0,1,1,0,0,0,1,0,1,1,1,0,1,0,0,1.3046541873681263,0.6435679119154606,0.0025205988088756303,0.02783802704790539,0.02783802704790539
35,0,0,0,0,0,1,1,0,0,0,1,1,1,1,0,1,0,1,1,1.1451114044587545,0.7253108322429414,0.004507451042951911,0.04686012202126277,0.04686012202126277
3,0,1,0,0,0,1,1,0,0,0,1,0,0,1,0,0,0,0,0,0.6947354235375064,0.9373188893787414,0.017092860770546496,0.12812771737333695,0.12812771737333695
38,0,1,0,0,0,1,1,0,1,1,0,0,1,1,1,1,0,1,1,1.331244651186355,0.7158758576100376,0.0042276442662364,0.04431696426317133,0.04431696426317133
35,0,1,0,1,1,1,0,1,1,1,1,1,0,0,1,0,1,0,1,0.14464520329790093,0.7253108322429414,0.004507451042951911,0.04686012202126277,0.04686012202126277
7,1,1,0,0,0,1,1,0,0,0,1,0,1,0,1,0,0,1,1,0.8526163024582392,0.8848383086630132,0.012329368360988486,0.10389128471090825,0.10389128471090825
47,0,0,0,0,0,1,0,1,0,0,1,1,1,1,0,0,1,0,0,0.3208070260936658,0.6913226781406935,0.0035659686558325962,0.038131613989117574,0.038131613989117574
14,0,0,0,0,0,1,0,1,0,1,0,0,0,0,0,0,0,1,0,-0.4769068884531943,0.8240576612486123,0.008508086494505379,0.07909398048302463,0.07909398048302463
20,0,0,1,1,0,1,0,1,0,1,0,0,0,1,0,0,0,1,1,-0.15948322662308967,0.7874709741517664,0.006767715032425889,0.0659587290124013,0.0659587290124013
66,0,1,0,1,0,1,0,1,1,1,0,1,1,1,1,0,1,1,0,0.6797782876397527,0.6519909407703324,0.0026840999053434323,0.029492182160968494,0.029492182160968494
15,0,1,0,1,0,1,0,0,0,0,0,0,0,0,0,0,0,0,1,-1.5072873614095552,0.817222359631732,0.00815567933565363,0.07653518145581295,0.07653518145581295
42,0,0,0,0,0,1,0,0,0,0,0,0,0,0,0,0,1,0,1,-1.4640778577049338,0.7043380877631116,0.0039051573709433167,0.0413329850998293,0.0413329850998293
17,0,0,0,1,0,1,1,0,1,0,0,0,0,0,1,0,0,1,0,0.46871648108256286,0.8045134998853144,0.007534869537132169,0.07190499047148602,0.07190499047148602
37,0,1,0,0,0,1,1,0,0,1,0,1,1,1,1,1,0,0,1,1.3196113232658802,0.7189405920832638,0.0043169072108659315,0.0451328504105416,0.0451328504105416
12,0,0,0,0,0,1,0,1,0,1,0,0,0,0,0,0,0,1,1,-0.5118068722146196,0.8388580793219884,0.009318867014819062,0.08479678961103854,0.08479678961103854
53,1,1,0,1,0,1,1,0,0,1,0,0,1,1,0,1,0,0,1,0.9789210055948252,0.6773932996244997,0.003230113874366814,0.03489628604896822,0.03489628604896822
60,0,0,0,0,0,1,0,0,0,0,0,0,0,0,1,0,1,0,0,-1.322816018670594,0.6630148153227823,0.0029109829180785306,0.031759872056746574,0.031759872056746574
18,0,1,0,1,1,0,0,1,0,0,0,0,0,0,0,0,0,0,0,-1.3045350747955617,0.798585597100695,0.007259843514731271,0.06980238681281059,0.06980238681281059
1,1,1,0,0,0,1,1,0,0,0,0,0,0,0,1,0,0,1,1,0.3357641619914195,0.9743124842439652,0.02235010364622835,0.1468274853100915,0.1468274853100915
3,0,0,0,0,0,1,1,0,0,0,0,0,0,0,0,0,0,1,1,0.17788328307068677,0.9373188893787414,0.017092860770546496,0.12812771737333695,0.12812771737333695
9,0,0,0,0,1,1,0,1,0,0,0,1,1,1,0,0,0,0,1,0.15295472324109738,0.8645756330248363,0.010901071741709328,0.09522425637547682,0.09522425637547682
1,1,0,0,0,0,1,1,0,0,0,0,0,1,0,0,0,0,1,1,0.5135878887758235,0.9743124842439652,0.02235010364622835,0.1468274853100915,0.1468274853100915
56,0,1,0,1,0,1,1,0,1,1,1,0,0,0,1,1,0,1,1,0.942359117844761,0.6710090587453561,0.003085072619735503,0.03347844798497823,0.03347844798497823
17,1,1,0,1,1,1,1,0,0,0,0,0,0,0,0,0,0,1,1,0.13965949133198285,0.8045134998853144,0.007534869537132169,0.07190499047148602,0.07190499047148602
11,1,0,0,1,1,1,0,1,0,0,0,1,0,1,1,0,0,1,1,0.05157857993410021,0.8469074549655476,0.009789108115316166,0.08799046091721618,0.08799046091721618
7,0,1,0,0,0,1,1,0,0,0,0,0,0,0,0,0,0,1,1,0.15794043520701498,0.8848383086630132,0.012329368360988486,0.10389128471090825,0.10389128471090825
69,0,0,0,1,1,1,0,0,0,0,0,0,0,0,0,0,1,0,0,-1.4823588015799658,0.6468608243449303,0.002583528294433392,0.028476690845760766,0.028476690845760766
19,1,1,0,0,0,1,1,0,0,0,0,0,0,1,1,0,0,0,1,0.7047068474693421,0.7929113200145855,0.0070048485392757275,0.06782398836650938,0.06782398836650938
3,1,0,0,1,1,1,1,0,0,0,0,0,0,1,0,0,0,1,1,0.5152497927644627,0.9373188893787414,0.017092860770546496,0.12812771737333695,0.12812771737333695
54,0,1,0,1,1,1,0,0,0,0,0,0,0,0,0,0,1,0,0,-1.4757111856254088,0.6752256920763566,0.003180258311786613,0.03441034838970081,0.03441034838970081
62,0,1,0,1,0,1,0,0,0,0,0,0,0,0,1,1,0,0,1,-1.3643636183865762,0.6592190846564381,0.0028311702861325673,0.03096578220998969,0.03096578220998969
24,1,1,0,0,0,1,1,0,0,1,0,0,1,0,1,0,0,0,1,0.8559401104355175,0.7677256072562019,0.005964174846469762,0.05945002834593771,0.05945002834593771
62,0,0,0,1,1,1,0,1,0,0,0,0,1,1,1,0,0,0,1,0.18785470700252244,0.6592190846564381,0.0028311702861325673,0.03096578220998969,0.03096578220998969
17,0,1,0,0,0,1,0,1,1,0,0,0,0,1,1,0,0,0,0,0.0316357320704289,0.8045134998853144,0.007534869537132169,0.07190499047148602,0.07190499047148602
9,0,1,0,0,0,0,0,1,0,0,0,0,0,0,0,0,0,0,1,-1.3361112505797081,0.8645756330248363,0.010901071741709328,0.09522425637547682,0.09522425637547682
64,0,1,0,1,1,1,0,1,1,0,1,1,1,0,0,0,1,0,0,0.14796901127517934,0.6555468612609421,0.002755656035094927,0.030210834407233156,0.030210834407233156
2,1,0,0,0,0,1,1,0,0,0,0,0,0,0,1,0,0,1,1,0.3690022417642053,0.9544211124058478,0.01918286543259826,0.13658902706858933,0.13658902706858933
1,1,1,0,1,1,1,0,1,0,0,0,0,0,0,0,0,0,0,1,-0.6298020554080092,0.9743124842439652,0.02235010364622835,0.1468274853100915,0.1468274853100915
16,1,0,0,1,0,0,0,1,0,0,0,1,1,1,0,0,0,1,1,-0.49352592833958725,0.8107173068575363,0.007832475449686212,0.07414442618478301,0.07414442618478301
72,0,0,0,1,0,1,0,0,0,0,0,0,0,0,1,0,1,0,0,-1.334449346591069,0.6419575496164033,0.002490279067928491,0.027529416300707155,0.027529416300707155
30,0,1,0,0,0,1,1,0,1,1,1,0,0,0,1,1,0,0,0,0.8509543984696,0.7428424163487329,0.0050683354621543905,0.051833777579476825,0.051833777579476825
49,0,0,0,1,0,1,1,0,1,0,0,0,1,1,1,0,0,0,1,1.1982923320952117,0.6864927538867036,0.0034464244917631367,0.03698759780359384,0.03698759780359384
61,0,1,0,1,0,1,0,1,1,0,1,1,0,1,1,0,1,0,0,0.3507212978891727,0.6611010360108607,0.002870516527482457,0.031357744906887475,0.031357744906887475
47,0,1,0,1,1,1,1,0,0,1,0,0,1,0,1,0,0,1,0,0.7445925431966852,0.6913226781406935,0.0035659686558325962,0.038131613989117574,0.038131613989117574
20,0,1,0,0,0,1,0,1,1,0,1,0,0,1,0,0,0,0,0,-0.013235675622831794,0.7874709741517664,0.006767715032425889,0.0659587290124013,0.0659587290124013
34,1,1,0,1,1,1,1,0,0,0,0,0,1,0,0,0,0,1,0,0.4487736332188911,0.7286243341114813,0.004609291590527576,0.04777537654084685,0.04777537654084685
70,0,0,0,1,1,1,0,0,0,0,0,0,0,0,1,0,1,0,0,-1.3327874426024295,0.6452021175658147,0.002551672337160255,0.02815370280249474,0.02815370280249474
54,0,1,0,0,1,1,1,0,1,1,0,1,1,1,0,1,0,1,1,1.3644827309591407,0.6752256920763566,0.003180258311786613,0.03441034838970081,0.03441034838970081
61,0,1,1,1,0,1,1,0,0,1,1,1,1,0,1,1,0,0,1,1.1135352286746079,0.6611010360108607,0.002870516527482457,0.031357744906887475,0.031357744906887475
3,1,1,0,0,0,1,1,0,0,0,0,0,0,0,1,0,0,1,1,0.4039022255256304,0.9373188893787414,0.017092860770546496,0.12812771737333695,0.12812771737333695
13,0,1,0,0,0,1,0,0,0,0,0,0,0,0,0,1,0,0,0,-1.5072873614095552,0.8312566322761956,0.008894046614766308,0.0818402613059327,0.0818402613059327
16,1,0,1,0,0,1,1,0,0,0,0,0,1,1,1,0,0,1,1,1.0420733571631184,0.8107173068575363,0.007832475449686212,0.07414442618478301,0.07414442618478301
3,0,0,0,1,1,1,0,1,0,1,0,0,1,0,0,0,0,0,1,-0.20269273032771115,0.9373188893787414,0.017092860770546496,0.12812771737333695,0.12812771737333695
25,0,1,0,0,0,1,0,0,0,0,0,0,0,0,0,0,0,0,1,-1.4840207055686052,0.7632263722784222,0.005792955912006608,0.05802443652851541,0.05802443652851541
30,0,1,0,0,0,1,0,1,1,0,0,0,0,1,1,0,0,0,1,-0.009911867645553398,0.7428424163487329,0.0050683354621543905,0.051833777579476825,0.051833777579476825
21,0,0,0,1,0,0,0,1,1,0,0,0,0,0,0,0,0,1,0,-1.2064827394658435,0.7822470612896891,0.006546583090128551,0.06419686154369075,0.06419686154369075
1,1,1,0,0,0,1,0,1,0,0,0,0,0,0,0,0,0,1,0,-0.6480829992830416,0.9743124842439652,0.02235010364622835,0.1468274853100915,0.1468274853100915
15,1,0,0,0,0,1,0,0,0,0,0,0,0,0,0,0,0,0,0,-1.5089492653981946,0.817222359631732,0.00815567933565363,0.07653518145581295,0.07653518145581295
23,0,1,1,1,0,1,1,0,0,0,0,0,1,1,0,0,0,1,1,0.8526163024582392,0.7723876776489026,0.006146116983133188,0.060949762364490456,0.060949762364490456
45,0,0,0,1,1,1,1,0,1,1,0,0,1,1,1,0,0,1,1,1.341216075118191,0.6963590108821652,0.0036942216775406023,0.039349803973645514,0.039349803973645514
24,0,0,0,1,1,1,1,0,0,1,1,0,0,0,1,1,0,0,0,0.6099783201169027,0.7677256072562019,0.005964174846469762,0.05945002834593771,0.05945002834593771
11,1,0,0,0,0,1,1,0,0,0,0,1,1,0,1,0,0,1,0,0.8426448785264035,0.8469074549655476,0.009789108115316166,0.08799046091721618,0.08799046091721618
1,1,1,0,0,0,1,0,1,0,0,0,0,0,0,0,0,0,0,0,-0.656392519226238,0.9743124842439652,0.02235010364622835,0.1468274853100915,0.1468274853100915
56,0,0,0,1,0,1,1,0,0,0,1,1,1,1,1,0,1,0,0,1.2764018195612585,0.6710090587453561,0.003085072619735503,0.03347844798497823,0.03347844798497823
1,1,0,0,0,0,1,1,0,0,1,0,0,0,0,0,0,0,1,0,0.36567843378692644,0.9743124842439652,0.02235010364622835,0.1468274853100915,0.1468274853100915
1,0,1,0,0,0,1,0,0,0,0,0,0,0,0,0,0,0,1,0,-1.5072873614095552,0.9743124842439652,0.02235010364622835,0.1468274853100915,0.1468274853100915
7,1,0,0,0,0,1,1,0,0,0,0,0,0,1,0,0,0,1,1,0.4820117129916769,0.8848383086630132,0.012329368360988486,0.10389128471090825,0.10389128471090825
55,0,0,1,1,0,1,1,0,0,0,1,1,1,0,0,0,1,0,0,0.7977734708331423,0.6730980579890953,0.0031319345818057722,0.033937922764987416,0.033937922764987416
2,1,0,0,0,0,0,0,1,0,0,0,1,0,0,0,0,0,1,1,-1.1267113480111575,0.9544211124058478,0.01918286543259826,0.13658902706858933,0.13658902706858933
72,0,0,0,1,1,1,0,1,1,0,1,1,1,1,1,0,1,0,1,0.7013830394920637,0.6419575496164033,0.002490279067928491,0.027529416300707155,0.027529416300707155
45,0,0,1,0,0,0,0,1,0,0,0,0,0,1,0,1,0,1,0,-1.0170256847609642,0.6963590108821652,0.0036942216775406023,0.039349803973645514,0.039349803973645514
47,0,0,0,0,0,1,0,0,0,0,0,0,0,0,0,0,1,0,0,-1.4840207055686052,0.6913226781406935,0.0035659686558325962,0.038131613989117574,0.038131613989117574
46,1,0,1,0,0,1,1,0,0,1,0,0,1,1,0,1,0,0,0,1.012159085367611,0.6938140321924815,0.003628947567853564,0.038730988089776375,0.038730988089776375
2,0,1,0,0,0,1,0,1,0,1,0,0,0,0,0,0,0,0,1,-0.48189260041911236,0.9544211124058478,0.01918286543259826,0.13658902706858933,0.13658902706858933
2,0,0,0,1,0,1,1,0,1,0,0,1,0,0,0,0,0,1,1,0.5102640807985451,0.9544211124058478,0.01918286543259826,0.13658902706858933,0.13658902706858933
12,0,0,0,1,0,1,0,1,0,1,0,0,0,0,0,0,0,1,1,-0.45031642463496574,0.8388580793219884,0.009318867014819062,0.08479678961103854,0.08479678961103854
68,1,0,1,1,0,1,1,0,0,1,0,0,0,1,1,0,0,0,1,0.8243639346513709,0.6485447168747005,0.0026161967996319807,0.028807250213664037,0.028807250213664037
69,0,1,0,1,1,1,1,0,0,0,0,1,1,1,0,0,1,0,1,1.0104971813789718,0.6468608243449303,0.002583528294433392,0.028476690845760766,0.028476690845760766
56,0,1,1,0,1,1,1,0,1,0,0,0,1,1,0,1,0,0,0,0.9972019494698574,0.6710090587453561,0.003085072619735503,0.03347844798497823,0.03347844798497823
4,0,0,1,0,0,1,1,0,1,0,0,0,0,0,1,0,0,1,1,0.5135878887758235,0.9221895280070969,0.015517187361763772,0.12087777811840728,0.12087777811840728
64,0,1,0,1,0,1,0,1,0,1,1,1,1,0,1,0,1,0,1,0.37564985771876214,0.6555468612609421,0.002755656035094927,0.030210834407233156,0.030210834407233156
59,1,1,0,1,0,1,1,0,1,1,1,0,1,1,1,1,0,1,1,1.5074064739821202,0.6649614286359096,0.0029526183444970946,0.03217256791019485,0.03217256791019485
62,0,1,0,1,1,1,1,0,1,1,1,1,1,1,1,0,1,0,0,1.6868921047551635,0.6592190846564381,0.0028311702861325673,0.03096578220998969,0.03096578220998969
63,0,1,0,1,1,1,0,0,0,0,0,0,0,0,1,0,1,0,0,-1.334449346591069,0.6573679996492523,0.0027928980105273514,0.030583600220822293,0.030583600220822293
53,0,0,0,0,0,0,0,1,1,1,1,1,1,0,0,1,0,1,1,-0.37220693716891895,0.6773932996244997,0.003230113874366814,0.03489628604896822,0.03489628604896822
5,0,1,0,1,1,1,0,0,0,0,0,0,0,0,0,0,0,0,0,-1.5072873614095552,0.9085818526659613,0.014256987321705751,0.11453932573635439,0.11453932573635439
49,0,1,1,1,0,1,1,0,1,1,1,0,0,0,1,0,0,1,1,0.777830622969471,0.6864927538867036,0.0034464244917631367,0.03698759780359384,0.03698759780359384
62,0,0,0,1,1,1,1,0,1,0,0,0,1,1,1,0,1,0,1,1.2082637560270477,0.6592190846564381,0.0028311702861325673,0.03096578220998969,0.03096578220998969
55,0,0,0,1,0,1,0,1,1,1,0,1,0,0,0,0,1,0,0,-0.2658450818960044,0.6730980579890953,0.0031319345818057722,0.033937922764987416,0.033937922764987416
71,0,0,1,1,0,1,1,0,1,1,1,1,1,0,0,0,1,1,1,1.1500971164246725,0.6435679119154606,0.0025205988088756303,0.02783802704790539,0.02783802704790539
72,0,0,0,1,1,1,0,0,0,0,0,0,0,0,0,0,1,0,1,-1.4856826095572444,0.6419575496164033,0.002490279067928491,0.027529416300707155,0.027529416300707155
36,0,1,0,1,1,0,0,1,1,0,1,1,1,1,0,1,0,0,0,-0.13621657078213947,0.7220842981429184,0.004410087057617903,0.045979950318991825,0.045979950318991825
25,0,1,0,1,0,1,0,0,0,0,0,0,0,0,0,1,0,0,1,-1.4574302417503764,0.7632263722784222,0.005792955912006608,0.05802443652851541,0.05802443652851541
72,0,0,1,1,0,1,1,0,1,1,1,1,1,1,1,0,1,0,1,1.6636254489142133,0.6419575496164033,0.002490279067928491,0.027529416300707155,0.027529416300707155
36,0,0,0,0,0,1,0,0,0,0,0,0,0,0,0,1,0,0,1,-1.5139349773641124,0.7220842981429184,0.004410087057617903,0.045979950318991825,0.045979950318991825
1,0,1,0,0,0,1,0,1,0,0,0,0,1,1,0,0,0,0,1,-0.06641660325928941,0.9743124842439652,0.02235010364622835,0.1468274853100915,0.1468274853100915
72,0,0,0,1,0,1,1,0,1,0,1,0,1,1,1,0,1,1,1,1.352849403038666,0.6419575496164033,0.002490279067928491,0.027529416300707155,0.027529416300707155
59,0,1,0,1,1,1,0,0,0,0,0,0,0,0,0,0,1,0,0,-1.493992129500441,0.6649614286359096,0.0029526183444970946,0.03217256791019485,0.03217256791019485
7,1,1,1,1,0,1,1,0,0,0,0,0,1,1,0,0,0,1,1,0.8210401266740925,0.8848383086630132,0.012329368360988486,0.10389128471090825,0.10389128471090825
1,0,0,0,0,0,1,0,1,0,0,1,1,1,1,0,1,0,0,0,0.30917369817319046,0.9743124842439652,0.02235010364622835,0.1468274853100915,0.1468274853100915
30,0,0,0,1,1,1,1,0,0,1,1,1,1,1,1,0,0,1,1,1.4193255625842376,0.7428424163487329,0.0050683354621543905,0.051833777579476825,0.051833777579476825
64,0,1,0,0,0,1,0,0,0,0,0,0,0,0,0,0,1,0,0,-1.5039635534322768,0.6555468612609421,0.002755656035094927,0.030210834407233156,0.030210834407233156
63,0,1,0,0,0,1,0,1,1,1,1,1,0,0,1,1,0,0,0,0.1330118753774256,0.6573679996492523,0.0027928980105273514,0.030583600220822293,0.030583600220822293
72,0,1,1,1,0,1,0,1,1,1,1,0,1,1,1,0,1,0,0,0.6531878238215242,0.6419575496164033,0.002490279067928491,0.027529416300707155,0.027529416300707155
8,1,1,0,1,0,1,1,0,1,0,0,0,0,0,0,0,0,1,0,0.3390879699686979,0.8743368175545859,0.01156705087089483,0.09935054964947354,0.09935054964947354
62,0,0,0,0,0,1,0,1,0,1,1,1,1,1,1,0,1,0,0,0.6548497278101634,0.6592190846564381,0.0028311702861325673,0.03096578220998969,0.03096578220998969
67,0,1,0,1,1,1,1,0,0,1,1,1,1,1,1,0,1,0,1,1.5423064577435452,0.6502545080837984,0.0026497095459112013,0.029145652408135048,0.029145652408135048
6,1,1,0,0,0,1,0,1,0,0,0,0,0,0,0,0,0,1,0,-0.6663639431580737,0.8962011910421149,0.01321361285882388,0.10892151775419001,0.10892151775419001
70,0,0,0,1,1,1,0,1,1,0,0,1,1,1,1,0,1,0,1,0.5252212166962984,0.6452021175658147,0.002551672337160255,0.02815370280249474,0.02815370280249474
20,0,0,1,0,0,1,1,0,0,0,0,0,1,0,0,0,0,0,0,0.5285450246735772,0.7874709741517664,0.006767715032425889,0.0659587290124013,0.0659587290124013
5,0,0,0,0,0,1,1,0,0,0,0,0,0,0,1,0,0,1,0,0.3590308178323692,0.9085818526659613,0.014256987321705751,0.11453932573635439,0.11453932573635439
24,0,0,0,1,1,0,0,1,1,1,1,0,1,1,0,1,0,1,0,-0.23925461807777562,0.7677256072562019,0.005964174846469762,0.05945002834593771,0.05945002834593771
11,1,0,0,1,0,1,0,1,0,0,0,0,0,0,0,0,0,1,1,-0.6896305989990239,0.8469074549655476,0.009789108115316166,0.08799046091721618,0.08799046091721618
72,0,1,0,1,0,1,1,0,0,1,1,1,1,1,1,0,1,0,1,1.5223636098798734,0.6419575496164033,0.002490279067928491,0.027529416300707155,0.027529416300707155
66,0,0,0,1,1,1,0,1,1,1,0,1,0,0,0,0,1,0,1,-0.21931177021410408,0.6519909407703324,0.0026840999053434323,0.029492182160968494,0.029492182160968494
45,0,0,0,1,1,1,0,1,1,0,1,1,1,1,0,0,1,0,1,0.5385164486054129,0.6963590108821652,0.0036942216775406023,0.039349803973645514,0.039349803973645514
69,0,0,0,1,1,1,0,0,0,0,0,0,0,0,0,0,1,0,0,-1.4989778414663588,0.6468608243449303,0.002583528294433392,0.028476690845760766,0.028476690845760766
15,1,1,1,1,0,1,1,0,0,0,0,0,0,1,1,0,0,0,1,0.6914116155602276,0.817222359631732,0.00815567933565363,0.07653518145581295,0.07653518145581295
28,0,0,0,0,0,1,0,1,0,0,1,0,1,0,0,0,0,0,1,-0.17444036252084338,0.7506071373425116,0.0053347764644180165,0.05414016114784159,0.05414016114784159
70,1,0,0,0,0,1,1,0,1,1,1,1,1,1,1,1,0,0,0,1.6868921047551635,0.6452021175658147,0.002551672337160255,0.02815370280249474,0.02815370280249474
36,0,0,0,0,0,1,0,1,1,1,1,1,0,1,0,1,0,0,1,0.35736891384373,0.7220842981429184,0.004410087057617903,0.045979950318991825,0.045979950318991825
16,1,1,1,0,0,1,1,0,0,0,0,0,1,0,1,0,0,1,1,0.7246496953330134,0.8107173068575363,0.007832475449686212,0.07414442618478301,0.07414442618478301
18,1,0,0,0,0,1,1,0,0,0,0,0,1,0,1,0,0,1,1,0.6781163836511135,0.798585597100695,0.007259843514731271,0.06980238681281059,0.06980238681281059
34,1,0,0,1,0,1,1,0,0,0,0,0,1,1,1,0,0,1,1,1.0919304768222973,0.7286243341114813,0.004609291590527576,0.04777537654084685,0.04777537654084685
42,0,1,0,1,1,0,0,1,0,1,1,0,0,1,0,1,0,0,1,-0.6547306152375986,0.7043380877631116,0.0039051573709433167,0.0413329850998293,0.0413329850998293
48,0,1,0,0,0,1,0,1,1,0,0,1,0,1,1,1,0,0,1,0.20447374688891534,0.6888828979881829,0.003505164885370563,0.03755076913789834,0.03755076913789834
47,1,1,0,1,0,1,1,0,0,1,1,1,1,1,1,0,0,1,1,1.4874636261184484,0.6913226781406935,0.0035659686558325962,0.038131613989117574,0.038131613989117574
39,1,0,0,1,1,1,1,0,0,1,1,1,0,0,1,1,0,1,1,0.8227020306627317,0.7128864964214463,0.00414205349534239,0.043530572366621945,0.043530572366621945
11,0,0,0,1,1,1,0,0,0,0,0,0,0,0,0,0,1,0,0,-1.459092145739016,0.8469074549655476,0.009789108115316166,0.08799046091721618,0.08799046091721618
7,0,1,0,0,0,1,0,0,0,0,0,0,0,0,0,0,0,0,1,-1.4906683215231624,0.8848383086630132,0.012329368360988486,0.10389128471090825,0.10389128471090825
3,0,0,0,0,0,1,0,0,0,0,0,0,0,0,1,0,0,0,0,-1.3361112505797081,0.9373188893787414,0.017092860770546496,0.12812771737333695,0.12812771737333695
8,0,1,0,0,0,1,0,1,1,0,1,0,0,1,0,0,0,1,1,0.06321190785457553,0.8743368175545859,0.01156705087089483,0.09935054964947354,0.09935054964947354
1,1,1,0,0,1,1,0,0,0,0,0,0,0,0,0,0,0,0,1,-1.5072873614095552,0.9743124842439652,0.02235010364622835,0.1468274853100915,0.1468274853100915
32,0,1,0,1,1,1,1,0,1,1,1,0,0,1,0,1,0,0,0,0.9972019494698574,0.7355303895625583,0.00482771692436557,0.04972004336955682,0.04972004336955682
60,0,1,0,1,1,1,0,1,1,1,1,1,0,0,0,1,0,0,1,0.034959540047707294,0.6630148153227823,0.0029109829180785306,0.031759872056746574,0.031759872056746574
10,0,0,0,1,0,1,0,0,0,0,0,0,0,0,0,0,0,0,1,-1.4906683215231624,0.8554585264638187,0.010313003097985489,0.09145336847937524,0.09145336847937524
71,0,0,0,1,0,1,0,0,0,0,0,0,0,0,1,0,1,0,1,-1.334449346591069,0.6435679119154606,0.0025205988088756303,0.02783802704790539,0.02783802704790539
4,1,0,0,1,1,1,0,0,0,0,0,0,0,0,0,0,0,0,0,-1.477373089614048,0.9221895280070969,0.015517187361763772,0.12087777811840728,0.12087777811840728
1,1,0,1,0,0,1,1,0,0,0,0,0,0,0,0,0,0,1,1,0.14796901127517934,0.9743124842439652,0.02235010364622835,0.1468274853100915,0.1468274853100915
43,0,0,0,1,1,0,0,1,1,1,0,1,1,0,0,1,0,0,1,-0.45031642463496574,0.7016186635948665,0.003832182002392298,0.04064972482294138,0.04064972482294138
59,1,1,0,1,0,1,1,0,0,0,1,0,1,1,1,1,0,0,1,1.1534209244019509,0.6649614286359096,0.0029526183444970946,0.03217256791019485,0.03217256791019485
23,0,0,0,1,0,1,0,1,0,0,1,1,0,0,0,0,0,1,0,-0.35060218531660825,0.7723876776489026,0.006146116983133188,0.060949762364490456,0.060949762364490456
72,0,0,0,1,0,1,0,0,0,0,0,0,0,0,0,0,1,0,0,-1.5089492653981946,0.6419575496164033,0.002490279067928491,0.027529416300707155,0.027529416300707155
22,0,1,0,1,0,1,0,1,1,0,0,1,0,0,0,1,0,0,1,-0.28412602577103657,0.7772239626242997,0.006339847981342745,0.0625297608539006,0.0625297608539006
1,0,0,0,0,0,0,0,1,0,0,0,0,0,0,0,0,0,0,1,-1.3178303067046762,0.9743124842439652,0.02235010364622835,0.1468274853100915,0.1468274853100915
69,0,1,0,0,0,1,0,0,0,0,0,0,0,0,1,0,1,0,0,-1.357716002432019,0.6468608243449303,0.002583528294433392,0.028476690845760766,0.028476690845760766
50,0,1,0,0,0,0,0,1,1,0,0,1,0,0,0,1,0,0,1,-0.9771399890336213,0.6841504128114664,0.003389643293482253,0.03644129666249096,0.03644129666249096
1,1,0,1,0,0,0,0,1,0,0,0,0,0,0,0,0,0,1,1,-1.3161684027160367,0.9743124842439652,0.02235010364622835,0.1468274853100915,0.1468274853100915
2,1,1,0,0,0,1,0,1,0,0,0,0,0,0,0,0,0,0,1,-0.6580544232148772,0.9544211124058478,0.01918286543259826,0.13658902706858933,0.13658902706858933
15,0,0,0,1,0,1,1,0,0,1,0,0,0,0,0,0,0,0,0,0.3507212978891727,0.817222359631732,0.00815567933565363,0.07653518145581295,0.07653518145581295
31,0,1,0,0,0,1,0,0,0,0,0,0,0,0,0,0,1,0,0,-1.4757111856254088,0.7391329118702427,0.004945042598351195,0.05075440110013929,0.05075440110013929
1,1,1,0,0,0,1,0,0,0,0,0,0,0,0,0,0,0,0,0,-1.4840207055686052,0.9743124842439652,0.02235010364622835,0.1468274853100915,0.1468274853100915
66,1,1,0,1,0,1,1,0,0,1,1,0,1,1,1,0,0,0,1,1.336230363152273,0.6519909407703324,0.0026840999053434323,0.029492182160968494,0.029492182160968494
3,1,1,0,0,1,1,0,1,0,0,0,0,1,0,0,0,0,0,1,-0.3356450494188545,0.9373188893787414,0.017092860770546496,0.12812771737333695,0.12812771737333695
8,0,0,0,0,0,1,0,0,0,0,0,0,0,0,0,0,1,0,0,-1.4890064175345232,0.8743368175545859,0.01156705087089483,0.09935054964947354,0.09935054964947354
64,0,1,0,1,1,1,0,1,1,0,1,0,1,1,0,1,0,0,1,0.2742737144117654,0.6555468612609421,0.002755656035094927,0.030210834407233156,0.030210834407233156
28,0,0,0,1,0,1,0,0,0,0,0,0,0,0,0,0,0,0,0,-1.4723873776481302,0.7506071373425116,0.0053347764644180165,0.05414016114784159,0.05414016114784159
57,0,0,0,1,0,1,1,0,0,0,1,0,1,1,1,1,0,0,1,1.194968524117933,0.6689574203086703,0.003039606595789443,0.03303139376725084,0.03303139376725084
14,1,0,0,1,1,1,1,0,0,0,1,0,0,1,1,0,0,1,1,0.7462544471853244,0.8240576612486123,0.008508086494505379,0.07909398048302463,0.07909398048302463
19,0,1,0,0,0,1,0,0,0,0,0,0,0,0,0,0,1,0,1,-1.4906683215231624,0.7929113200145855,0.0070048485392757275,0.06782398836650938,0.06782398836650938
10,1,1,0,1,0,1,1,0,0,0,0,0,1,0,0,0,0,1,1,0.5036164648439879,0.8554585264638187,0.010313003097985489,0.09145336847937524,0.09145336847937524
51,0,0,0,1,0,0,0,1,0,1,0,0,1,1,0,0,0,1,1,-0.5034973522714231,0.681854139199785,0.003334724055742794,0.03591111081215892,0.03591111081215892
67,0,0,0,1,0,1,0,1,1,1,1,0,0,0,1,0,1,0,0,0.028311924093150503,0.6502545080837984,0.0026497095459112013,0.029145652408135048,0.029145652408135048
11,0,1,0,1,1,1,0,0,0,0,0,0,0,0,0,0,0,1,1,-1.4740492816367694,0.8469074549655476,0.009789108115316166,0.08799046091721618,0.08799046091721618
72,0,1,0,1,1,0,0,1,1,0,1,1,1,1,0,0,1,0,0,-0.12790705083894302,0.6419575496164033,0.002490279067928491,0.027529416300707155,0.027529416300707155
66,0,1,0,1,1,1,0,0,0,0,0,0,0,0,0,1,0,1,1,-1.477373089614048,0.6519909407703324,0.0026840999053434323,0.029492182160968494,0.029492182160968494
18,1,0,0,0,0,1,1,0,0,0,0,1,1,0,1,0,0,1,1,0.7828163349353886,0.798585597100695,0.007259843514731271,0.06980238681281059,0.06980238681281059
9,0,0,0,0,0,1,0,0,0,0,0,0,0,0,0,0,0,1,1,-1.505625457420916,0.8645756330248363,0.010901071741709328,0.09522425637547682,0.09522425637547682
9,0,0,0,0,0,1,1,0,0,0,0,0,0,0,1,0,0,0,1,0.34573558592325515,0.8645756330248363,0.010901071741709328,0.09522425637547682,0.09522425637547682
48,0,1,0,1,0,1,1,0,1,1,1,0,1,1,1,0,0,0,1,1.5506159776867416,0.6888828979881829,0.003505164885370563,0.03755076913789834,0.03755076913789834
10,0,1,0,0,0,1,1,0,0,0,0,0,0,0,0,0,0,0,0,0.17788328307068677,0.8554585264638187,0.010313003097985489,0.09145336847937524,0.09145336847937524
9,1,0,0,0,0,1,1,0,0,0,0,0,1,1,1,0,0,1,1,0.9955400454812182,0.8645756330248363,0.010901071741709328,0.09522425637547682,0.09522425637547682
13,1,0,1,0,0,1,1,0,0,0,0,0,1,1,1,0,0,1,1,1.0055114694130538,0.8312566322761956,0.008894046614766308,0.0818402613059327,0.0818402613059327
4,1,1,0,0,0,1,1,0,0,1,0,0,0,0,1,0,0,1,0,0.4537593451848091,0.9221895280070969,0.015517187361763772,0.12087777811840728,0.12087777811840728
4,1,1,0,0,0,1,1,0,0,0,0,0,0,0,0,0,0,1,1,0.17954518705932596,0.9221895280070969,0.015517187361763772,0.12087777811840728,0.12087777811840728
72,0,0,0,1,0,1,0,1,1,1,1,1,1,1,1,0,1,0,0,0.9041353261060571,0.6419575496164033,0.002490279067928491,0.027529416300707155,0.027529416300707155
51,0,0,0,1,1,1,0,1,1,1,1,1,1,1,0,0,1,0,0,0.6880878075829492,0.681854139199785,0.003334724055742794,0.03591111081215892,0.03591111081215892
59,1,1,0,1,0,0,0,1,0,1,0,0,0,1,0,0,0,0,1,-0.7893448383173813,0.6649614286359096,0.0029526183444970946,0.03217256791019485,0.03217256791019485
10,1,1,0,1,0,1,1,0,0,0,0,0,1,0,1,0,0,1,1,0.6914116155602276,0.8554585264638187,0.010313003097985489,0.09145336847937524,0.09145336847937524
61,0,1,1,1,0,1,1,0,0,1,0,0,0,0,1,0,0,1,1,0.5767402403441169,0.6611010360108607,0.002870516527482457,0.031357744906887475,0.031357744906887475
54,0,1,0,0,0,1,1,0,1,0,1,1,0,0,0,1,0,1,0,0.651525919832885,0.6752256920763566,0.003180258311786613,0.03441034838970081,0.03441034838970081
33,0,0,0,0,0,1,0,1,1,1,0,0,0,0,1,0,0,0,1,-0.12956895482758246,0.732029255003116,0.004715929386838689,0.04872789424351476,0.04872789424351476
27,0,0,0,0,0,1,0,0,0,0,0,0,0,0,0,0,1,0,1,-1.4806968975913266,0.7546760980475697,0.005479040808994945,0.05537422178102336,0.05537422178102336
1,1,0,1,0,0,1,1,0,0,0,0,0,1,0,0,0,0,1,1,0.4786879050143985,0.9743124842439652,0.02235010364622835,0.1468274853100915,0.1468274853100915
23,0,1,0,0,0,1,1,0,0,1,0,0,1,1,0,0,0,0,0,1.0138209893562502,0.7723876776489026,0.006146116983133188,0.060949762364490456,0.060949762364490456
1,0,1,0,0,1,1,0,0,0,0,0,0,0,0,0,0,0,0,0,-1.493992129500441,0.9743124842439652,0.02235010364622835,0.1468274853100915,0.1468274853100915
45,0,1,0,1,1,1,0,1,1,1,1,1,1,1,0,0,1,0,1,0.6498640158442452,0.6963590108821652,0.0036942216775406023,0.039349803973645514,0.039349803973645514
39,0,0,0,1,1,1,0,0,0,0,0,0,0,0,0,0,1,0,1,-1.493992129500441,0.7128864964214463,0.00414205349534239,0.043530572366621945,0.043530572366621945
5,1,1,0,0,0,1,0,1,0,0,1,0,1,1,0,1,0,0,1,0.1728975711047687,0.9085818526659613,0.014256987321705751,0.11453932573635439,0.11453932573635439
72,0,1,0,1,1,1,0,1,1,1,1,1,1,0,1,0,1,0,0,0.5817259523100344,0.6419575496164033,0.002490279067928491,0.027529416300707155,0.027529416300707155
58,0,0,0,1,1,1,0,1,0,1,0,0,1,0,1,0,0,0,1,0.06653571583185393,0.6669419291751147,0.0029954745981990286,0.0325962586220786,0.0325962586220786
70,0,0,0,0,0,0,0,1,1,1,1,1,0,0,0,0,1,0,1,-0.6713496551239915,0.6452021175658147,0.002551672337160255,0.02815370280249474,0.02815370280249474
61,0,1,0,1,1,1,1,0,0,1,0,1,1,1,0,1,0,0,1,1.1185209406405259,0.6611010360108607,0.002870516527482457,0.031357744906887475,0.031357744906887475
2,0,1,0,0,0,1,1,0,0,0,0,0,0,0,0,0,0,0,0,0.1961642269457189,0.9544211124058478,0.01918286543259826,0.13658902706858933,0.13658902706858933
46,0,0,0,1,1,1,0,0,0,0,0,0,0,0,1,1,0,0,0,-1.3244779226592331,0.6938140321924815,0.003628947567853564,0.038730988089776375,0.038730988089776375
1,1,0,0,0,0,1,0,1,0,0,0,0,0,0,1,0,0,0,1,-0.49352592833958725,0.9743124842439652,0.02235010364622835,0.1468274853100915,0.1468274853100915
22,1,0,0,1,0,1,1,0,0,0,0,0,0,0,0,0,0,1,1,0.14796901127517934,0.7772239626242997,0.006339847981342745,0.0625297608539006,0.0625297608539006
48,0,0,0,0,0,1,1,0,1,0,1,1,1,1,0,0,1,0,1,1.2531351637203083,0.6888828979881829,0.003505164885370563,0.03755076913789834,0.03755076913789834
64,0,1,0,0,0,1,0,1,0,1,1,1,1,1,1,0,1,0,0,0.7229877913443742,0.6555468612609421,0.002755656035094927,0.030210834407233156,0.030210834407233156
72,0,1,0,1,1,1,0,0,0,0,0,0,0,0,1,0,1,0,0,-1.3460826745115442,0.6419575496164033,0.002490279067928491,0.027529416300707155,0.027529416300707155
12,0,0,0,1,1,1,0,1,0,0,1,0,1,0,0,0,0,0,1,-0.21432605824818624,0.8388580793219884,0.009318867014819062,0.08479678961103854,0.08479678961103854
34,1,0,1,1,0,1,1,0,0,1,1,0,0,1,1,0,0,1,1,0.9789210055948252,0.7286243341114813,0.004609291590527576,0.04777537654084685,0.04777537654084685
72,0,0,0,1,1,1,0,1,1,1,1,0,0,1,0,0,1,0,0,0.1313499713887864,0.6419575496164033,0.002490279067928491,0.027529416300707155,0.027529416300707155
29,0,1,0,1,0,1,1,0,0,1,1,0,0,0,1,0,0,1,1,0.6980592315147849,0.746664964341879,0.005198070769814978,0.05296124339833497,0.05296124339833497
33,0,1,0,1,1,1,0,0,0,0,0,0,0,0,0,1,0,0,0,-1.4856826095572444,0.732029255003116,0.004715929386838689,0.04872789424351476,0.04872789424351476
1,0,0,0,0,0,1,0,0,0,0,0,0,0,0,0,0,0,0,0,-1.477373089614048,0.9743124842439652,0.02235010364622835,0.1468274853100915,0.1468274853100915
62,0,0,0,1,1,1,1,0,0,1,1,1,1,1,1,1,0,1,1,1.5290112258344308,0.6592190846564381,0.0028311702861325673,0.03096578220998969,0.03096578220998969
41,1,1,0,1,0,1,0,1,0,0,1,0,1,1,1,1,0,1,1,0.2726118104231262,0.7071206594283597,0.003981008341391358,0.042040010297382246,0.042040010297382246
64,1,0,0,0,0,1,1,0,0,0,1,0,1,1,1,1,0,0,1,1.171701868276983,0.6555468612609421,0.002755656035094927,0.030210834407233156,0.030210834407233156
4,0,0,0,0,0,1,1,0,0,0,1,0,0,1,0,0,0,0,1,0.6000068961850665,0.9221895280070969,0.015517187361763772,0.12087777811840728,0.12087777811840728
24,0,0,0,0,0,1,1,0,1,0,0,1,0,0,1,0,0,1,1,0.6498640158442452,0.7677256072562019,0.005964174846469762,0.05945002834593771,0.05945002834593771
14,0,0,0,1,1,1,0,0,0,0,0,0,0,0,0,1,0,0,0,-1.5039635534322768,0.8240576612486123,0.008508086494505379,0.07909398048302463,0.07909398048302463
3,0,1,0,0,1,1,0,0,0,0,0,0,0,0,0,0,0,0,0,-1.4906683215231624,0.9373188893787414,0.017092860770546496,0.12812771737333695,0.12812771737333695
4,1,0,1,0,0,1,1,0,0,1,1,0,1,1,0,0,0,0,1,1.1633923483337865,0.9221895280070969,0.015517187361763772,0.12087777811840728,0.12087777811840728
18,1,0,0,0,1,0,0,1,0,0,0,0,0,1,0,0,0,1,1,-0.9904352209427356,0.798585597100695,0.007259843514731271,0.06980238681281059,0.06980238681281059
8,0,1,0,0,0,1,0,1,0,0,0,0,1,1,0,0,0,1,1,0.04825477195682182,0.8743368175545859,0.01156705087089483,0.09935054964947354,0.09935054964947354
35,0,0,0,0,0,1,0,0,0,0,0,0,0,0,1,0,1,0,0,-1.37932075428433,0.7253108322429414,0.004507451042951911,0.04686012202126277,0.04686012202126277
1,1,0,0,0,0,1,1,0,0,0,0,0,0,0,1,0,0,1,0,0.3723260497414837,0.9743124842439652,0.02235010364622835,0.1468274853100915,0.1468274853100915
66,0,1,0,0,1,1,0,0,0,0,0,0,0,0,1,0,1,0,1,-1.3128445947387584,0.6519909407703324,0.0026840999053434323,0.029492182160968494,0.029492182160968494
8,0,1,0,0,1,0,0,1,1,0,0,1,0,1,0,0,1,0,1,-0.6730115591126309,0.8743368175545859,0.01156705087089483,0.09935054964947354,0.09935054964947354
71,0,0,0,1,0,1,1,0,1,0,1,0,1,1,1,1,0,0,1,1.3063160913567655,0.6435679119154606,0.0025205988088756303,0.02783802704790539,0.02783802704790539
43,0,0,0,1,1,1,1,0,0,0,1,0,0,1,1,0,0,0,1,0.9224162699810893,0.7016186635948665,0.003832182002392298,0.04064972482294138,0.04064972482294138
2,1,0,1,0,0,1,1,0,0,0,0,0,1,1,1,0,0,1,1,0.9656257736857107,0.9544211124058478,0.01918286543259826,0.13658902706858933,0.13658902706858933
29,0,1,1,0,0,1,1,0,0,1,1,0,1,1,0,0,0,0,1,1.2182351799588833,0.746664964341879,0.005198070769814978,0.05296124339833497,0.05296124339833497
15,1,0,0,1,0,1,1,0,0,0,1,0,1,0,0,0,0,1,1,0.6482021118556061,0.817222359631732,0.00815567933565363,0.07653518145581295,0.07653518145581295
65,0,1,0,1,1,1,1,0,1,1,1,1,0,0,1,0,1,0,0,0.9888924295266609,0.6537547892731487,0.002719403042122667,0.02984713825493901,0.02984713825493901
35,0,1,0,0,0,1,1,0,0,0,1,1,1,0,1,0,0,1,0,1.0204686053108076,0.7253108322429414,0.004507451042951911,0.04686012202126277,0.04686012202126277
64,0,1,0,0,0,1,1,0,1,1,0,0,1,1,0,1,0,0,1,1.1800113882201795,0.6555468612609421,0.002755656035094927,0.030210834407233156,0.030210834407233156
58,0,0,0,1,1,0,0,1,0,0,1,1,1,1,0,0,1,0,1,-0.30905458560062593,0.6669419291751147,0.0029954745981990286,0.0325962586220786,0.0325962586220786
18,0,0,1,0,0,1,0,1,0,1,0,0,0,0,0,0,0,0,1,-0.49684973631686585,0.798585597100695,0.007259843514731271,0.06980238681281059,0.06980238681281059
67,0,1,0,1,1,1,1,0,0,1,0,0,0,1,1,0,0,0,1,0.8227020306627317,0.6502545080837984,0.0026497095459112013,0.029145652408135048,0.029145652408135048
63,0,1,0,1,1,1,0,0,0,0,0,0,0,0,0,0,1,0,1,-1.5172587853413912,0.6573679996492523,0.0027928980105273514,0.030583600220822293,0.030583600220822293
60,0,0,0,1,0,1,1,0,0,1,0,0,1,1,1,0,0,1,1,1.1633923483337865,0.6630148153227823,0.0029109829180785306,0.031759872056746574,0.031759872056746574
9,1,1,1,0,0,1,1,0,0,0,0,0,0,1,1,0,0,0,1,0.651525919832885,0.8645756330248363,0.010901071741709328,0.09522425637547682,0.09522425637547682
70,0,0,0,1,1,1,1,0,1,1,1,1,1,1,1,0,1,0,1,1.6037969053231989,0.6452021175658147,0.002551672337160255,0.02815370280249474,0.02815370280249474
15,1,1,0,1,0,1,1,0,0,0,1,0,1,1,1,0,0,1,1,1.206601852038408,0.817222359631732,0.00815567933565363,0.07653518145581295,0.07653518145581295
48,0,0,0,0,1,1,0,0,0,0,0,0,0,0,0,1,0,0,0,-1.4906683215231624,0.6888828979881829,0.003505164885370563,0.03755076913789834,0.03755076913789834
12,0,1,0,1,0,1,0,1,0,0,1,1,1,1,0,0,0,1,1,0.3108356021618301,0.8388580793219884,0.009318867014819062,0.08479678961103854,0.08479678961103854
71,0,1,1,1,0,1,1,0,1,1,1,1,0,0,1,1,0,1,1,0.9041353261060571,0.6435679119154606,0.0025205988088756303,0.02783802704790539,0.02783802704790539
44,0,1,1,0,0,1,1,0,0,0,1,0,0,0,0,0,0,1,0,0.300864178229994,0.6989597866938809,0.0037619201221218337,0.03998903582240876,0.03998903582240876
1,1,1,0,0,0,1,0,1,0,0,0,0,0,0,1,0,0,1,1,-0.4769068884531943,0.9743124842439652,0.02235010364622835,0.1468274853100915,0.1468274853100915
45,0,1,0,1,1,1,0,0,0,0,0,0,0,0,1,0,1,0,0,-1.3410969625456262,0.6963590108821652,0.0036942216775406023,0.039349803973645514,0.039349803973645514
23,0,0,0,0,0,1,0,0,0,0,0,0,0,0,1,1,0,0,0,-1.3294636346251512,0.7723876776489026,0.006146116983133188,0.060949762364490456,0.060949762364490456
43,0,0,0,1,0,1,0,1,0,0,0,1,1,0,1,1,0,0,1,0.0017214602749214547,0.7016186635948665,0.003832182002392298,0.04064972482294138,0.04064972482294138
35,0,1,0,0,0,1,0,0,0,0,0,0,0,0,0,0,0,0,0,-1.4640778577049338,0.7253108322429414,0.004507451042951911,0.04686012202126277,0.04686012202126277
9,0,1,0,1,0,1,0,1,1,1,0,1,1,0,0,0,0,0,1,0.13799758734334366,0.8645756330248363,0.010901071741709328,0.09522425637547682,0.09522425637547682
12,1,1,0,0,0,1,1,0,0,0,0,1,1,1,1,0,0,0,1,1.1683780602997047,0.8388580793219884,0.009318867014819062,0.08479678961103854,0.08479678961103854
65,0,0,1,1,0,1,1,0,1,1,1,0,1,1,1,0,0,0,1,1.4824779141525308,0.6537547892731487,0.002719403042122667,0.02984713825493901,0.02984713825493901
2,1,0,0,0,0,1,1,0,0,0,1,0,1,0,1,0,0,1,1,0.8841924782423858,0.9544211124058478,0.01918286543259826,0.13658902706858933,0.13658902706858933
27,0,1,0,0,0,1,0,1,0,0,0,0,0,0,1,0,0,0,0,-0.5251021041237338,0.7546760980475697,0.005479040808994945,0.05537422178102336,0.05537422178102336
40,0,0,0,0,0,1,0,1,0,0,1,0,0,0,0,1,0,0,1,-0.48355450440775155,0.7099691459680679,0.004059910336396862,0.04277208089669704,0.04277208089669704
5,1,0,1,0,0,1,1,0,0,0,1,0,0,0,0,0,0,0,1,0.35736891384373,0.9085818526659613,0.014256987321705751,0.11453932573635439,0.11453932573635439
8,0,1,0,1,1,1,0,0,0,0,0,0,0,0,0,1,0,0,0,-1.4923302255118018,0.8743368175545859,0.01156705087089483,0.09935054964947354,0.09935054964947354
58,0,0,1,1,0,1,1,0,0,1,0,0,1,1,1,1,0,0,1,1.0969161887882148,0.6669419291751147,0.0029954745981990286,0.0325962586220786,0.0325962586220786
52,0,0,0,1,1,1,1,0,1,0,1,0,1,1,0,1,0,1,0,1.1800113882201795,0.6796022882225629,0.00328157591746785,0.03539633014558485,0.03539633014558485
3,0,1,0,1,0,1,0,1,0,0,1,1,0,0,0,0,0,0,1,-0.2990831616687903,0.9373188893787414,0.017092860770546496,0.12812771737333695,0.12812771737333695
41,0,1,0,0,1,1,1,0,1,1,1,1,1,1,0,0,1,1,1,1.540644553754906,0.7071206594283597,0.003981008341391358,0.042040010297382246,0.042040010297382246
20,0,1,0,0,0,1,1,0,0,0,0,1,1,1,1,0,0,0,1,1.1218447486178043,0.7874709741517664,0.006767715032425889,0.0659587290124013,0.0659587290124013
1,0,1,0,0,1,1,0,1,0,0,0,0,0,0,1,0,0,1,1,-0.4902021203623088,0.9743124842439652,0.02235010364622835,0.1468274853100915,0.1468274853100915
4,1,1,0,0,1,1,1,0,0,0,0,1,0,0,1,0,0,0,0,0.5318688326508556,0.9221895280070969,0.015517187361763772,0.12087777811840728,0.12087777811840728
23,0,1,0,0,0,1,0,0,0,0,0,0,0,0,0,0,0,1,0,-1.4607540497276552,0.7723876776489026,0.006146116983133188,0.060949762364490456,0.060949762364490456
6,0,0,1,0,0,1,0,0,0,0,0,0,0,0,0,0,0,0,0,-1.505625457420916,0.8962011910421149,0.01321361285882388,0.10892151775419001,0.10892151775419001
8,0,1,0,1,1,1,0,0,0,0,0,0,0,0,0,0,0,0,1,-1.5106111693868338,0.8743368175545859,0.01156705087089483,0.09935054964947354,0.09935054964947354
18,0,1,0,0,0,1,0,1,1,0,1,0,1,0,1,0,0,0,0,0.1562785312183758,0.798585597100695,0.007259843514731271,0.06980238681281059,0.06980238681281059
52,0,1,1,0,0,0,0,1,1,0,0,0,1,1,0,0,0,0,1,-0.5317497200782911,0.6796022882225629,0.00328157591746785,0.03539633014558485,0.03539633014558485
31,0,1,0,0,0,1,1,0,0,1,0,0,1,1,0,0,0,1,1,0.9872305255380217,0.7391329118702427,0.004945042598351195,0.05075440110013929,0.05075440110013929
29,0,1,0,1,1,1,0,0,0,0,0,0,0,0,0,0,0,0,1,-1.4674016656822124,0.746664964341879,0.005198070769814978,0.05296124339833497,0.05296124339833497
36,0,0,0,1,0,1,1,0,1,1,1,1,0,1,1,0,1,0,1,1.371130346913698,0.7220842981429184,0.004410087057617903,0.045979950318991825,0.045979950318991825
16,1,0,0,1,0,1,1,0,0,1,0,0,1,1,1,0,0,1,1,1.170039964288344,0.8107173068575363,0.007832475449686212,0.07414442618478301,0.07414442618478301
42,0,1,0,1,0,1,1,0,0,0,1,1,1,1,1,1,0,1,1,1.4459160264024662,0.7043380877631116,0.0039051573709433167,0.0413329850998293,0.0413329850998293
1,1,1,0,0,0,1,0,0,0,0,0,0,0,0,0,0,0,1,0,-1.470725473659491,0.9743124842439652,0.02235010364622835,0.1468274853100915,0.1468274853100915
60,0,0,0,0,0,1,1,0,0,1,1,0,1,1,0,0,1,1,1,1.158406636367869,0.6630148153227823,0.0029109829180785306,0.031759872056746574,0.031759872056746574
5,1,1,0,0,0,1,1,0,0,1,1,0,0,0,1,0,0,1,1,0.6814401916283919,0.9085818526659613,0.014256987321705751,0.11453932573635439,0.11453932573635439
22,0,1,0,1,0,1,1,0,1,0,0,1,1,0,1,0,0,0,0,1.033763837219922,0.7772239626242997,0.006339847981342745,0.0625297608539006,0.0625297608539006
36,0,1,0,1,0,1,0,0,0,0,0,0,0,0,0,1,0,0,0,-1.4890064175345232,0.7220842981429184,0.004410087057617903,0.045979950318991825,0.045979950318991825
4,1,0,0,0,0,1,1,0,0,0,0,0,0,0,0,0,0,1,0,0.18619280301388322,0.9221895280070969,0.015517187361763772,0.12087777811840728,0.12087777811840728
9,0,1,0,0,0,1,0,1,1,0,0,1,0,1,0,0,0,0,0,0.005045268252200322,0.8645756330248363,0.010901071741709328,0.09522425637547682,0.09522425637547682
1,0,1,0,1,1,1,1,0,0,1,0,0,0,0,0,0,0,0,0,0.32579273805958336,0.9743124842439652,0.02235010364622835,0.1468274853100915,0.1468274853100915
12,0,1,0,1,1,1,0,1,1,0,0,0,0,0,0,0,0,1,1,-0.5184544881691766,0.8388580793219884,0.009318867014819062,0.08479678961103854,0.08479678961103854
23,0,0,0,0,0,1,0,1,0,0,0,1,1,1,1,1,0,0,1,0.29754037025271557,0.7723876776489026,0.006146116983133188,0.060949762364490456,0.060949762364490456
62,0,1,0,0,0,1,1,0,1,1,0,0,0,1,1,1,0,0,1,0.9141067500378928,0.6592190846564381,0.0028311702861325673,0.03096578220998969,0.03096578220998969
37,1,1,0,0,0,1,1,0,0,0,0,1,1,1,1,0,0,0,0,1.1301542685610007,0.7189405920832638,0.0043169072108659315,0.0451328504105416,0.0451328504105416
8,0,0,0,0,0,1,0,0,0,0,0,0,0,0,0,0,0,0,0,-1.5155968813527516,0.8743368175545859,0.01156705087089483,0.09935054964947354,0.09935054964947354
31,0,1,0,1,0,1,1,0,0,0,1,0,1,0,1,0,0,0,0,0.7927877588672247,0.7391329118702427,0.004945042598351195,0.05075440110013929,0.05075440110013929
13,1,1,0,1,1,1,1,0,0,0,0,0,0,0,1,0,0,0,1,0.31914512210502655,0.8312566322761956,0.008894046614766308,0.0818402613059327,0.0818402613059327
24,1,0,0,0,0,1,1,0,0,0,1,0,1,1,1,0,0,1,1,1.1284923645723615,0.7677256072562019,0.005964174846469762,0.05945002834593771,0.05945002834593771
45,0,1,0,1,1,1,1,0,0,1,1,0,0,1,1,0,0,0,1,1.0354257412085612,0.6963590108821652,0.0036942216775406023,0.039349803973645514,0.039349803973645514
69,0,0,1,1,0,1,1,0,0,1,0,1,1,1,1,0,1,0,0,1.3495255950613876,0.6468608243449303,0.002583528294433392,0.028476690845760766,0.028476690845760766
2,0,1,0,0,0,1,0,0,0,0,0,0,0,0,0,0,0,0,0,-1.4806968975913266,0.9544211124058478,0.01918286543259826,0.13658902706858933,0.13658902706858933
61,1,1,0,1,1,1,1,0,1,1,0,0,1,1,1,1,0,1,1,1.3694684429250588,0.6611010360108607,0.002870516527482457,0.031357744906887475,0.031357744906887475
41,1,1,0,0,0,1,1,0,0,1,1,0,1,1,1,0,0,1,1,1.3262589392204374,0.7071206594283597,0.003981008341391358,0.042040010297382246,0.042040010297382246
44,0,0,0,0,0,0,0,1,0,0,1,0,1,1,0,1,0,1,1,-0.5234402001350946,0.6989597866938809,0.0037619201221218337,0.03998903582240876,0.03998903582240876
39,0,1,0,0,0,0,0,1,0,0,1,1,0,0,0,1,0,0,0,-0.9721542770677035,0.7128864964214463,0.00414205349534239,0.043530572366621945,0.043530572366621945
72,0,1,0,1,1,0,0,1,1,1,1,1,1,1,0,0,1,0,1,0.010030980218117914,0.6419575496164033,0.002490279067928491,0.027529416300707155,0.027529416300707155
13,0,0,1,0,0,1,1,0,0,0,1,0,1,1,0,0,0,1,1,1.0653400130040682,0.8312566322761956,0.008894046614766308,0.0818402613059327,0.0818402613059327
51,0,0,0,1,1,1,0,1,1,1,0,1,0,1,0,1,0,0,1,0.16458805116157224,0.681854139199785,0.003334724055742794,0.03591111081215892,0.03591111081215892
71,0,0,1,1,0,1,1,0,0,1,1,0,1,1,0,0,1,1,1,1.1434495004701153,0.6435679119154606,0.0025205988088756303,0.02783802704790539,0.02783802704790539
22,1,1,1,0,0,1,1,0,0,0,0,0,1,1,1,0,0,1,1,1.0603543010381506,0.7772239626242997,0.006339847981342745,0.0625297608539006,0.0625297608539006
2,1,0,0,0,0,1,0,1,0,1,0,1,0,0,0,0,0,0,1,-0.32401172149837965,0.9544211124058478,0.01918286543259826,0.13658902706858933,0.13658902706858933
56,0,0,0,0,0,1,1,0,0,1,1,0,1,1,1,1,0,1,1,1.3960589067432874,0.6710090587453561,0.003085072619735503,0.03347844798497823,0.03347844798497823
1,0,1,0,0,0,1,0,1,1,0,0,0,0,0,0,0,0,0,0,-0.45031642463496574,0.9743124842439652,0.02235010364622835,0.1468274853100915,0.1468274853100915
23,0,0,0,1,1,1,0,1,1,1,0,1,0,0,0,1,0,0,1,-0.2342689061118578,0.7723876776489026,0.006146116983133188,0.060949762364490456,0.060949762364490456
66,0,0,1,1,0,1,0,1,0,1,1,0,1,0,1,1,0,0,1,0.2011499389116365,0.6519909407703324,0.0026840999053434323,0.029492182160968494,0.029492182160968494
1,0,0,0,0,0,1,0,0,0,0,0,0,0,0,0,0,0,0,0,-1.5039635534322768,0.9743124842439652,0.02235010364622835,0.1468274853100915,0.1468274853100915
19,1,1,1,0,0,1,1,0,0,1,0,0,1,0,1,0,0,1,1,0.777830622969471,0.7929113200145855,0.0070048485392757275,0.06782398836650938,0.06782398836650938
11,0,1,0,0,0,1,1,0,1,0,1,0,0,0,0,0,0,0,1,0.48865932894623415,0.8469074549655476,0.009789108115316166,0.08799046091721618,0.08799046091721618
8,1,0,0,1,1,1,0,0,0,0,0,0,0,0,0,1,0,0,1,-1.4973159374777196,0.8743368175545859,0.01156705087089483,0.09935054964947354,0.09935054964947354
52,0,0,0,1,1,1,1,0,1,1,1,0,0,1,1,0,0,0,0,1.1085495167086903,0.6796022882225629,0.00328157591746785,0.03539633014558485,0.03539633014558485
3,0,1,0,0,0,1,0,0,0,0,0,0,0,0,0,0,0,1,1,-1.4806968975913266,0.9373188893787414,0.017092860770546496,0.12812771737333695,0.12812771737333695
51,0,0,0,1,1,1,1,0,1,1,0,0,0,0,0,0,0,0,1,0.4770260010257593,0.681854139199785,0.003334724055742794,0.03591111081215892,0.03591111081215892
15,1,1,1,0,0,1,1,0,0,0,0,0,0,0,1,0,0,1,0,0.36069272182100887,0.817222359631732,0.00815567933565363,0.07653518145581295,0.07653518145581295
64,0,1,1,1,0,1,1,0,0,1,1,0,0,1,1,0,0,1,1,0.9789210055948252,0.6555468612609421,0.002755656035094927,0.030210834407233156,0.030210834407233156
37,0,0,0,0,0,0,0,1,0,0,1,0,0,1,0,0,0,0,1,-0.8175972061242491,0.7189405920832638,0.0043169072108659315,0.0451328504105416,0.0451328504105416
13,0,1,0,0,0,1,0,0,0,0,0,0,0,0,0,0,1,0,0,-1.4906683215231624,0.8312566322761956,0.008894046614766308,0.0818402613059327,0.0818402613059327
49,0,1,0,1,0,1,0,1,1,0,0,0,0,0,1,1,0,1,1,-0.3140402975665438,0.6864927538867036,0.0034464244917631367,0.03698759780359384,0.03698759780359384
45,0,0,1,0,0,1,1,0,0,0,1,0,1,1,1,1,0,0,1,1.2415018357998335,0.6963590108821652,0.0036942216775406023,0.039349803973645514,0.039349803973645514
18,0,0,0,0,0,1,1,0,0,0,0,0,0,0,0,0,0,1,1,0.20945945885483294,0.798585597100695,0.007259843514731271,0.06980238681281059,0.06980238681281059
1,1,1,1,0,0,1,1,0,0,0,0,0,0,0,1,0,0,1,1,0.32911654603686225,0.9743124842439652,0.02235010364622835,0.1468274853100915,0.1468274853100915
68,0,1,0,1,0,0,0,1,1,0,1,0,1,1,0,0,1,0,1,-0.35558789728252604,0.6485447168747005,0.0026161967996319807,0.028807250213664037,0.028807250213664037
54,0,1,0,0,0,1,0,0,0,0,0,0,0,0,0,0,1,0,0,-1.5006397454549982,0.6752256920763566,0.003180258311786613,0.03441034838970081,0.03441034838970081
23,0,0,1,1,1,1,1,0,0,1,1,0,0,1,0,0,0,0,1,0.7861401429126675,0.7723876776489026,0.006146116983133188,0.060949762364490456,0.060949762364490456
17,1,1,0,0,0,1,1,0,0,0,1,0,0,0,0,0,0,1,1,0.39393080159379473,0.8045134998853144,0.007534869537132169,0.07190499047148602,0.07190499047148602
71,0,1,0,1,0,1,0,1,1,1,1,1,0,1,1,0,1,0,0,0.5185736007417416,0.6435679119154606,0.0025205988088756303,0.02783802704790539,0.02783802704790539
67,0,0,0,1,1,1,0,0,0,0,0,0,0,0,0,0,1,0,1,-1.5139349773641124,0.6502545080837984,0.0026497095459112013,0.029145652408135048,0.029145652408135048
14,0,0,0,1,1,1,1,0,0,0,0,0,1,0,1,0,0,1,1,0.664821151741999,0.8240576612486123,0.008508086494505379,0.07909398048302463,0.07909398048302463
1,1,0,1,0,0,0,0,1,0,0,0,0,0,0,0,0,0,0,1,-1.2962255548523653,0.9743124842439652,0.02235010364622835,0.1468274853100915,0.1468274853100915
63,0,0,0,0,1,1,0,0,0,0,0,0,0,0,0,0,1,0,0,-1.505625457420916,0.6573679996492523,0.0027928980105273514,0.030583600220822293,0.030583600220822293
41,0,0,0,0,0,1,0,1,0,0,1,1,0,1,1,1,0,1,1,0.12636425942286833,0.7071206594283597,0.003981008341391358,0.042040010297382246,0.042040010297382246
17,0,0,0,1,0,1,1,0,0,0,0,0,1,1,1,0,0,1,0,0.9240781739697285,0.8045134998853144,0.007534869537132169,0.07190499047148602,0.07190499047148602
56,0,1,0,1,0,1,1,0,1,0,0,0,1,1,1,1,0,1,1,1.1883209081633759,0.6710090587453561,0.003085072619735503,0.03347844798497823,0.03347844798497823
5,0,0,0,0,0,1,0,0,0,0,0,0,0,0,0,0,0,0,0,-1.470725473659491,0.9085818526659613,0.014256987321705751,0.11453932573635439,0.11453932573635439
2,1,0,0,0,0,0,0,1,1,1,0,0,0,1,0,0,0,1,1,-0.7378258146695632,0.9544211124058478,0.01918286543259826,0.13658902706858933,0.13658902706858933
3,0,0,0,1,0,1,0,0,0,0,0,0,0,0,0,0,0,0,1,-1.5023016494436374,0.9373188893787414,0.017092860770546496,0.12812771737333695,0.12812771737333695
37,0,1,0,0,0,1,0,1,1,1,1,1,0,0,1,1,0,1,0,0.08814046768416492,0.7189405920832638,0.0043169072108659315,0.0451328504105416,0.0451328504105416
29,1,0,0,0,0,1,0,1,1,1,1,0,0,1,0,0,0,0,1,0.1346737793660648,0.746664964341879,0.005198070769814978,0.05296124339833497,0.05296124339833497
8,0,1,0,0,0,1,0,1,0,0,0,0,0,0,0,0,0,0,0,-0.7062496388854168,0.8743368175545859,0.01156705087089483,0.09935054964947354,0.09935054964947354
63,0,0,0,0,0,1,1,0,0,1,1,1,1,1,1,0,0,0,1,1.4974350500502842,0.6573679996492523,0.0027928980105273514,0.030583600220822293,0.030583600220822293
7,0,0,0,1,1,1,0,0,0,0,0,0,0,0,0,0,0,0,0,-1.4674016656822124,0.8848383086630132,0.012329368360988486,0.10389128471090825,0.10389128471090825
3,0,0,0,0,0,1,1,0,0,1,0,0,1,1,0,0,0,1,0,1.0171447973335292,0.9373188893787414,0.017092860770546496,0.12812771737333695,0.12812771737333695
72,0,1,0,1,1,1,0,0,0,0,0,0,0,0,0,0,1,0,0,-1.4557683377617372,0.6419575496164033,0.002490279067928491,0.027529416300707155,0.027529416300707155
19,0,0,0,0,0,1,0,1,0,0,0,0,0,1,0,0,0,1,1,-0.28578792975967576,0.7929113200145855,0.0070048485392757275,0.06782398836650938,0.06782398836650938
59,0,0,0,1,0,1,0,0,0,0,0,0,0,0,0,0,1,0,0,-1.5421873451709804,0.6649614286359096,0.0029526183444970946,0.03217256791019485,0.03217256791019485
2,1,1,0,1,1,1,1,0,0,0,1,1,0,1,0,0,0,0,0,0.8376591665604854,0.9544211124058478,0.01918286543259826,0.13658902706858933,0.13658902706858933
35,0,0,0,1,1,1,0,0,0,0,0,0,0,0,1,0,0,1,1,-1.2978874588410045,0.7253108322429414,0.004507451042951911,0.04686012202126277,0.04686012202126277
14,0,1,0,0,0,1,0,0,0,0,0,0,0,0,0,0,0,0,0,-1.5023016494436374,0.8240576612486123,0.008508086494505379,0.07909398048302463,0.07909398048302463
14,1,0,0,0,0,1,1,0,0,0,1,0,0,0,0,0,0,1,0,0.3507212978891727,0.8240576612486123,0.008508086494505379,0.07909398048302463,0.07909398048302463
69,0,0,0,1,1,1,0,0,0,0,0,0,0,0,0,0,1,0,0,-1.4956540334890804,0.6468608243449303,0.002583528294433392,0.028476690845760766,0.028476690845760766
7,0,1,1,1,0,1,0,1,1,1,0,1,0,0,1,0,0,1,0,-0.019883291577389054,0.8848383086630132,0.012329368360988486,0.10389128471090825,0.10389128471090825
69,0,1,0,1,1,1,0,1,1,1,1,1,1,0,0,0,1,0,1,0.36401652979828725,0.6468608243449303,0.002583528294433392,0.028476690845760766,0.028476690845760766
72,0,0,0,1,1,1,0,1,0,1,0,1,1,1,1,0,1,1,1,0.47037838507120205,0.6419575496164033,0.002490279067928491,0.027529416300707155,0.027529416300707155
8,1,1,0,0,0,1,1,0,0,1,0,0,1,1,1,0,0,1,0,1.1982923320952117,0.8743368175545859,0.01156705087089483,0.09935054964947354,0.09935054964947354
4,0,0,0,1,1,1,0,1,1,0,0,0,0,0,0,0,0,1,0,-0.48189260041911236,0.9221895280070969,0.015517187361763772,0.12087777811840728,0.12087777811840728
63,0,1,0,1,1,1,1,0,0,1,1,0,0,0,0,0,0,0,1,0.5152497927644627,0.6573679996492523,0.0027928980105273514,0.030583600220822293,0.030583600220822293
72,0,1,0,0,0,1,0,0,0,0,0,0,0,0,0,0,1,0,0,-1.493992129500441,0.6419575496164033,0.002490279067928491,0.027529416300707155,0.027529416300707155
46,0,0,0,0,0,1,0,0,0,0,0,0,0,0,0,0,1,1,1,-1.4524445297844586,0.6938140321924815,0.003628947567853564,0.038730988089776375,0.038730988089776375
5,1,0,0,1,0,1,1,0,0,0,0,0,0,0,0,0,0,1,0,0.1712356671161295,0.9085818526659613,0.014256987321705751,0.11453932573635439,0.11453932573635439
30,0,1,0,1,0,1,0,1,0,0,1,0,0,0,0,0,0,0,1,-0.49186402435094806,0.7428424163487329,0.0050683354621543905,0.051833777579476825,0.051833777579476825
63,0,1,0,0,0,1,1,0,0,1,1,0,1,1,1,0,1,0,1,1.3279208432090766,0.6573679996492523,0.0027928980105273514,0.030583600220822293,0.030583600220822293
60,0,0,0,0,0,1,0,0,0,0,0,0,0,0,0,0,1,0,0,-1.493992129500441,0.6630148153227823,0.0029109829180785306,0.031759872056746574,0.031759872056746574
63,1,0,0,1,0,1,1,0,0,1,1,0,1,1,1,1,0,1,1,1.4193255625842376,0.6573679996492523,0.0027928980105273514,0.030583600220822293,0.030583600220822293
25,0,1,0,1,1,1,1,0,0,0,0,1,1,0,0,0,0,1,0,0.7013830394920637,0.7632263722784222,0.005792955912006608,0.05802443652851541,0.05802443652851541
1,1,1,0,0,0,1,0,1,0,0,0,0,0,0,0,0,0,0,1,-0.6298020554080092,0.9743124842439652,0.02235010364622835,0.1468274853100915,0.1468274853100915
6,0,1,1,1,0,1,1,0,0,0,1,0,0,0,1,0,0,1,1,0.5318688326508556,0.8962011910421149,0.01321361285882388,0.10892151775419001,0.10892151775419001
22,0,1,0,0,0,1,0,0,0,0,0,0,0,0,1,0,1,0,0,-1.3145064987273976,0.7772239626242997,0.006339847981342745,0.0625297608539006,0.0625297608539006
31,0,0,0,1,1,1,0,1,0,1,0,1,1,1,1,0,1,0,0,0.5235593127076592,0.7391329118702427,0.004945042598351195,0.05075440110013929,0.05075440110013929
39,0,0,0,1,1,1,1,0,0,0,1,1,0,0,0,0,0,0,1,0.5551354884918058,0.7128864964214463,0.00414205349534239,0.043530572366621945,0.043530572366621945
26,0,1,0,0,0,1,0,0,0,0,0,0,0,0,0,0,0,0,0,-1.459092145739016,0.7588796606729277,0.005631521405658712,0.05666748667997901,0.05666748667997901
53,1,0,0,1,0,1,1,0,1,1,1,0,1,1,0,1,0,0,1,1.3727922509023371,0.6773932996244997,0.003230113874366814,0.03489628604896822,0.03489628604896822
1,1,0,0,0,0,1,1,0,0,1,0,1,1,0,0,0,0,1,0,0.8941639021742215,0.9743124842439652,0.02235010364622835,0.1468274853100915,0.1468274853100915
12,0,1,0,0,0,1,0,1,1,1,0,1,0,0,1,0,0,1,1,0.08149285172960766,0.8388580793219884,0.009318867014819062,0.08479678961103854,0.08479678961103854
16,1,0,0,0,0,1,1,0,0,1,1,0,0,1,1,0,0,0,1,1.023792413288086,0.8107173068575363,0.007832475449686212,0.07414442618478301,0.07414442618478301
2,0,0,0,0,0,1,0,0,0,0,0,0,0,0,0,0,0,0,0,-1.477373089614048,0.9544211124058478,0.01918286543259826,0.13658902706858933,0.13658902706858933
39,0,1,0,0,1,0,0,1,1,0,0,1,1,0,0,1,0,0,0,-0.656392519226238,0.7128864964214463,0.00414205349534239,0.043530572366621945,0.043530572366621945
1,1,1,0,0,0,1,1,0,0,0,0,0,0,0,1,0,0,1,1,0.3374260659800587,0.9743124842439652,0.02235010364622835,0.1468274853100915,0.1468274853100915
7,0,0,0,1,1,0,0,1,1,0,0,1,0,0,0,0,0,0,0,-1.0020685488632106,0.8848383086630132,0.012329368360988486,0.10389128471090825,0.10389128471090825
4,0,1,1,0,0,1,1,0,0,0,0,0,0,0,0,0,0,1,0,0.15129281925245772,0.9221895280070969,0.015517187361763772,0.12087777811840728,0.12087777811840728
10,1,1,1,0,0,1,1,0,0,0,0,0,1,1,1,0,0,1,1,1.0154828933448894,0.8554585264638187,0.010313003097985489,0.09145336847937524,0.09145336847937524
55,0,0,0,0,0,1,1,0,0,1,1,0,0,0,0,0,0,1,1,0.556797392480445,0.6730980579890953,0.0031319345818057722,0.033937922764987416,0.033937922764987416
72,0,1,0,1,1,1,0,1,0,1,1,0,1,1,0,0,1,0,1,0.3523832018778124,0.6419575496164033,0.002490279067928491,0.027529416300707155,0.027529416300707155
10,0,0,0,1,0,1,0,1,0,0,1,0,1,1,0,0,0,0,1,0.09977379560463977,0.8554585264638187,0.010313003097985489,0.09145336847937524,0.09145336847937524
11,0,1,1,0,0,1,1,0,0,1,1,1,1,1,1,0,0,1,1,1.5489540736981025,0.8469074549655476,0.009789108115316166,0.08799046091721618,0.08799046091721618
15,0,0,0,1,1,1,0,1,0,0,0,0,0,0,0,0,0,1,0,-0.6148449195102558,0.817222359631732,0.00815567933565363,0.07653518145581295,0.07653518145581295
23,0,0,0,1,1,1,0,0,0,0,0,0,0,0,0,0,1,0,0,-1.4757111856254088,0.7723876776489026,0.006146116983133188,0.060949762364490456,0.060949762364490456
1,0,1,0,0,1,1,0,0,0,0,0,0,0,0,0,0,0,0,0,-1.487344513545884,0.9743124842439652,0.02235010364622835,0.1468274853100915,0.1468274853100915
3,1,0,1,0,0,1,0,1,0,0,0,0,0,0,0,0,0,1,0,-0.6580544232148772,0.9373188893787414,0.017092860770546496,0.12812771737333695,0.12812771737333695
47,0,1,0,1,1,1,1,0,1,1,1,0,0,1,0,1,0,1,1,1.0404114531744788,0.6913226781406935,0.0035659686558325962,0.038131613989117574,0.038131613989117574
15,0,0,0,0,1,1,0,0,0,0,0,0,0,0,0,1,0,0,0,-1.5006397454549982,0.817222359631732,0.00815567933565363,0.07653518145581295,0.07653518145581295
66,1,1,0,0,0,1,1,0,0,1,1,0,1,1,0,0,0,1,0,1.1534209244019509,0.6519909407703324,0.0026840999053434323,0.029492182160968494,0.029492182160968494
68,0,0,1,1,0,1,0,1,0,1,1,1,0,0,0,1,0,0,1,-0.1378784747707789,0.6485447168747005,0.0026161967996319807,0.028807250213664037,0.028807250213664037
17,1,0,0,1,1,1,1,0,0,0,1,1,1,1,0,1,0,0,0,1.1235066526064434,0.8045134998853144,0.007534869537132169,0.07190499047148602,0.07190499047148602
7,1,0,0,0,0,1,0,1,0,0,0,1,1,0,0,0,0,0,1,-0.17610226650948257,0.8848383086630132,0.012329368360988486,0.10389128471090825,0.10389128471090825
12,1,1,1,1,0,1,1,0,0,0,0,0,0,1,0,0,0,1,1,0.5202355047303808,0.8388580793219884,0.009318867014819062,0.08479678961103854,0.08479678961103854
21,0,0,1,1,0,1,0,1,0,1,1,0,0,1,1,1,0,0,0,0.22940230671850473,0.7822470612896891,0.006546583090128551,0.06419686154369075,0.06419686154369075
21,0,1,0,0,0,0,0,1,0,1,0,1,0,0,0,0,0,0,1,-0.9571971411699497,0.7822470612896891,0.006546583090128551,0.06419686154369075,0.06419686154369075
56,0,0,0,1,1,1,0,1,1,0,0,0,1,0,1,1,0,0,0,0.013354788195396781,0.6710090587453561,0.003085072619735503,0.03347844798497823,0.03347844798497823
6,0,0,0,1,1,1,0,1,0,0,0,0,0,0,1,0,0,0,1,-0.5267640081123731,0.8962011910421149,0.01321361285882388,0.10892151775419001,0.10892151775419001
65,0,0,1,0,0,0,0,1,0,1,1,0,1,1,0,0,1,0,1,-0.3755307451461976,0.6537547892731487,0.002719403042122667,0.02984713825493901,0.02984713825493901
42,0,1,0,1,0,1,0,1,1,0,0,1,1,1,1,1,0,0,0,0.5202355047303808,0.7043380877631116,0.0039051573709433167,0.0413329850998293,0.0413329850998293
68,0,0,0,1,1,1,1,0,1,0,1,1,1,1,1,0,1,0,1,1.4708445862320556,0.6485447168747005,0.0026161967996319807,0.028807250213664037,0.028807250213664037
48,0,1,0,1,1,1,0,0,0,0,0,0,0,0,1,0,1,0,0,-1.2796065149659726,0.6888828979881829,0.003505164885370563,0.03755076913789834,0.03755076913789834
50,0,0,1,0,0,1,1,0,0,1,0,1,1,1,1,1,0,1,1,1.3960589067432874,0.6841504128114664,0.003389643293482253,0.03644129666249096,0.03644129666249096
7,0,0,1,0,0,1,0,1,0,1,1,0,1,0,0,0,0,1,1,0.005045268252200322,0.8848383086630132,0.012329368360988486,0.10389128471090825,0.10389128471090825
63,0,0,0,1,1,1,0,0,0,0,0,0,0,0,0,0,1,1,0,-1.5106111693868338,0.6573679996492523,0.0027928980105273514,0.030583600220822293,0.030583600220822293
17,0,1,0,0,0,1,0,0,0,0,0,0,0,0,0,0,0,0,0,-1.4524445297844586,0.8045134998853144,0.007534869537132169,0.07190499047148602,0.07190499047148602
42,1,0,0,1,1,1,1,0,0,0,0,0,1,0,0,0,0,0,1,0.4371403052984162,0.7043380877631116,0.0039051573709433167,0.0413329850998293,0.0413329850998293
4,0,1,0,1,1,1,0,0,0,0,0,0,0,0,0,0,0,0,0,-1.5272302092732268,0.9221895280070969,0.015517187361763772,0.12087777811840728,0.12087777811840728
62,0,0,0,0,1,1,0,0,0,0,0,0,0,0,1,0,1,0,0,-1.2895779388978081,0.6592190846564381,0.0028311702861325673,0.03096578220998969,0.03096578220998969
2,1,1,1,0,0,1,1,0,0,1,0,0,0,0,0,0,0,1,1,0.32911654603686225,0.9544211124058478,0.01918286543259826,0.13658902706858933,0.13658902706858933
2,0,0,0,1,0,1,1,0,0,0,0,0,0,0,0,0,0,1,1,0.18453089902524356,0.9544211124058478,0.01918286543259826,0.13658902706858933,0.13658902706858933
48,0,1,0,1,0,1,1,0,1,1,1,0,1,0,1,0,1,0,1,1.0670019169927079,0.6888828979881829,0.003505164885370563,0.03755076913789834,0.03755076913789834
27,0,1,0,1,0,1,0,0,0,0,0,0,0,0,0,0,1,0,0,-1.5039635534322768,0.7546760980475697,0.005479040808994945,0.05537422178102336,0.05537422178102336
70,0,0,0,1,1,1,0,1,0,1,1,1,1,1,0,0,1,0,1,0.5185736007417416,0.6452021175658147,0.002551672337160255,0.02815370280249474,0.02815370280249474
1,1,1,1,0,0,1,1,0,0,0,1,0,1,0,1,0,0,1,1,0.7977734708331423,0.9743124842439652,0.02235010364622835,0.1468274853100915,0.1468274853100915
46,0,1,0,1,0,1,1,0,0,1,1,0,1,0,1,1,0,1,1,0.9922162375039397,0.6938140321924815,0.003628947567853564,0.038730988089776375,0.038730988089776375
30,1,1,0,0,0,1,1,0,0,0,0,0,1,1,0,0,0,1,1,0.8459686865036818,0.7428424163487329,0.0050683354621543905,0.051833777579476825,0.051833777579476825
15,1,0,0,0,0,1,0,1,1,0,0,0,0,1,1,0,0,0,1,-0.004926155679635335,0.817222359631732,0.00815567933565363,0.07653518145581295,0.07653518145581295
69,0,1,0,1,1,1,1,0,0,1,1,0,1,0,1,1,0,0,0,1.028778125254004,0.6468608243449303,0.002583528294433392,0.028476690845760766,0.028476690845760766
65,0,1,0,0,0,1,0,0,0,0,0,0,0,0,0,0,1,0,1,-1.5039635534322768,0.6537547892731487,0.002719403042122667,0.02984713825493901,0.02984713825493901
72,0,1,1,1,1,1,1,0,1,0,1,1,1,1,0,0,1,0,1,1.3063160913567655,0.6419575496164033,0.002490279067928491,0.027529416300707155,0.027529416300707155
13,1,1,1,1,0,1,1,0,0,1,0,1,0,1,0,0,0,0,1,0.8060829907763388,0.8312566322761956,0.008894046614766308,0.0818402613059327,0.0818402613059327
17,0,1,0,0,0,1,0,0,0,0,0,0,0,0,0,1,0,0,1,-1.4856826095572444,0.8045134998853144,0.007534869537132169,0.07190499047148602,0.07190499047148602
51,0,1,0,1,0,1,1,0,1,0,1,1,1,1,1,1,0,1,1,1.55393978566402,0.681854139199785,0.003334724055742794,0.03591111081215892,0.03591111081215892
51,0,1,0,1,1,1,0,1,1,1,0,1,0,0,0,0,1,0,0,-0.14286418673669674,0.681854139199785,0.003334724055742794,0.03591111081215892,0.03591111081215892
72,0,0,0,1,0,1,0,1,1,1,1,1,1,1,1,0,1,0,1,0.8692353423446321,0.6419575496164033,0.002490279067928491,0.027529416300707155,0.027529416300707155
67,1,1,0,1,1,1,1,0,0,1,1,0,0,0,1,1,0,1,0,0.7512401591512424,0.6502545080837984,0.0026497095459112013,0.029145652408135048,0.029145652408135048
34,0,1,0,0,0,1,0,0,0,0,0,0,0,0,0,0,0,0,0,-1.4989778414663588,0.7286243341114813,0.004609291590527576,0.04777537654084685,0.04777537654084685
67,0,1,0,1,0,0,0,1,1,1,0,1,0,1,0,0,1,0,1,-0.4602878485668014,0.6502545080837984,0.0026497095459112013,0.029145652408135048,0.029145652408135048
49,0,0,0,1,0,1,0,0,0,0,0,0,0,0,0,1,0,0,1,-1.487344513545884,0.6864927538867036,0.0034464244917631367,0.03698759780359384,0.03698759780359384
53,0,1,0,1,1,1,0,0,0,0,0,0,0,0,0,0,1,0,1,-1.5089492653981946,0.6773932996244997,0.003230113874366814,0.03489628604896822,0.03489628604896822
27,0,1,0,0,0,1,0,1,0,0,1,1,0,0,1,0,0,1,0,-0.1777641704981218,0.7546760980475697,0.005479040808994945,0.05537422178102336,0.05537422178102336
23,1,0,1,0,0,1,1,0,0,1,0,0,1,1,0,0,0,1,1,0.9955400454812182,0.7723876776489026,0.006146116983133188,0.060949762364490456,0.060949762364490456
69,0,1,0,0,0,1,0,1,1,1,1,1,0,1,1,0,1,0,1,0.5551354884918058,0.6468608243449303,0.002583528294433392,0.028476690845760766,0.028476690845760766
2,0,0,0,1,1,0,0,1,0,0,0,1,0,0,0,0,0,0,0,-1.1882017955908115,0.9544211124058478,0.01918286543259826,0.13658902706858933,0.13658902706858933
35,1,0,0,0,0,1,1,0,0,0,0,0,1,0,1,0,0,1,1,0.7196639833670958,0.7253108322429414,0.004507451042951911,0.04686012202126277,0.04686012202126277
46,0,0,0,1,0,1,0,1,1,1,0,1,0,1,0,1,0,0,0,0.19284041896844,0.6938140321924815,0.003628947567853564,0.038730988089776375,0.038730988089776375
54,0,0,0,0,0,1,1,0,0,1,0,0,1,1,1,0,1,0,1,1.0769733409245437,0.6752256920763566,0.003180258311786613,0.03441034838970081,0.03441034838970081
56,1,0,0,1,0,1,1,0,0,1,0,0,1,1,1,1,0,1,1,1.1118733246859687,0.6710090587453561,0.003085072619735503,0.03347844798497823,0.03347844798497823
9,1,0,0,1,0,1,1,0,0,0,1,0,0,0,0,0,0,0,1,0.36401652979828725,0.8645756330248363,0.010901071741709328,0.09522425637547682,0.09522425637547682
20,0,1,0,0,0,1,0,1,1,0,0,1,0,0,1,0,0,0,0,-0.18607369044131825,0.7874709741517664,0.006767715032425889,0.0659587290124013,0.0659587290124013
11,0,1,0,0,0,1,1,0,0,1,0,0,0,0,0,0,0,0,1,0.3690022417642053,0.8469074549655476,0.009789108115316166,0.08799046091721618,0.08799046091721618
30,0,0,1,1,0,1,1,0,0,1,0,0,1,0,1,0,0,1,1,0.8393210705491246,0.7428424163487329,0.0050683354621543905,0.051833777579476825,0.051833777579476825
68,0,1,0,1,0,1,0,1,1,1,1,0,0,1,0,0,1,0,0,0.20447374688891534,0.6485447168747005,0.0026161967996319807,0.028807250213664037,0.028807250213664037
38,0,1,1,1,0,1,1,0,0,1,1,0,1,1,1,0,0,1,1,1.2564589716975867,0.7158758576100376,0.0042276442662364,0.04431696426317133,0.04431696426317133
17,1,0,1,1,0,1,1,0,1,0,1,0,0,0,1,0,0,0,1,0.6831020956170311,0.8045134998853144,0.007534869537132169,0.07190499047148602,0.07190499047148602
48,1,1,0,0,0,1,1,0,0,1,1,0,1,1,1,1,0,0,1,1.3727922509023371,0.6888828979881829,0.003505164885370563,0.03755076913789834,0.03755076913789834
1,0,0,0,0,0,1,0,1,0,0,0,0,0,0,0,0,0,1,0,-0.6979401189422203,0.9743124842439652,0.02235010364622835,0.1468274853100915,0.1468274853100915
63,0,1,0,1,1,0,0,1,1,1,1,0,1,1,0,0,1,1,0,-0.1927213063958755,0.6573679996492523,0.0027928980105273514,0.030583600220822293,0.030583600220822293
3,0,0,0,0,0,1,0,1,0,0,1,0,1,1,0,1,0,1,1,0.1712356671161295,0.9373188893787414,0.017092860770546496,0.12812771737333695,0.12812771737333695
48,0,0,0,0,0,1,0,0,0,0,0,0,0,0,1,1,0,0,0,-1.3444207705229048,0.6888828979881829,0.003505164885370563,0.03755076913789834,0.03755076913789834
66,0,1,0,0,0,0,0,1,0,0,0,1,0,0,0,1,0,0,0,-1.1749065636816969,0.6519909407703324,0.0026840999053434323,0.029492182160968494,0.029492182160968494
68,0,0,0,1,1,1,1,0,0,1,1,0,0,0,1,0,1,0,1,0.651525919832885,0.6485447168747005,0.0026161967996319807,0.028807250213664037,0.028807250213664037
17,1,1,1,0,0,1,0,1,0,0,0,0,0,0,0,0,0,1,1,-0.656392519226238,0.8045134998853144,0.007534869537132169,0.07190499047148602,0.07190499047148602
7,0,0,0,1,1,1,0,0,0,0,0,0,0,0,0,1,0,0,0,-1.4674016656822124,0.8848383086630132,0.012329368360988486,0.10389128471090825,0.10389128471090825
72,0,1,0,1,0,1,0,1,1,1,1,1,1,1,1,0,1,0,1,0.7412687352194063,0.6419575496164033,0.002490279067928491,0.027529416300707155,0.027529416300707155
29,0,0,0,1,0,1,0,0,0,0,0,0,0,0,0,0,0,0,0,-1.493992129500441,0.746664964341879,0.005198070769814978,0.05296124339833497,0.05296124339833497
37,0,1,0,1,0,1,1,0,0,0,1,1,0,1,0,0,0,1,1,0.8492924944809603,0.7189405920832638,0.0043169072108659315,0.0451328504105416,0.0451328504105416
34,1,0,0,0,0,1,1,0,1,1,1,0,1,1,1,0,0,0,1,1.495773146061645,0.7286243341114813,0.004609291590527576,0.04777537654084685,0.04777537654084685
42,1,0,1,0,0,1,1,0,0,0,0,0,1,0,1,0,0,1,1,0.6598354397760814,0.7043380877631116,0.0039051573709433167,0.0413329850998293,0.0413329850998293
59,0,0,0,1,1,1,0,1,1,1,0,1,0,0,1,1,0,0,0,0.02332621212723244,0.6649614286359096,0.0029526183444970946,0.03217256791019485,0.03217256791019485
11,1,1,0,1,1,1,1,0,0,0,0,0,1,0,0,0,0,0,1,0.48865932894623415,0.8469074549655476,0.009789108115316166,0.08799046091721618,0.08799046091721618
60,0,1,1,1,1,1,1,0,1,0,0,0,0,0,1,0,0,1,1,0.5368545446167737,0.6630148153227823,0.0029109829180785306,0.031759872056746574,0.031759872056746574
27,0,0,0,0,0,1,0,1,0,1,0,1,0,0,0,0,0,0,1,-0.2874498337483152,0.7546760980475697,0.005479040808994945,0.05537422178102336,0.05537422178102336
1,1,0,0,0,0,1,1,0,0,0,0,0,0,1,1,0,0,0,0,0.6980592315147849,0.9743124842439652,0.02235010364622835,0.1468274853100915,0.1468274853100915
1,1,1,1,0,0,1,1,0,0,0,0,0,1,0,0,0,0,1,1,0.4753640970371196,0.9743124842439652,0.02235010364622835,0.1468274853100915,0.1468274853100915
17,0,1,0,1,0,0,0,1,1,0,1,0,0,0,0,0,0,0,0,-1.0103780688064072,0.8045134998853144,0.007534869537132169,0.07190499047148602,0.07190499047148602
58,0,1,0,1,0,1,0,0,0,0,0,0,0,0,0,0,1,0,0,-1.4640778577049338,0.6669419291751147,0.0029954745981990286,0.0325962586220786,0.0325962586220786
1,0,1,0,1,1,1,0,0,0,0,0,0,0,0,0,1,0,0,0,-1.5288921132618662,0.9743124842439652,0.02235010364622835,0.1468274853100915,0.1468274853100915
3,1,0,0,1,1,1,0,1,0,0,0,0,0,0,0,0,0,0,0,-0.6813210790558274,0.9373188893787414,0.017092860770546496,0.12812771737333695,0.12812771737333695
53,0,0,0,0,0,1,1,0,1,1,1,0,0,0,1,0,0,1,0,0.864249630378714,0.6773932996244997,0.003230113874366814,0.03489628604896822,0.03489628604896822
35,0,1,0,0,0,1,0,0,0,0,0,0,0,0,1,0,0,1,1,-1.3028731708069223,0.7253108322429414,0.004507451042951911,0.04686012202126277,0.04686012202126277
50,1,1,0,1,1,1,1,0,1,0,1,0,1,1,1,0,0,0,0,1.3678065389364196,0.6841504128114664,0.003389643293482253,0.03644129666249096,0.03644129666249096
68,0,1,0,1,1,1,0,1,0,1,0,1,0,1,1,0,1,0,0,0.19948803492299727,0.6485447168747005,0.0026161967996319807,0.028807250213664037,0.028807250213664037
47,0,1,0,1,0,1,0,0,0,0,0,0,0,0,1,0,0,1,0,-1.3095207867614798,0.6913226781406935,0.0035659686558325962,0.038131613989117574,0.038131613989117574
65,0,0,1,1,0,1,1,0,0,1,1,0,1,1,1,0,0,0,1,1.462535066288859,0.6537547892731487,0.002719403042122667,0.02984713825493901,0.02984713825493901
5,1,1,0,0,0,1,1,0,0,0,0,0,0,0,0,0,0,1,1,0.16458805116157224,0.9085818526659613,0.014256987321705751,0.11453932573635439,0.11453932573635439
51,1,1,0,1,0,1,1,0,0,0,0,0,1,1,1,0,0,1,1,0.9922162375039397,0.681854139199785,0.003334724055742794,0.03591111081215892,0.03591111081215892
46,1,0,0,0,0,1,1,0,0,0,0,0,1,1,1,0,0,0,0,1.0387495491858396,0.6938140321924815,0.003628947567853564,0.038730988089776375,0.038730988089776375
9,0,0,0,0,0,1,1,0,0,0,0,0,0,0,1,0,0,1,1,0.4005784175483515,0.8645756330248363,0.010901071741709328,0.09522425637547682,0.09522425637547682
8,0,0,0,0,0,1,0,0,0,0,0,0,0,0,0,0,1,0,0,-1.4806968975913266,0.8743368175545859,0.01156705087089483,0.09935054964947354,0.09935054964947354
14,0,1,0,0,0,1,0,0,0,0,0,0,0,0,1,1,0,0,1,-1.3294636346251512,0.8240576612486123,0.008508086494505379,0.07909398048302463,0.07909398048302463
45,0,0,0,0,0,1,1,0,1,1,1,1,1,1,1,0,0,1,1,1.6902159127324423,0.6963590108821652,0.0036942216775406023,0.039349803973645514,0.039349803973645514
8,0,0,0,0,0,1,1,0,0,0,0,0,0,0,1,0,0,0,1,0.32579273805958336,0.8743368175545859,0.01156705087089483,0.09935054964947354,0.09935054964947354
1,1,1,1,0,1,1,0,1,0,0,1,0,0,0,0,0,0,0,1,-0.4868783123850302,0.9743124842439652,0.02235010364622835,0.1468274853100915,0.1468274853100915
66,0,1,0,1,1,1,1,0,1,1,1,0,1,1,0,1,0,0,1,1.2747399155726193,0.6519909407703324,0.0026840999053434323,0.029492182160968494,0.029492182160968494
72,0,1,0,1,1,1,0,1,1,1,1,1,0,0,1,0,1,0,0,0.24269753862761878,0.6419575496164033,0.002490279067928491,0.027529416300707155,0.027529416300707155
41,1,0,0,1,0,1,1,0,1,1,1,1,1,1,1,0,0,0,1,1.622077849198231,0.7071206594283597,0.003981008341391358,0.042040010297382246,0.042040010297382246
23,0,0,0,1,1,1,0,0,0,0,0,0,0,0,1,0,1,0,0,-1.3194922106933153,0.7723876776489026,0.006146116983133188,0.060949762364490456,0.060949762364490456
29,1,0,0,0,0,1,1,0,0,0,0,0,1,0,0,0,0,1,1,0.46871648108256286,0.746664964341879,0.005198070769814978,0.05296124339833497,0.05296124339833497
4,0,0,0,0,0,1,1,0,1,0,0,0,0,0,1,0,0,1,1,0.5102640807985451,0.9221895280070969,0.015517187361763772,0.12087777811840728,0.12087777811840728
6,0,1,0,1,1,1,0,0,0,0,0,0,0,0,1,0,1,0,0,-1.3095207867614798,0.8962011910421149,0.01321361285882388,0.10892151775419001,0.10892151775419001
67,0,0,1,1,0,1,1,0,1,1,1,1,0,1,1,1,0,0,1,1.3495255950613876,0.6502545080837984,0.0026497095459112013,0.029145652408135048,0.029145652408135048
7,0,1,1,0,1,1,0,1,0,0,0,0,0,0,0,0,0,0,1,-0.6331258633852879,0.8848383086630132,0.012329368360988486,0.10389128471090825,0.10389128471090825
56,0,1,0,1,1,1,0,0,0,0,0,0,0,0,1,1,0,0,1,-1.3410969625456262,0.6710090587453561,0.003085072619735503,0.03347844798497823,0.03347844798497823
72,0,0,0,1,0,1,0,0,0,0,0,0,0,0,1,0,1,0,0,-1.322816018670594,0.6419575496164033,0.002490279067928491,0.027529416300707155,0.027529416300707155
72,0,1,0,1,0,1,0,1,1,1,1,0,1,1,1,0,1,1,1,0.6797782876397527,0.6419575496164033,0.002490279067928491,0.027529416300707155,0.027529416300707155
23,0,1,0,1,1,1,0,0,0,0,0,0,0,0,0,0,1,0,0,-1.5023016494436374,0.7723876776489026,0.006146116983133188,0.060949762364490456,0.060949762364490456
35,0,0,0,0,1,1,0,1,0,0,0,0,0,0,1,0,0,0,0,-0.4868783123850302,0.7253108322429414,0.004507451042951911,0.04686012202126277,0.04686012202126277
27,0,1,1,1,0,1,1,0,0,0,0,0,0,0,0,0,0,1,1,0.19117851497980082,0.7546760980475697,0.005479040808994945,0.05537422178102336,0.05537422178102336
26,1,0,0,1,1,1,0,1,0,1,0,1,0,0,1,0,0,1,1,-0.15782132263445048,0.7588796606729277,0.005631521405658712,0.05666748667997901,0.05666748667997901
12,0,1,0,1,1,1,0,0,0,0,0,0,0,0,1,1,0,0,0,-1.2762827069886937,0.8388580793219884,0.009318867014819062,0.08479678961103854,0.08479678961103854
40,0,0,0,0,0,1,0,0,0,0,0,0,0,0,0,0,1,0,0,-1.4840207055686052,0.7099691459680679,0.004059910336396862,0.04277208089669704,0.04277208089669704
7,0,1,0,1,1,0,0,1,1,1,1,0,1,1,0,0,0,0,0,-0.19770701836179333,0.8848383086630132,0.012329368360988486,0.10389128471090825,0.10389128471090825
70,0,1,0,1,1,1,1,0,1,1,0,0,1,0,1,0,0,0,1,1.0886066688450184,0.6452021175658147,0.002551672337160255,0.02815370280249474,0.02815370280249474
60,0,1,0,1,1,1,0,0,0,0,0,0,0,0,0,0,1,0,0,-1.5006397454549982,0.6630148153227823,0.0029109829180785306,0.031759872056746574,0.031759872056746574
39,0,1,0,1,1,0,0,1,0,0,0,0,0,0,0,1,0,0,1,-1.3145064987273976,0.7128864964214463,0.00414205349534239,0.043530572366621945,0.043530572366621945
72,0,1,0,1,0,1,1,0,1,1,1,1,1,1,1,0,1,0,0,1.6503302170050993,0.6419575496164033,0.002490279067928491,0.027529416300707155,0.027529416300707155
1,1,0,0,0,0,0,0,1,0,0,0,0,1,0,0,0,0,1,1,-1.0004066448745712,0.9743124842439652,0.02235010364622835,0.1468274853100915,0.1468274853100915
54,0,1,0,1,1,1,0,1,0,1,0,1,1,0,1,1,0,1,1,0.1961642269457189,0.6752256920763566,0.003180258311786613,0.03441034838970081,0.03441034838970081
3,1,1,0,0,0,1,1,0,0,0,0,0,0,1,1,0,0,1,1,0.6814401916283919,0.9373188893787414,0.017092860770546496,0.12812771737333695,0.12812771737333695
63,0,0,0,1,1,1,0,1,1,1,1,1,1,0,0,0,1,0,0,0.35736891384373,0.6573679996492523,0.0027928980105273514,0.030583600220822293,0.030583600220822293
71,0,1,0,1,1,1,1,0,0,1,0,1,0,0,1,0,1,1,1,0.664821151741999,0.6435679119154606,0.0025205988088756303,0.02783802704790539,0.02783802704790539
42,0,0,0,0,0,1,0,0,0,0,0,0,0,0,0,1,0,0,1,-1.4674016656822124,0.7043380877631116,0.0039051573709433167,0.0413329850998293,0.0413329850998293
47,0,1,0,0,0,1,0,0,0,0,0,0,0,0,0,0,1,0,0,-1.4740492816367694,0.6913226781406935,0.0035659686558325962,0.038131613989117574,0.038131613989117574
66,1,0,0,1,1,1,1,0,0,1,1,0,1,1,1,1,0,0,1,1.2514732597316691,0.6519909407703324,0.0026840999053434323,0.029492182160968494,0.029492182160968494
21,1,0,0,1,0,1,1,0,1,0,1,0,1,1,1,0,0,0,1,1.3162875152886018,0.7822470612896891,0.006546583090128551,0.06419686154369075,0.06419686154369075
11,0,1,0,0,0,0,0,1,0,1,0,1,0,0,0,0,0,1,1,-0.9688304690904248,0.8469074549655476,0.009789108115316166,0.08799046091721618,0.08799046091721618
1,1,1,0,0,1,1,1,0,0,0,1,0,1,1,1,0,0,1,1,1.1617304443451473,0.9743124842439652,0.02235010364622835,0.1468274853100915,0.1468274853100915
55,0,0,1,1,0,1,1,0,0,1,1,1,0,0,1,0,0,1,0,0.8526163024582392,0.6730980579890953,0.0031319345818057722,0.033937922764987416,0.033937922764987416
69,0,1,0,0,0,1,1,0,0,1,1,1,1,0,1,0,1,0,1,1.0919304768222973,0.6468608243449303,0.002583528294433392,0.028476690845760766,0.028476690845760766
3,0,0,1,0,0,1,1,0,0,0,1,0,0,0,0,0,0,1,0,0.300864178229994,0.9373188893787414,0.017092860770546496,0.12812771737333695,0.12812771737333695
4,1,1,0,0,0,1,0,1,0,0,1,1,1,1,0,0,0,1,1,0.31914512210502655,0.9221895280070969,0.015517187361763772,0.12087777811840728,0.12087777811840728
30,0,1,1,0,0,1,0,1,0,0,1,1,1,0,1,0,1,0,1,0.14298329930926126,0.7428424163487329,0.0050683354621543905,0.051833777579476825,0.051833777579476825
5,0,0,0,0,0,1,1,0,0,0,1,1,0,0,1,0,0,1,1,0.5966830882077881,0.9085818526659613,0.014256987321705751,0.11453932573635439,0.11453932573635439
71,0,0,0,1,0,1,0,0,0,0,0,0,0,0,1,0,1,0,1,-1.3427588665342656,0.6435679119154606,0.0025205988088756303,0.02783802704790539,0.02783802704790539
29,0,0,0,0,0,1,0,1,0,1,0,0,0,0,1,1,0,1,1,-0.3173641055438224,0.746664964341879,0.005198070769814978,0.05296124339833497,0.05296124339833497
52,0,1,0,1,0,1,0,1,0,1,0,1,0,0,1,0,0,0,0,-0.11461181892982873,0.6796022882225629,0.00328157591746785,0.03539633014558485,0.03539633014558485
68,0,1,0,0,0,1,0,1,1,1,1,0,0,1,1,1,0,0,0,0.3972546095710731,0.6485447168747005,0.0026161967996319807,0.028807250213664037,0.028807250213664037
46,0,0,0,1,1,1,0,0,0,0,0,0,0,0,0,0,1,0,0,-1.5089492653981946,0.6938140321924815,0.003628947567853564,0.038730988089776375,0.038730988089776375
8,0,1,0,0,0,1,0,1,0,0,0,0,0,1,0,0,0,0,1,-0.3339831454302153,0.8743368175545859,0.01156705087089483,0.09935054964947354,0.09935054964947354
72,0,1,0,1,0,1,0,0,0,0,0,0,0,0,0,0,1,0,0,-1.4989778414663588,0.6419575496164033,0.002490279067928491,0.027529416300707155,0.027529416300707155
17,0,0,0,0,0,1,0,0,0,0,0,0,0,0,0,1,0,0,0,-1.4923302255118018,0.8045134998853144,0.007534869537132169,0.07190499047148602,0.07190499047148602
3,0,1,0,0,0,1,1,0,0,1,1,1,1,1,0,0,0,1,1,1.4342826984819912,0.9373188893787414,0.017092860770546496,0.12812771737333695,0.12812771737333695
2,0,0,1,0,0,1,1,0,0,1,0,0,1,0,0,0,0,0,1,0.6315830719692132,0.9544211124058478,0.01918286543259826,0.13658902706858933,0.13658902706858933
9,1,0,0,0,0,1,1,0,1,0,0,0,0,0,0,0,0,0,1,0.31415941013910853,0.8645756330248363,0.010901071741709328,0.09522425637547682,0.09522425637547682
51,0,0,0,0,0,0,0,1,0,1,1,0,1,1,0,1,0,0,1,-0.2791403138051187,0.681854139199785,0.003334724055742794,0.03591111081215892,0.03591111081215892
6,0,0,0,1,1,1,0,0,0,0,0,0,0,0,0,0,1,0,0,-1.4856826095572444,0.8962011910421149,0.01321361285882388,0.10892151775419001,0.10892151775419001
3,0,0,0,1,0,1,1,0,0,0,0,0,1,1,1,0,0,1,0,1.0005257574471362,0.9373188893787414,0.017092860770546496,0.12812771737333695,0.12812771737333695
17,0,0,1,0,0,1,1,0,0,0,0,0,1,1,1,0,0,1,1,0.977259101606186,0.8045134998853144,0.007534869537132169,0.07190499047148602,0.07190499047148602
30,0,1,0,1,0,1,0,1,0,0,0,0,0,0,1,0,0,1,0,-0.49518783232822666,0.7428424163487329,0.0050683354621543905,0.051833777579476825,0.051833777579476825
31,0,1,0,0,0,1,0,1,0,1,0,1,1,0,1,0,0,1,1,0.20779755486619372,0.7391329118702427,0.004945042598351195,0.05075440110013929,0.05075440110013929
45,0,0,0,0,0,1,0,1,1,0,1,1,1,1,0,0,1,0,0,0.5601212004577238,0.6963590108821652,0.0036942216775406023,0.039349803973645514,0.039349803973645514
64,0,1,0,1,0,1,1,0,1,1,1,0,0,0,1,1,0,0,0,0.8193782226854534,0.6555468612609421,0.002755656035094927,0.030210834407233156,0.030210834407233156
1,1,1,0,0,0,1,0,1,0,0,0,0,1,0,1,0,0,1,1,-0.1644689385890075,0.9743124842439652,0.02235010364622835,0.1468274853100915,0.1468274853100915
1,1,0,1,0,0,1,1,0,0,0,0,0,0,0,0,0,0,1,1,0.15960233919565417,0.9743124842439652,0.02235010364622835,0.1468274853100915,0.1468274853100915
61,0,1,1,1,1,1,1,0,0,1,0,0,1,1,1,1,0,1,0,1.1368018845155579,0.6611010360108607,0.002870516527482457,0.031357744906887475,0.031357744906887475
1,0,1,0,0,0,1,0,0,0,0,0,0,0,0,0,0,0,0,0,-1.5205825933186699,0.9743124842439652,0.02235010364622835,0.1468274853100915,0.1468274853100915
9,1,1,0,0,0,0,0,1,0,0,0,0,1,1,0,0,0,1,1,-0.644759191305763,0.8645756330248363,0.010901071741709328,0.09522425637547682,0.09522425637547682
72,0,1,0,1,1,1,1,0,1,1,1,1,1,1,1,0,1,0,0,1.6503302170050993,0.6419575496164033,0.002490279067928491,0.027529416300707155,0.027529416300707155
1,1,0,0,0,0,1,0,0,0,0,0,0,0,0,0,0,0,0,0,-1.505625457420916,0.9743124842439652,0.02235010364622835,0.1468274853100915,0.1468274853100915
7,0,0,0,1,0,1,0,1,0,0,0,0,0,0,0,0,0,0,1,-0.6829829830444666,0.8848383086630132,0.012329368360988486,0.10389128471090825,0.10389128471090825
66,0,0,0,1,0,1,1,0,0,1,1,1,0,0,1,1,0,0,1,0.8559401104355175,0.6519909407703324,0.0026840999053434323,0.029492182160968494,0.029492182160968494
1,1,1,0,0,0,1,1,0,0,0,0,0,0,0,0,0,0,1,1,0.1695737631274903,0.9743124842439652,0.02235010364622835,0.1468274853100915,0.1468274853100915
40,0,1,0,1,1,1,0,0,0,0,0,0,0,0,0,0,0,0,1,-1.4757111856254088,0.7099691459680679,0.004059910336396862,0.04277208089669704,0.04277208089669704
16,0,1,0,0,0,1,0,1,0,1,1,0,0,1,1,0,0,0,1,0.21943088278666906,0.8107173068575363,0.007832475449686212,0.07414442618478301,0.07414442618478301
2,1,0,0,0,0,1,1,0,0,1,0,0,1,0,0,0,0,0,1,0.742930639208046,0.9544211124058478,0.01918286543259826,0.13658902706858933,0.13658902706858933
67,0,1,0,1,0,1,0,0,0,0,0,0,0,0,1,0,1,0,0,-1.3278017306365117,0.6502545080837984,0.0026497095459112013,0.029145652408135048,0.029145652408135048
41,0,0,0,1,0,1,1,0,1,1,1,0,1,1,0,1,0,0,1,1.317949419277241,0.7071206594283597,0.003981008341391358,0.042040010297382246,0.042040010297382246
56,0,0,0,1,1,1,0,0,0,0,0,0,0,0,0,0,1,0,1,-1.4956540334890804,0.6710090587453561,0.003085072619735503,0.03347844798497823,0.03347844798497823
72,0,0,0,0,0,1,1,0,1,1,1,1,1,1,1,0,1,0,1,1.716806376550671,0.6419575496164033,0.002490279067928491,0.027529416300707155,0.027529416300707155
3,1,0,0,1,1,1,1,0,0,0,0,0,0,1,1,0,0,0,1,0.6631592477533598,0.9373188893787414,0.017092860770546496,0.12812771737333695,0.12812771737333695
54,0,0,0,1,0,1,0,0,0,0,0,0,0,0,0,0,1,0,0,-1.487344513545884,0.6752256920763566,0.003180258311786613,0.03441034838970081,0.03441034838970081
52,0,1,1,0,0,1,1,0,0,1,1,1,1,1,1,0,0,1,1,1.5273493218457916,0.6796022882225629,0.00328157591746785,0.03539633014558485,0.03539633014558485
50,0,0,0,0,0,1,1,0,0,0,1,1,0,1,0,0,1,0,1,0.8276877426286497,0.6841504128114664,0.003389643293482253,0.03644129666249096,0.03644129666249096
14,1,1,0,0,0,1,1,0,0,0,0,1,1,0,1,0,0,1,1,0.8359972625718463,0.8240576612486123,0.008508086494505379,0.07909398048302463,0.07909398048302463
27,0,1,0,1,0,1,0,1,1,0,0,0,0,0,0,1,0,0,0,-0.5350735280555695,0.7546760980475697,0.005479040808994945,0.05537422178102336,0.05537422178102336
72,0,0,1,1,0,1,1,0,1,1,1,1,0,0,1,0,1,0,1,1.0570304930608718,0.6419575496164033,0.002490279067928491,0.027529416300707155,0.027529416300707155
62,0,1,0,0,0,1,0,1,1,1,0,0,1,1,0,1,0,0,1,0.3158213141277477,0.6592190846564381,0.0028311702861325673,0.03096578220998969,0.03096578220998969
12,0,0,0,0,0,1,0,1,0,1,0,1,0,0,0,0,0,1,1,-0.348940281327969,0.8388580793219884,0.009318867014819062,0.08479678961103854,0.08479678961103854
44,0,0,1,0,0,1,0,1,0,0,1,1,1,1,0,1,0,0,0,0.3341022580027798,0.6989597866938809,0.0037619201221218337,0.03998903582240876,0.03998903582240876
54,0,1,0,1,1,1,1,0,0,1,0,1,0,0,0,0,1,0,1,0.5036164648439879,0.6752256920763566,0.003180258311786613,0.03441034838970081,0.03441034838970081
68,0,0,0,0,0,1,0,0,0,0,0,0,0,0,0,0,1,0,0,-1.487344513545884,0.6485447168747005,0.0026161967996319807,0.028807250213664037,0.028807250213664037
20,0,1,0,0,0,1,0,0,0,0,0,0,0,0,0,0,0,0,0,-1.5089492653981946,0.7874709741517664,0.006767715032425889,0.0659587290124013,0.0659587290124013
50,0,1,0,1,1,1,0,1,0,0,1,0,0,0,1,1,0,0,0,-0.3289974334642975,0.6841504128114664,0.003389643293482253,0.03644129666249096,0.03644129666249096
58,0,1,0,0,0,1,0,0,0,0,0,0,0,0,1,0,1,0,1,-1.3410969625456262,0.6669419291751147,0.0029954745981990286,0.0325962586220786,0.0325962586220786
35,0,1,0,1,1,1,1,0,0,1,0,0,1,0,1,0,0,0,1,0.8260258386400106,0.7253108322429414,0.004507451042951911,0.04686012202126277,0.04686012202126277
2,0,0,0,0,0,1,0,1,0,0,0,0,0,0,0,0,0,1,1,-0.644759191305763,0.9544211124058478,0.01918286543259826,0.13658902706858933,0.13658902706858933
63,0,1,0,1,1,1,0,1,1,0,1,1,0,1,1,0,1,0,0,0.36235462580964806,0.6573679996492523,0.0027928980105273514,0.030583600220822293,0.030583600220822293
58,0,0,0,1,0,1,1,0,1,1,1,0,1,1,1,1,0,0,1,1.5240255138685133,0.6669419291751147,0.0029954745981990286,0.0325962586220786,0.0325962586220786
27,0,0,0,1,1,1,0,0,0,0,0,0,0,0,0,1,0,0,1,-1.470725473659491,0.7546760980475697,0.005479040808994945,0.05537422178102336,0.05537422178102336
71,0,0,0,1,0,1,1,0,1,1,1,1,1,1,1,0,1,0,1,1.6735968728460495,0.6435679119154606,0.0025205988088756303,0.02783802704790539,0.02783802704790539
63,0,0,0,0,0,1,0,1,0,0,1,0,0,1,0,1,0,0,0,-0.20767844229362922,0.6573679996492523,0.0027928980105273514,0.030583600220822293,0.030583600220822293
71,0,1,0,1,0,1,1,0,0,1,1,0,0,1,1,0,0,0,1,0.9456829258220394,0.6435679119154606,0.0025205988088756303,0.02783802704790539,0.02783802704790539
41,1,0,1,0,0,1,1,0,1,1,1,0,1,1,1,0,0,1,1,1.6087826172891169,0.7071206594283597,0.003981008341391358,0.042040010297382246,0.042040010297382246
13,1,1,1,0,0,1,1,0,0,0,0,0,1,1,0,0,0,1,1,0.8542782064468784,0.8312566322761956,0.008894046614766308,0.0818402613059327,0.0818402613059327
2,1,1,0,0,0,1,1,0,0,0,0,0,1,0,0,0,0,1,0,0.47204028905984124,0.9544211124058478,0.01918286543259826,0.13658902706858933,0.13658902706858933
68,0,0,0,1,1,1,0,0,0,0,0,0,0,0,0,0,1,0,1,-1.5106111693868338,0.6485447168747005,0.0026161967996319807,0.028807250213664037,0.028807250213664037
1,0,1,0,1,1,1,0,1,1,0,0,0,0,0,0,0,0,0,1,-0.5334116240669303,0.9743124842439652,0.02235010364622835,0.1468274853100915,0.1468274853100915
65,0,1,1,0,0,1,1,0,1,0,1,1,1,1,1,0,1,1,1,1.4708445862320556,0.6537547892731487,0.002719403042122667,0.02984713825493901,0.02984713825493901
72,0,1,1,1,0,1,0,0,0,0,0,0,0,0,1,0,1,0,1,-1.322816018670594,0.6419575496164033,0.002490279067928491,0.027529416300707155,0.027529416300707155
28,0,0,0,0,0,1,0,1,0,0,0,1,0,0,1,0,0,0,1,-0.3289974334642975,0.7506071373425116,0.0053347764644180165,0.05414016114784159,0.05414016114784159
72,0,1,0,1,1,1,0,0,0,0,0,0,0,0,1,0,1,0,0,-1.3311255386137903,0.6419575496164033,0.002490279067928491,0.027529416300707155,0.027529416300707155
2,0,0,0,0,0,1,1,0,1,1,0,0,1,0,0,0,0,1,1,0.8758829582991894,0.9544211124058478,0.01918286543259826,0.13658902706858933,0.13658902706858933
18,1,0,0,0,1,1,0,0,0,0,0,0,0,0,0,1,0,0,0,-1.4840207055686052,0.798585597100695,0.007259843514731271,0.06980238681281059,0.06980238681281059
60,0,1,1,1,0,1,1,0,0,1,1,0,1,1,1,1,0,1,1,1.314625611299962,0.6630148153227823,0.0029109829180785306,0.031759872056746574,0.031759872056746574
26,0,0,1,0,0,1,0,1,0,0,0,1,0,1,1,0,0,1,1,0.041607156002264556,0.7588796606729277,0.005631521405658712,0.05666748667997901,0.05666748667997901
1,1,1,0,0,1,1,1,0,0,0,0,0,0,0,0,0,0,1,1,0.2277404027298655,0.9743124842439652,0.02235010364622835,0.1468274853100915,0.1468274853100915
4,1,0,0,0,0,1,0,0,0,0,0,0,0,0,0,0,0,0,0,-1.477373089614048,0.9221895280070969,0.015517187361763772,0.12087777811840728,0.12087777811840728
68,0,1,0,1,1,1,0,1,1,1,1,1,1,1,1,0,1,0,1,0.9107829420606144,0.6485447168747005,0.0026161967996319807,0.028807250213664037,0.028807250213664037
38,1,0,0,0,0,1,1,0,0,1,1,1,0,0,0,0,0,0,1,0.6465402078669669,0.7158758576100376,0.0042276442662364,0.04431696426317133,0.04431696426317133
42,0,0,1,1,0,1,1,0,1,0,1,0,1,1,1,1,0,0,1,1.3428779791068302,0.7043380877631116,0.0039051573709433167,0.0413329850998293,0.0413329850998293
57,0,0,0,1,0,1,0,0,0,0,0,0,0,0,0,0,1,0,1,-1.5023016494436374,0.6689574203086703,0.003039606595789443,0.03303139376725084,0.03303139376725084
54,0,1,0,1,0,0,0,1,0,1,0,0,0,0,0,0,0,1,0,-1.1433303878975505,0.6752256920763566,0.003180258311786613,0.03441034838970081,0.03441034838970081
12,1,0,0,0,0,1,1,0,0,0,0,0,0,1,0,0,0,0,0,0.4421260172643338,0.8388580793219884,0.009318867014819062,0.08479678961103854,0.08479678961103854
44,0,0,0,1,0,1,0,1,1,1,1,0,0,0,0,1,0,0,1,-0.10962610696391091,0.6989597866938809,0.0037619201221218337,0.03998903582240876,0.03998903582240876
42,0,1,0,1,1,1,0,1,1,1,0,0,1,0,1,0,0,0,1,0.15295472324109738,0.7043380877631116,0.0039051573709433167,0.0413329850998293,0.0413329850998293
72,0,1,0,1,1,1,0,0,0,0,0,0,0,0,1,0,1,0,0,-1.3311255386137903,0.6419575496164033,0.002490279067928491,0.027529416300707155,0.027529416300707155
71,0,0,0,1,1,1,0,1,1,1,1,1,1,1,1,0,1,0,0,0.8725591503219104,0.6435679119154606,0.0025205988088756303,0.02783802704790539,0.02783802704790539
19,1,0,0,1,0,1,1,0,0,0,1,0,0,1,1,0,0,0,0,0.8260258386400106,0.7929113200145855,0.0070048485392757275,0.06782398836650938,0.06782398836650938
23,0,0,0,1,0,1,0,1,0,0,0,1,1,1,1,0,0,0,1,0.2942165622754372,0.7723876776489026,0.006146116983133188,0.060949762364490456,0.060949762364490456
30,0,0,0,0,0,1,0,0,0,0,0,0,0,0,0,0,1,0,0,-1.5089492653981946,0.7428424163487329,0.0050683354621543905,0.051833777579476825,0.051833777579476825
35,0,1,0,0,0,1,0,0,0,0,0,0,0,0,1,1,0,0,0,-1.282930322943251,0.7253108322429414,0.004507451042951911,0.04686012202126277,0.04686012202126277
10,1,0,0,0,0,1,1,0,1,0,0,0,1,1,1,0,0,1,1,1.1268304605837223,0.8554585264638187,0.010313003097985489,0.09145336847937524,0.09145336847937524
1,0,1,0,0,0,1,0,1,0,0,0,0,0,0,0,0,0,0,1,-0.6962782149535809,0.9743124842439652,0.02235010364622835,0.1468274853100915,0.1468274853100915
22,0,1,0,0,0,1,1,0,0,0,0,0,0,0,0,0,0,0,1,0.16292614717293305,0.7772239626242997,0.006339847981342745,0.0625297608539006,0.0625297608539006
7,0,1,0,1,1,0,0,1,1,1,1,0,0,0,0,0,1,0,0,-0.872440037749346,0.8848383086630132,0.012329368360988486,0.10389128471090825,0.10389128471090825
36,0,0,0,0,0,0,0,1,1,1,1,1,0,1,0,0,1,0,1,-0.3888259770553119,0.7220842981429184,0.004410087057617903,0.045979950318991825,0.045979950318991825
34,0,0,0,1,1,1,0,0,0,0,0,0,0,0,0,0,0,0,0,-1.4674016656822124,0.7286243341114813,0.004609291590527576,0.04777537654084685,0.04777537654084685
72,0,1,0,1,1,1,0,1,1,1,1,0,0,0,1,0,1,0,0,-0.011573771634192596,0.6419575496164033,0.002490279067928491,0.027529416300707155,0.027529416300707155
36,0,1,0,1,1,1,0,0,0,0,0,0,0,0,1,0,1,0,0,-1.3194922106933153,0.7220842981429184,0.004410087057617903,0.045979950318991825,0.045979950318991825
1,1,0,0,0,0,1,1,0,0,0,1,0,0,0,0,0,0,1,0,0.3839593776619586,0.9743124842439652,0.02235010364622835,0.1468274853100915,0.1468274853100915
23,1,0,0,0,0,1,1,0,0,1,0,0,0,0,1,0,0,1,1,0.4770260010257593,0.7723876776489026,0.006146116983133188,0.060949762364490456,0.060949762364490456
32,1,1,1,1,0,1,1,0,0,0,0,0,0,1,1,0,0,1,1,0.6714687676965563,0.7355303895625583,0.00482771692436557,0.04972004336955682,0.04972004336955682
71,0,0,0,1,1,1,1,0,1,1,1,1,0,0,1,1,0,0,1,1.0088352773903326,0.6435679119154606,0.0025205988088756303,0.02783802704790539,0.02783802704790539
23,0,0,1,0,0,1,1,0,0,0,1,0,0,0,1,0,0,0,1,0.4836736169803161,0.7723876776489026,0.006146116983133188,0.060949762364490456,0.060949762364490456
17,0,1,0,1,0,1,1,0,0,0,1,0,1,1,0,1,0,0,1,1.0586923970495115,0.8045134998853144,0.007534869537132169,0.07190499047148602,0.07190499047148602
1,0,1,0,0,0,1,0,1,0,0,1,1,1,1,0,0,0,1,1,0.3557070098550908,0.9743124842439652,0.02235010364622835,0.1468274853100915,0.1468274853100915
12,0,1,0,1,1,1,0,0,0,0,0,0,0,0,0,0,1,0,0,-1.4989778414663588,0.8388580793219884,0.009318867014819062,0.08479678961103854,0.08479678961103854
72,0,0,0,1,0,1,0,0,0,0,0,0,0,0,0,0,1,0,0,-1.4723873776481302,0.6419575496164033,0.002490279067928491,0.027529416300707155,0.027529416300707155
1,0,1,0,0,0,1,0,0,0,0,0,0,0,0,0,0,0,0,0,-1.5155968813527516,0.9743124842439652,0.02235010364622835,0.1468274853100915,0.1468274853100915
72,0,1,1,1,0,1,1,0,0,1,0,0,1,1,1,0,1,0,0,1.115197132663247,0.6419575496164033,0.002490279067928491,0.027529416300707155,0.027529416300707155
60,0,1,0,1,1,1,1,0,0,0,0,0,0,0,1,0,0,0,0,0.3174832181163869,0.6630148153227823,0.0029109829180785306,0.031759872056746574,0.031759872056746574
61,0,0,0,1,1,0,0,1,0,1,1,1,1,0,0,0,1,0,0,-0.4469926166576871,0.6611010360108607,0.002870516527482457,0.031357744906887475,0.031357744906887475
6,0,0,0,1,0,1,0,1,0,0,0,0,0,0,0,0,0,0,0,-0.6364496713625665,0.8962011910421149,0.01321361285882388,0.10892151775419001,0.10892151775419001
32,1,1,1,1,0,1,1,0,0,0,0,0,0,1,1,0,0,1,0,0.6814401916283919,0.7355303895625583,0.00482771692436557,0.04972004336955682,0.04972004336955682
31,1,0,0,0,1,1,1,0,0,0,0,0,1,0,1,0,0,0,1,0.7229877913443742,0.7391329118702427,0.004945042598351195,0.05075440110013929,0.05075440110013929
19,1,1,0,0,0,1,1,0,0,1,0,0,0,0,0,0,0,0,1,0.300864178229994,0.7929113200145855,0.0070048485392757275,0.06782398836650938,0.06782398836650938
72,0,1,0,1,1,1,0,0,0,0,0,0,0,0,0,0,1,0,0,-1.4790349936026874,0.6419575496164033,0.002490279067928491,0.027529416300707155,0.027529416300707155
32,0,0,0,0,0,1,0,1,0,1,0,0,0,0,1,0,0,1,1,-0.35226408930524744,0.7355303895625583,0.00482771692436557,0.04972004336955682,0.04972004336955682
65,0,1,0,1,0,1,1,0,0,1,0,0,0,1,1,0,0,1,1,0.8592639184127964,0.6537547892731487,0.002719403042122667,0.02984713825493901,0.02984713825493901
45,0,0,0,1,1,0,0,1,1,0,0,0,1,1,0,0,0,0,1,-0.46194975255544085,0.6963590108821652,0.0036942216775406023,0.039349803973645514,0.039349803973645514
42,0,1,0,0,0,1,0,0,0,0,0,0,0,0,1,1,0,1,0,-1.3211541146819548,0.7043380877631116,0.0039051573709433167,0.0413329850998293,0.0413329850998293
8,0,1,0,0,0,1,1,0,0,0,0,0,0,0,1,0,0,1,1,0.3341022580027798,0.8743368175545859,0.01156705087089483,0.09935054964947354,0.09935054964947354
32,0,1,0,0,1,1,0,0,0,0,0,0,0,0,0,0,1,0,0,-1.4723873776481302,0.7355303895625583,0.00482771692436557,0.04972004336955682,0.04972004336955682
22,0,0,1,1,0,1,0,1,1,1,0,1,0,0,1,0,0,0,1,-0.04148804342970004,0.7772239626242997,0.006339847981342745,0.0625297608539006,0.0625297608539006
57,1,1,1,1,0,0,0,1,0,0,0,0,1,1,0,0,0,1,1,-0.6630401351807951,0.6689574203086703,0.003039606595789443,0.03303139376725084,0.03303139376725084
1,0,1,0,0,0,1,0,1,1,0,0,0,0,0,0,0,0,1,0,-0.5600020878851589,0.9743124842439652,0.02235010364622835,0.1468274853100915,0.1468274853100915
1,1,1,1,0,0,1,0,1,0,0,0,0,0,0,0,0,0,1,0,-0.6547306152375986,0.9743124842439652,0.02235010364622835,0.1468274853100915,0.1468274853100915
1,0,0,0,1,0,1,0,1,0,0,0,0,0,0,0,0,0,1,1,-0.6580544232148772,0.9743124842439652,0.02235010364622835,0.1468274853100915,0.1468274853100915
24,1,1,0,0,0,1,1,0,0,0,0,1,1,1,0,0,0,1,1,1.0370876451972004,0.7677256072562019,0.005964174846469762,0.05945002834593771,0.05945002834593771
1,1,1,0,0,0,1,0,0,0,0,0,0,0,0,0,0,0,0,0,-1.487344513545884,0.9743124842439652,0.02235010364622835,0.1468274853100915,0.1468274853100915
54,0,1,1,0,0,1,1,0,0,1,0,0,0,1,1,0,0,1,1,0.8393210705491246,0.6752256920763566,0.003180258311786613,0.03441034838970081,0.03441034838970081
4,0,0,0,0,0,1,0,0,0,0,0,0,0,0,1,0,1,0,1,-1.3128445947387584,0.9221895280070969,0.015517187361763772,0.12087777811840728,0.12087777811840728
65,1,1,0,1,1,1,1,0,1,0,1,1,1,1,1,0,1,0,0,1.4575493543229414,0.6537547892731487,0.002719403042122667,0.02984713825493901,0.02984713825493901
56,0,0,0,1,0,1,0,0,0,0,0,0,0,0,1,1,0,1,0,-1.3460826745115442,0.6710090587453561,0.003085072619735503,0.03347844798497823,0.03347844798497823
45,0,1,0,0,0,1,0,1,1,0,1,0,1,1,0,0,0,1,1,0.3706641457528445,0.6963590108821652,0.0036942216775406023,0.039349803973645514,0.039349803973645514
71,0,0,0,1,1,1,0,0,0,0,0,0,0,0,0,0,1,0,0,-1.4989778414663588,0.6435679119154606,0.0025205988088756303,0.02783802704790539,0.02783802704790539
59,0,1,0,1,0,1,0,1,1,1,1,0,1,0,0,1,0,0,0,0.05324048392273988,0.6649614286359096,0.0029526183444970946,0.03217256791019485,0.03217256791019485
69,0,1,0,0,0,0,0,1,0,1,1,0,0,0,0,1,0,0,1,-0.9655066611131462,0.6468608243449303,0.002583528294433392,0.028476690845760766,0.028476690845760766
19,0,1,0,0,0,1,0,0,0,0,0,0,0,0,0,1,0,0,0,-1.5288921132618662,0.7929113200145855,0.0070048485392757275,0.06782398836650938,0.06782398836650938
55,0,0,0,1,1,1,0,0,0,0,0,0,0,0,0,0,1,0,0,-1.5089492653981946,0.6730980579890953,0.0031319345818057722,0.033937922764987416,0.033937922764987416
38,0,0,0,0,0,1,0,0,0,0,0,0,0,0,0,1,0,0,0,-1.5122730733754732,0.7158758576100376,0.0042276442662364,0.04431696426317133,0.04431696426317133
10,1,1,0,0,0,1,0,1,0,0,0,0,0,0,0,0,0,1,1,-0.6397734793398451,0.8554585264638187,0.010313003097985489,0.09145336847937524,0.09145336847937524
47,0,0,1,1,0,1,0,1,1,1,1,0,0,0,1,0,0,0,1,0.08814046768416492,0.6913226781406935,0.0035659686558325962,0.038131613989117574,0.038131613989117574
2,1,0,0,1,0,0,0,1,0,0,0,0,0,1,0,0,0,1,1,-0.9871114129654569,0.9544211124058478,0.01918286543259826,0.13658902706858933,0.13658902706858933
1,1,1,0,0,0,1,0,1,0,0,0,0,0,0,0,0,0,0,0,-0.6181687274875342,0.9743124842439652,0.02235010364622835,0.1468274853100915,0.1468274853100915
1,1,0,0,0,0,1,0,1,0,0,0,0,0,0,0,0,0,1,0,-0.6530687112489594,0.9743124842439652,0.02235010364622835,0.1468274853100915,0.1468274853100915
1,1,1,1,0,0,0,0,1,0,1,1,0,0,1,0,0,0,1,1,-0.7145591588286132,0.9743124842439652,0.02235010364622835,0.1468274853100915,0.1468274853100915
46,0,1,0,1,1,1,0,0,0,0,0,0,0,0,0,0,1,0,1,-1.4856826095572444,0.6938140321924815,0.003628947567853564,0.038730988089776375,0.038730988089776375
38,1,0,1,0,0,1,0,1,1,1,0,0,0,0,0,0,0,0,1,-0.25421175397552936,0.7158758576100376,0.0042276442662364,0.04431696426317133,0.04431696426317133
65,0,0,0,1,0,1,0,1,1,0,1,1,0,0,0,0,1,0,0,-0.19604511437315414,0.6537547892731487,0.002719403042122667,0.02984713825493901,0.02984713825493901
19,1,0,0,1,0,1,1,0,1,0,0,0,0,0,0,0,0,1,1,0.2792594263776835,0.7929113200145855,0.0070048485392757275,0.06782398836650938,0.06782398836650938
52,1,1,0,0,0,1,1,0,0,1,0,0,0,1,0,0,0,1,1,0.6831020956170311,0.6796022882225629,0.00328157591746785,0.03539633014558485,0.03539633014558485
71,0,1,0,1,1,1,0,0,0,0,0,0,0,0,0,0,1,0,0,-1.5072873614095552,0.6435679119154606,0.0025205988088756303,0.02783802704790539,0.02783802704790539
1,1,0,0,0,0,1,0,1,0,0,0,0,0,0,0,0,0,0,0,-0.6264782474307306,0.9743124842439652,0.02235010364622835,0.1468274853100915,0.1468274853100915
52,0,0,1,0,0,0,0,1,0,1,1,1,1,0,0,0,0,1,1,-0.4752449844645551,0.6796022882225629,0.00328157591746785,0.03539633014558485,0.03539633014558485
6,0,1,0,1,0,1,0,0,0,0,0,0,0,0,1,1,0,0,0,-1.3194922106933153,0.8962011910421149,0.01321361285882388,0.10892151775419001,0.10892151775419001
26,0,0,1,1,0,1,0,1,0,0,1,0,0,1,0,1,0,0,0,-0.13621657078213947,0.7588796606729277,0.005631521405658712,0.05666748667997901,0.05666748667997901
48,0,1,1,0,0,1,1,0,0,1,0,0,1,1,1,1,0,1,1,1.1368018845155579,0.6888828979881829,0.003505164885370563,0.03755076913789834,0.03755076913789834
64,0,0,0,1,1,1,1,0,1,0,0,1,1,1,1,1,0,0,1,1.3162875152886018,0.6555468612609421,0.002755656035094927,0.030210834407233156,0.030210834407233156
3,1,0,0,0,0,1,1,0,0,1,0,0,1,0,0,0,0,1,0,0.629921167980574,0.9373188893787414,0.017092860770546496,0.12812771737333695,0.12812771737333695
1,0,1,0,0,0,1,0,1,0,0,0,0,0,0,0,0,0,0,1,-0.6896305989990239,0.9743124842439652,0.02235010364622835,0.1468274853100915,0.1468274853100915
72,0,1,0,1,1,1,0,0,0,0,0,0,0,0,1,0,1,0,0,-1.3527302904661012,0.6419575496164033,0.002490279067928491,0.027529416300707155,0.027529416300707155
1,0,1,0,0,0,1,0,1,0,0,0,0,0,0,0,0,0,0,1,-0.6397734793398451,0.9743124842439652,0.02235010364622835,0.1468274853100915,0.1468274853100915
51,0,0,0,1,1,1,1,0,1,1,0,0,0,1,1,0,0,1,1,0.9639638696970715,0.681854139199785,0.003334724055742794,0.03591111081215892,0.03591111081215892
41,0,0,0,1,1,1,0,0,0,0,0,0,0,0,0,0,1,0,0,-1.4989778414663588,0.7071206594283597,0.003981008341391358,0.042040010297382246,0.042040010297382246
72,0,0,0,1,1,1,0,1,1,1,1,0,1,0,0,0,1,0,1,0.1945023229570797,0.6419575496164033,0.002490279067928491,0.027529416300707155,0.027529416300707155
43,0,0,0,1,0,1,0,1,1,1,0,1,1,1,1,0,1,0,0,0.7196639833670958,0.7016186635948665,0.003832182002392298,0.04064972482294138,0.04064972482294138
72,0,1,0,1,0,1,1,0,1,1,1,1,1,1,1,0,1,0,1,1.6386968890846239,0.6419575496164033,0.002490279067928491,0.027529416300707155,0.027529416300707155
47,0,1,0,1,0,1,1,0,0,0,0,0,1,1,1,1,0,0,1,1.0104971813789718,0.6913226781406935,0.0035659686558325962,0.038131613989117574,0.038131613989117574
72,0,1,0,0,0,1,0,1,1,1,1,1,1,1,1,0,1,0,0,0.7894639508899459,0.6419575496164033,0.002490279067928491,0.027529416300707155,0.027529416300707155
3,0,1,0,0,0,1,0,0,0,0,0,0,0,0,0,0,0,0,1,-1.4640778577049338,0.9373188893787414,0.017092860770546496,0.12812771737333695,0.12812771737333695
1,1,1,0,0,0,1,1,0,0,0,0,0,0,0,0,0,0,1,1,0.1745594750934079,0.9743124842439652,0.02235010364622835,0.1468274853100915,0.1468274853100915
2,1,1,0,0,0,1,1,0,0,0,0,0,0,1,1,0,0,1,1,0.7047068474693421,0.9544211124058478,0.01918286543259826,0.13658902706858933,0.13658902706858933
26,0,1,0,0,0,0,0,1,1,1,0,0,0,1,0,0,0,0,1,-0.6696877511353523,0.7588796606729277,0.005631521405658712,0.05666748667997901,0.05666748667997901
29,0,1,0,1,1,1,0,1,1,0,0,0,0,1,0,0,0,0,1,-0.1528356106685324,0.746664964341879,0.005198070769814978,0.05296124339833497,0.05296124339833497
35,1,0,1,1,0,1,1,0,1,1,0,1,1,0,1,0,0,0,1,1.1866590041747367,0.7253108322429414,0.004507451042951911,0.04686012202126277,0.04686012202126277
27,0,1,0,0,0,1,0,1,1,1,0,0,0,0,0,1,0,0,0,-0.3107164895892651,0.7546760980475697,0.005479040808994945,0.05537422178102336,0.05537422178102336
24,0,1,0,1,1,1,0,1,1,1,0,1,0,1,0,0,0,0,1,0.18286899503660436,0.7677256072562019,0.005964174846469762,0.05945002834593771,0.05945002834593771
67,0,1,0,1,1,1,0,1,1,0,1,1,0,0,0,0,1,0,1,-0.14618799471397537,0.6502545080837984,0.0026497095459112013,0.029145652408135048,0.029145652408135048
16,1,0,0,0,0,1,1,0,0,0,0,0,0,0,1,0,0,1,0,0.2609784825026514,0.8107173068575363,0.007832475449686212,0.07414442618478301,0.07414442618478301
23,0,0,0,0,0,1,0,1,0,1,1,0,0,0,0,1,0,0,0,-0.2990831616687903,0.7723876776489026,0.006146116983133188,0.060949762364490456,0.060949762364490456
14,0,1,0,0,0,0,0,1,0,1,0,0,0,0,0,0,0,0,1,-1.1200637320566003,0.8240576612486123,0.008508086494505379,0.07909398048302463,0.07909398048302463
1,1,0,0,1,1,1,0,0,0,0,0,0,0,0,0,0,0,1,1,-1.4557683377617372,0.9743124842439652,0.02235010364622835,0.1468274853100915,0.1468274853100915
1,1,0,1,0,0,1,0,1,0,0,0,0,0,0,0,0,0,0,0,-0.6547306152375986,0.9743124842439652,0.02235010364622835,0.1468274853100915,0.1468274853100915
4,0,1,1,0,0,0,0,1,0,1,0,0,1,1,0,0,0,0,1,-0.4602878485668014,0.9221895280070969,0.015517187361763772,0.12087777811840728,0.12087777811840728
16,0,1,0,0,1,1,0,1,1,1,0,0,0,1,1,0,0,1,1,0.14298329930926126,0.8107173068575363,0.007832475449686212,0.07414442618478301,0.07414442618478301
46,0,0,0,1,0,0,0,1,0,0,0,0,1,1,0,0,0,1,1,-0.6929544069763023,0.6938140321924815,0.003628947567853564,0.038730988089776375,0.038730988089776375
68,0,1,0,0,1,1,0,1,1,1,0,1,1,1,1,0,1,0,1,0.721325887355735,0.6485447168747005,0.0026161967996319807,0.028807250213664037,0.028807250213664037
38,0,1,0,0,0,1,0,1,1,1,1,1,0,0,1,0,0,1,0,0.1712356671161295,0.7158758576100376,0.0042276442662364,0.04431696426317133,0.04431696426317133
30,1,1,1,1,0,1,0,1,0,1,0,0,0,0,0,0,0,0,1,-0.47856879244183376,0.7428424163487329,0.0050683354621543905,0.051833777579476825,0.051833777579476825
5,1,0,1,0,0,1,1,0,0,0,0,0,0,1,0,0,0,1,0,0.47037838507120205,0.9085818526659613,0.014256987321705751,0.11453932573635439,0.11453932573635439
17,0,1,0,0,0,1,1,0,0,1,1,0,0,1,0,0,0,0,1,0.8692353423446321,0.8045134998853144,0.007534869537132169,0.07190499047148602,0.07190499047148602
4,0,1,0,1,1,1,0,0,0,0,0,0,0,0,0,0,1,0,0,-1.4923302255118018,0.9221895280070969,0.015517187361763772,0.12087777811840728,0.12087777811840728
12,0,0,0,0,0,1,0,0,0,0,0,0,0,0,0,1,0,1,0,-1.4840207055686052,0.8388580793219884,0.009318867014819062,0.08479678961103854,0.08479678961103854
72,0,1,0,1,1,1,0,1,1,1,1,1,1,1,1,0,1,0,1,0.8576020144241567,0.6419575496164033,0.002490279067928491,0.027529416300707155,0.027529416300707155
3,0,1,0,0,0,1,1,0,0,0,0,0,1,1,0,0,0,1,1,0.9041353261060571,0.9373188893787414,0.017092860770546496,0.12812771737333695,0.12812771737333695
56,1,1,0,0,0,1,1,0,0,1,0,1,0,1,1,0,0,1,1,0.9855686215493825,0.6710090587453561,0.003085072619735503,0.03347844798497823,0.03347844798497823
41,0,0,0,0,0,1,0,0,0,0,0,0,0,0,1,1,0,0,1,-1.3278017306365117,0.7071206594283597,0.003981008341391358,0.042040010297382246,0.042040010297382246
40,0,1,0,0,0,0,0,1,0,1,0,1,0,0,0,1,0,0,0,-0.9571971411699497,0.7099691459680679,0.004059910336396862,0.04277208089669704,0.04277208089669704
7,0,0,0,0,0,1,0,1,1,1,0,1,1,1,0,0,0,1,1,0.45542124917344834,0.8848383086630132,0.012329368360988486,0.10389128471090825,0.10389128471090825
69,0,1,0,0,0,1,0,0,0,0,0,0,0,0,0,0,1,0,0,-1.4906683215231624,0.6468608243449303,0.002583528294433392,0.028476690845760766,0.028476690845760766
7,0,1,0,1,1,1,0,0,0,0,0,0,0,0,0,1,0,0,0,-1.4674016656822124,0.8848383086630132,0.012329368360988486,0.10389128471090825,0.10389128471090825
5,0,0,0,1,1,0,0,1,0,1,0,0,0,0,0,0,0,1,1,-1.1400065799202719,0.9085818526659613,0.014256987321705751,0.11453932573635439,0.11453932573635439
72,0,0,0,1,1,1,1,0,1,1,1,1,1,0,1,0,1,0,0,1.3727922509023371,0.6419575496164033,0.002490279067928491,0.027529416300707155,0.027529416300707155
44,0,1,0,1,1,1,0,0,0,0,0,0,0,0,0,1,0,0,1,-1.4723873776481302,0.6989597866938809,0.0037619201221218337,0.03998903582240876,0.03998903582240876
65,0,0,0,0,0,1,1,0,0,1,1,0,1,0,1,1,0,1,1,1.0204686053108076,0.6537547892731487,0.002719403042122667,0.02984713825493901,0.02984713825493901
3,0,0,0,0,0,1,0,1,0,0,0,1,1,0,1,0,0,1,0,-0.006588059668275004,0.9373188893787414,0.017092860770546496,0.12812771737333695,0.12812771737333695
24,0,1,0,0,0,1,0,1,0,0,0,1,0,0,0,0,0,0,1,-0.4553021366008836,0.7677256072562019,0.005964174846469762,0.05945002834593771,0.05945002834593771
44,1,0,0,0,0,1,1,0,0,1,1,0,0,0,1,0,0,0,1,0.664821151741999,0.6989597866938809,0.0037619201221218337,0.03998903582240876,0.03998903582240876
72,0,0,1,1,0,1,0,1,1,1,1,1,1,1,1,0,1,0,0,0.807744894764978,0.6419575496164033,0.002490279067928491,0.027529416300707155,0.027529416300707155
24,0,1,0,0,0,1,0,1,1,0,0,1,0,0,0,0,0,1,0,-0.327335529475658,0.7677256072562019,0.005964174846469762,0.05945002834593771,0.05945002834593771
1,1,1,0,0,0,1,0,1,0,0,1,0,0,0,0,0,0,0,0,-0.46194975255544085,0.9743124842439652,0.02235010364622835,0.1468274853100915,0.1468274853100915
22,0,1,0,1,0,1,0,0,0,0,0,0,0,0,0,0,0,0,1,-1.4740492816367694,0.7772239626242997,0.006339847981342745,0.0625297608539006,0.0625297608539006
70,0,1,0,1,1,1,0,1,0,1,1,1,1,1,1,0,1,0,1,0.7030449434807029,0.6452021175658147,0.002551672337160255,0.02815370280249474,0.02815370280249474
25,0,1,0,1,1,1,0,1,0,0,0,0,1,0,1,0,0,1,0,-0.14784989870261458,0.7632263722784222,0.005792955912006608,0.05802443652851541,0.05802443652851541
37,0,1,0,1,1,1,0,0,0,0,0,0,0,0,0,0,1,0,0,-1.4956540334890804,0.7189405920832638,0.0043169072108659315,0.0451328504105416,0.0451328504105416
22,0,0,1,1,1,1,1,0,0,0,0,0,1,0,1,0,0,0,0,0.6831020956170311,0.7772239626242997,0.006339847981342745,0.0625297608539006,0.0625297608539006
59,0,0,0,1,1,1,0,1,0,0,1,1,1,0,1,0,1,0,1,0.24269753862761878,0.6649614286359096,0.0029526183444970946,0.03217256791019485,0.03217256791019485
49,1,1,0,1,1,1,1,0,0,0,1,0,1,1,1,0,0,1,1,1.1633923483337865,0.6864927538867036,0.0034464244917631367,0.03698759780359384,0.03698759780359384
47,1,1,0,1,1,1,1,0,0,0,1,1,1,1,1,0,0,0,1,1.4143398506183196,0.6913226781406935,0.0035659686558325962,0.038131613989117574,0.038131613989117574
31,1,0,0,1,1,1,0,0,0,0,0,0,0,0,0,0,0,0,1,-1.5039635534322768,0.7391329118702427,0.004945042598351195,0.05075440110013929,0.05075440110013929
1,0,1,0,1,1,1,1,0,0,0,0,0,0,1,0,0,0,1,1,0.5401783525940521,0.9743124842439652,0.02235010364622835,0.1468274853100915,0.1468274853100915
3,0,1,0,0,0,1,0,0,0,0,0,0,0,0,0,0,0,1,1,-1.4723873776481302,0.9373188893787414,0.017092860770546496,0.12812771737333695,0.12812771737333695
53,0,0,0,1,0,1,1,0,0,1,1,1,1,1,1,1,0,0,1,1.5622493056072166,0.6773932996244997,0.003230113874366814,0.03489628604896822,0.03489628604896822
1,0,1,0,0,0,1,0,0,0,0,0,0,0,0,0,0,0,0,0,-1.4823588015799658,0.9743124842439652,0.02235010364622835,0.1468274853100915,0.1468274853100915
20,0,1,0,0,0,1,0,0,0,0,0,0,0,0,0,1,0,0,1,-1.4989778414663588,0.7874709741517664,0.006767715032425889,0.0659587290124013,0.0659587290124013
3,1,0,0,0,0,1,1,0,1,1,0,0,0,0,0,0,0,1,1,0.4753640970371196,0.9373188893787414,0.017092860770546496,0.12812771737333695,0.12812771737333695
51,0,0,0,0,0,1,0,0,0,0,0,0,0,0,0,1,0,0,1,-1.493992129500441,0.681854139199785,0.003334724055742794,0.03591111081215892,0.03591111081215892
51,0,0,0,1,0,1,0,1,1,1,0,1,0,0,0,1,0,0,1,-0.14286418673669674,0.681854139199785,0.003334724055742794,0.03591111081215892,0.03591111081215892
13,0,0,0,1,1,1,0,0,0,0,0,0,0,0,0,0,1,0,0,-1.5039635534322768,0.8312566322761956,0.008894046614766308,0.0818402613059327,0.0818402613059327
1,0,0,0,0,0,1,0,0,0,0,0,0,0,0,0,0,0,0,0,-1.459092145739016,0.9743124842439652,0.02235010364622835,0.1468274853100915,0.1468274853100915
1,0,1,0,0,1,1,0,0,0,0,0,0,0,0,0,0,0,0,1,-1.454106433773098,0.9743124842439652,0.02235010364622835,0.1468274853100915,0.1468274853100915
63,0,1,0,0,0,1,0,1,1,1,1,1,0,0,1,1,0,1,0,0.22275469076394747,0.6573679996492523,0.0027928980105273514,0.030583600220822293,0.030583600220822293
3,0,1,0,0,0,1,0,1,0,0,0,0,0,1,0,0,0,0,0,-0.33730695340749395,0.9373188893787414,0.017092860770546496,0.12812771737333695,0.12812771737333695
46,0,1,0,0,0,1,0,0,0,0,0,0,0,0,0,0,1,0,0,-1.5155968813527516,0.6938140321924815,0.003628947567853564,0.038730988089776375,0.038730988089776375
1,0,1,0,0,0,1,0,1,0,0,0,0,0,0,1,0,0,0,1,-0.49851164030550527,0.9743124842439652,0.02235010364622835,0.1468274853100915,0.1468274853100915
8,1,1,0,0,1,0,0,1,0,0,0,0,0,0,0,0,0,0,0,-1.306196978784201,0.8743368175545859,0.01156705087089483,0.09935054964947354,0.09935054964947354
71,0,0,0,1,1,1,0,0,0,0,0,0,0,0,0,0,1,0,0,-1.4723873776481302,0.6435679119154606,0.0025205988088756303,0.02783802704790539,0.02783802704790539
55,0,1,0,1,1,1,1,0,0,0,1,0,1,0,1,0,0,0,1,0.8509543984696,0.6730980579890953,0.0031319345818057722,0.033937922764987416,0.033937922764987416
70,0,0,0,0,0,1,1,0,0,1,1,1,0,0,1,1,0,0,1,0.8459686865036818,0.6452021175658147,0.002551672337160255,0.02815370280249474,0.02815370280249474
2,1,0,0,0,0,1,1,0,0,0,0,0,0,1,0,0,0,1,0,0.5302069286622164,0.9544211124058478,0.01918286543259826,0.13658902706858933,0.13658902706858933
67,0,1,0,1,1,1,1,0,1,0,0,1,1,1,1,0,1,0,0,1.3229351312431585,0.6502545080837984,0.0026497095459112013,0.029145652408135048,0.029145652408135048
65,1,1,0,1,0,1,1,0,0,1,0,0,1,0,1,0,0,0,1,0.899149614140139,0.6537547892731487,0.002719403042122667,0.02984713825493901,0.02984713825493901
14,0,1,0,1,0,1,0,1,0,0,1,0,0,0,0,0,0,0,0,-0.4852164083963908,0.8240576612486123,0.008508086494505379,0.07909398048302463,0.07909398048302463
20,0,0,0,1,1,1,1,0,0,0,1,1,0,1,1,0,0,0,1,1.0204686053108076,0.7874709741517664,0.006767715032425889,0.0659587290124013,0.0659587290124013
1,1,1,0,0,1,1,1,0,0,1,0,0,0,0,0,0,0,1,1,0.3507212978891727,0.9743124842439652,0.02235010364622835,0.1468274853100915,0.1468274853100915
1,1,1,0,0,0,1,1,0,0,0,0,0,0,0,1,0,0,1,1,0.3540451058664516,0.9743124842439652,0.02235010364622835,0.1468274853100915,0.1468274853100915
49,0,0,0,1,1,1,1,0,0,0,0,0,1,1,1,0,0,0,1,1.0171447973335292,0.6864927538867036,0.0034464244917631367,0.03698759780359384,0.03698759780359384
72,0,0,0,0,0,1,1,0,1,1,1,0,1,0,1,0,1,0,1,1.2132494679929653,0.6419575496164033,0.002490279067928491,0.027529416300707155,0.027529416300707155
46,0,0,0,1,0,1,0,1,1,0,0,0,0,0,1,0,0,1,0,-0.3888259770553119,0.6938140321924815,0.003628947567853564,0.038730988089776375,0.038730988089776375
24,0,1,0,0,0,1,1,0,0,1,1,0,0,0,1,0,0,0,1,0.6664830557306382,0.7677256072562019,0.005964174846469762,0.05945002834593771,0.05945002834593771
5,0,0,0,1,1,0,0,1,0,1,0,1,0,0,0,0,0,1,0,-1.015363780772325,0.9085818526659613,0.014256987321705751,0.11453932573635439,0.11453932573635439
33,0,0,0,1,1,1,1,0,0,1,1,1,0,0,1,0,0,0,0,0.7911258548785851,0.732029255003116,0.004715929386838689,0.04872789424351476,0.04872789424351476
42,0,0,0,0,0,1,0,1,1,1,0,0,0,0,1,1,0,0,1,-0.15449751465717185,0.7043380877631116,0.0039051573709433167,0.0413329850998293,0.0413329850998293
23,0,1,0,0,0,1,1,0,1,0,1,0,1,1,0,1,0,0,1,1.1683780602997047,0.7723876776489026,0.006146116983133188,0.060949762364490456,0.060949762364490456
8,0,1,0,0,0,1,1,0,0,0,0,0,0,0,0,0,0,0,0,0.1961642269457189,0.8743368175545859,0.01156705087089483,0.09935054964947354,0.09935054964947354
66,0,1,0,0,0,1,0,1,1,1,0,0,0,0,0,1,0,0,1,-0.3323212414415761,0.6519909407703324,0.0026840999053434323,0.029492182160968494,0.029492182160968494
24,1,1,0,0,0,1,0,1,1,0,0,0,0,0,0,0,0,0,1,-0.5068211602487017,0.7677256072562019,0.005964174846469762,0.05945002834593771,0.05945002834593771
24,0,1,1,0,0,1,0,1,0,1,0,0,0,0,1,0,0,0,0,-0.3323212414415761,0.7677256072562019,0.005964174846469762,0.05945002834593771,0.05945002834593771
69,1,1,0,0,0,1,0,1,1,1,1,1,0,1,1,1,0,0,1,0.4587450571507267,0.6468608243449303,0.002583528294433392,0.028476690845760766,0.028476690845760766
53,0,0,0,0,0,1,1,0,0,1,1,0,1,1,0,1,0,0,1,1.1800113882201795,0.6773932996244997,0.003230113874366814,0.03489628604896822,0.03489628604896822
60,0,0,0,0,0,0,0,1,1,0,1,0,1,1,0,0,1,1,0,-0.37220693716891895,0.6630148153227823,0.0029109829180785306,0.031759872056746574,0.031759872056746574
7,1,0,0,1,0,1,1,0,0,0,0,0,1,0,0,0,0,1,1,0.5418402565826913,0.8848383086630132,0.012329368360988486,0.10389128471090825,0.10389128471090825
20,0,0,0,0,0,1,0,0,0,0,0,0,0,0,0,1,0,0,1,-1.5106111693868338,0.7874709741517664,0.006767715032425889,0.0659587290124013,0.0659587290124013
23,0,0,0,1,1,1,1,0,0,0,0,0,0,1,1,0,0,1,0,0.6914116155602276,0.7723876776489026,0.006146116983133188,0.060949762364490456,0.060949762364490456
72,0,1,0,1,1,1,0,1,1,0,1,1,1,1,0,0,1,1,1,0.5318688326508556,0.6419575496164033,0.002490279067928491,0.027529416300707155,0.027529416300707155
11,1,1,0,1,0,1,1,0,0,0,0,0,0,0,1,0,0,1,1,0.3374260659800587,0.8469074549655476,0.009789108115316166,0.08799046091721618,0.08799046091721618
21,0,1,0,0,0,1,0,0,0,0,0,0,0,0,0,0,1,0,0,-1.5023016494436374,0.7822470612896891,0.006546583090128551,0.06419686154369075,0.06419686154369075
1,1,1,1,0,0,1,1,0,0,0,0,0,1,1,1,0,0,1,1,0.9556543497538751,0.9743124842439652,0.02235010364622835,0.1468274853100915,0.1468274853100915
31,0,1,1,0,0,1,1,0,0,1,0,0,1,0,1,0,0,1,1,0.8609258224014357,0.7391329118702427,0.004945042598351195,0.05075440110013929,0.05075440110013929
57,0,0,0,0,0,1,0,1,0,1,1,1,1,0,0,0,1,0,0,0.16458805116157224,0.6689574203086703,0.003039606595789443,0.03303139376725084,0.03303139376725084
45,0,0,0,1,1,1,0,0,0,0,0,0,0,0,0,0,1,0,1,-1.4890064175345232,0.6963590108821652,0.0036942216775406023,0.039349803973645514,0.039349803973645514
10,0,1,0,0,0,1,1,0,0,1,1,0,0,1,1,0,0,1,1,1.012159085367611,0.8554585264638187,0.010313003097985489,0.09145336847937524,0.09145336847937524
58,1,0,0,1,0,1,1,0,0,0,1,1,1,1,1,0,0,0,1,1.239839931811194,0.6669419291751147,0.0029954745981990286,0.0325962586220786,0.0325962586220786
14,0,1,0,0,1,1,0,0,0,0,0,0,0,0,0,0,0,0,0,-1.4906683215231624,0.8240576612486123,0.008508086494505379,0.07909398048302463,0.07909398048302463
27,0,1,0,1,0,1,0,1,1,0,0,1,1,1,1,1,0,0,0,0.5335307366394948,0.7546760980475697,0.005479040808994945,0.05537422178102336,0.05537422178102336
14,1,0,0,1,1,1,1,0,0,1,0,0,0,1,1,0,0,0,1,0.8675734383559929,0.8240576612486123,0.008508086494505379,0.07909398048302463,0.07909398048302463
12,1,0,0,1,1,0,0,1,0,1,0,0,0,0,0,0,0,0,0,-1.1832160836248933,0.8388580793219884,0.009318867014819062,0.08479678961103854,0.08479678961103854
69,0,0,0,1,1,1,1,0,0,1,0,1,0,1,1,0,1,0,1,0.9473448298106786,0.6468608243449303,0.002583528294433392,0.028476690845760766,0.028476690845760766
25,1,0,0,1,1,1,1,0,0,1,1,0,1,0,0,0,0,0,1,0.8094067987536177,0.7632263722784222,0.005792955912006608,0.05802443652851541,0.05802443652851541
58,1,1,1,1,0,1,1,0,1,1,1,0,1,1,1,1,0,1,1,1.4641969702774982,0.6669419291751147,0.0029954745981990286,0.0325962586220786,0.0325962586220786
35,0,0,0,1,1,0,0,1,1,0,0,1,1,0,0,0,1,0,1,-0.6131830155216162,0.7253108322429414,0.004507451042951911,0.04686012202126277,0.04686012202126277
16,1,0,1,0,0,1,1,0,0,0,0,0,1,0,1,0,0,1,1,0.6631592477533598,0.8107173068575363,0.007832475449686212,0.07414442618478301,0.07414442618478301
45,0,1,0,1,1,1,0,1,0,1,1,0,1,1,1,1,0,0,0,0.4637307691166448,0.6963590108821652,0.0036942216775406023,0.039349803973645514,0.039349803973645514
17,0,0,0,0,0,1,1,0,0,1,0,0,1,0,0,0,0,1,1,0.6232735520260166,0.8045134998853144,0.007534869537132169,0.07190499047148602,0.07190499047148602
1,1,0,0,1,1,1,0,1,0,0,0,0,0,0,0,0,0,1,1,-0.6347877673739271,0.9743124842439652,0.02235010364622835,0.1468274853100915,0.1468274853100915
22,0,1,0,0,0,1,0,0,0,0,0,0,0,0,0,1,0,0,0,-1.5023016494436374,0.7772239626242997,0.006339847981342745,0.0625297608539006,0.0625297608539006
1,1,0,1,0,0,1,1,0,0,0,0,0,0,0,0,0,0,1,1,0.1712356671161295,0.9743124842439652,0.02235010364622835,0.1468274853100915,0.1468274853100915
67,0,1,0,1,1,1,0,1,1,0,1,1,0,1,0,0,1,0,0,0.10143569959327897,0.6502545080837984,0.0026497095459112013,0.029145652408135048,0.029145652408135048
67,0,0,0,1,1,1,1,0,0,0,1,1,1,1,1,0,1,0,1,1.357835115004584,0.6502545080837984,0.0026497095459112013,0.029145652408135048,0.029145652408135048
2,1,0,0,1,0,0,0,1,0,0,0,0,1,1,0,0,0,1,0,-0.6713496551239915,0.9544211124058478,0.01918286543259826,0.13658902706858933,0.13658902706858933
23,1,1,0,0,0,1,1,0,0,0,0,0,0,0,1,0,0,1,1,0.3374260659800587,0.7723876776489026,0.006146116983133188,0.060949762364490456,0.060949762364490456
9,0,0,1,0,0,1,1,0,0,0,1,0,0,0,0,0,0,0,0,0.3557070098550908,0.8645756330248363,0.010901071741709328,0.09522425637547682,0.09522425637547682
5,0,0,0,0,0,1,0,0,0,0,0,0,0,0,0,0,0,0,0,-1.4840207055686052,0.9085818526659613,0.014256987321705751,0.11453932573635439,0.11453932573635439
54,0,1,0,0,0,0,0,1,1,0,0,1,1,0,0,0,1,0,0,-0.65140680726032,0.6752256920763566,0.003180258311786613,0.03441034838970081,0.03441034838970081
57,1,0,0,0,0,1,1,0,0,0,1,0,1,1,0,0,1,1,1,1.012159085367611,0.6689574203086703,0.003039606595789443,0.03303139376725084,0.03303139376725084
24,1,1,0,0,0,1,1,0,0,0,1,0,1,0,1,0,0,0,1,0.8326734545945673,0.7677256072562019,0.005964174846469762,0.05945002834593771,0.05945002834593771
49,1,0,0,1,1,1,1,0,0,1,0,0,1,1,1,1,0,0,0,1.1849971001860975,0.6864927538867036,0.0034464244917631367,0.03698759780359384,0.03698759780359384
5,1,1,0,0,0,1,0,1,0,0,0,0,0,0,1,0,0,1,0,-0.5865925517033878,0.9085818526659613,0.014256987321705751,0.11453932573635439,0.11453932573635439
2,1,1,0,0,0,1,1,0,0,0,0,0,0,1,0,0,0,1,1,0.5119259847871843,0.9544211124058478,0.01918286543259826,0.13658902706858933,0.13658902706858933
4,1,0,0,0,1,1,1,0,0,0,1,1,0,0,1,0,0,0,1,0.7412687352194063,0.9221895280070969,0.015517187361763772,0.12087777811840728,0.12087777811840728
70,0,1,0,1,1,1,0,1,1,1,1,1,1,0,1,0,1,0,1,0.4803498090030377,0.6452021175658147,0.002551672337160255,0.02815370280249474,0.02815370280249474
5,1,1,0,0,0,1,1,0,0,0,0,0,0,0,1,0,0,0,1,0.3690022417642053,0.9085818526659613,0.014256987321705751,0.11453932573635439,0.11453932573635439
53,0,1,0,1,1,1,0,1,1,0,1,1,1,1,1,0,0,1,0,0.6947354235375064,0.6773932996244997,0.003230113874366814,0.03489628604896822,0.03489628604896822
47,1,0,0,1,0,1,1,0,1,1,1,0,1,0,1,0,0,1,1,1.1284923645723615,0.6913226781406935,0.0035659686558325962,0.038131613989117574,0.038131613989117574
31,0,0,0,0,1,1,0,0,0,0,0,0,0,0,0,1,0,0,0,-1.4856826095572444,0.7391329118702427,0.004945042598351195,0.05075440110013929,0.05075440110013929
13,0,1,0,1,1,1,0,1,0,1,1,1,0,0,0,0,0,0,0,-0.09965468303207525,0.8312566322761956,0.008894046614766308,0.0818402613059327,0.0818402613059327
28,0,0,0,1,1,1,0,1,0,0,0,0,0,0,1,0,0,0,0,-0.49518783232822666,0.7506071373425116,0.0053347764644180165,0.05414016114784159,0.05414016114784159
10,1,0,0,0,0,1,1,0,0,0,0,0,0,1,1,0,0,1,0,0.7196639833670958,0.8554585264638187,0.010313003097985489,0.09145336847937524,0.09145336847937524
38,0,1,0,1,0,1,0,0,0,0,0,0,0,0,0,0,1,0,0,-1.4757111856254088,0.7158758576100376,0.0042276442662364,0.04431696426317133,0.04431696426317133
1,1,0,0,0,0,1,0,1,0,0,0,0,0,0,0,0,0,0,1,-0.6480829992830416,0.9743124842439652,0.02235010364622835,0.1468274853100915,0.1468274853100915
67,1,1,0,1,0,1,1,0,0,1,1,0,1,1,1,1,0,1,0,1.3063160913567655,0.6502545080837984,0.0026497095459112013,0.029145652408135048,0.029145652408135048
52,0,1,0,1,0,1,0,1,1,1,0,0,1,1,0,1,0,0,1,0.3523832018778124,0.6796022882225629,0.00328157591746785,0.03539633014558485,0.03539633014558485
62,0,1,0,1,1,1,1,0,1,1,1,1,1,1,0,0,1,0,0,1.4409303144365486,0.6592190846564381,0.0028311702861325673,0.03096578220998969,0.03096578220998969
16,0,0,0,0,0,1,1,0,0,1,0,0,0,1,0,0,0,1,1,0.7130163674125386,0.8107173068575363,0.007832475449686212,0.07414442618478301,0.07414442618478301
5,1,0,1,1,0,1,1,0,0,1,0,0,0,0,1,0,0,1,1,0.5385164486054129,0.9085818526659613,0.014256987321705751,0.11453932573635439,0.11453932573635439
12,0,1,0,0,0,1,1,0,0,0,1,0,1,1,0,1,0,1,0,1.0271162212653648,0.8388580793219884,0.009318867014819062,0.08479678961103854,0.08479678961103854
72,0,0,0,1,1,1,1,0,1,1,1,1,1,1,1,0,1,0,1,1.730101608459785,0.6419575496164033,0.002490279067928491,0.027529416300707155,0.027529416300707155
71,0,1,1,0,0,1,1,0,0,1,0,1,1,1,1,1,0,0,0,1.3611589229818624,0.6435679119154606,0.0025205988088756303,0.02783802704790539,0.02783802704790539
24,0,0,0,1,0,1,0,0,0,0,0,0,0,0,0,1,0,0,0,-1.4840207055686052,0.7677256072562019,0.005964174846469762,0.05945002834593771,0.05945002834593771
15,0,0,0,0,0,1,0,0,0,0,0,0,0,0,0,0,1,0,0,-1.5023016494436374,0.817222359631732,0.00815567933565363,0.07653518145581295,0.07653518145581295
67,1,1,0,1,0,1,1,0,1,1,0,0,0,1,0,1,0,0,1,0.8576020144241567,0.6502545080837984,0.0026497095459112013,0.029145652408135048,0.029145652408135048
2,0,1,0,0,1,1,0,1,1,1,0,0,0,0,1,0,0,0,0,-0.12790705083894302,0.9544211124058478,0.01918286543259826,0.13658902706858933,0.13658902706858933
5,0,0,0,1,1,0,0,1,0,0,0,0,0,0,0,0,0,0,0,-1.3211541146819548,0.9085818526659613,0.014256987321705751,0.11453932573635439,0.11453932573635439
15,1,0,0,1,0,1,1,0,0,0,0,0,1,1,0,0,0,1,0,0.7761687189808318,0.817222359631732,0.00815567933565363,0.07653518145581295,0.07653518145581295
1,1,1,0,0,0,1,0,0,0,0,0,0,0,0,0,0,0,0,1,-1.4823588015799658,0.9743124842439652,0.02235010364622835,0.1468274853100915,0.1468274853100915
41,0,1,0,1,1,1,0,1,1,1,1,0,0,0,0,1,0,0,1,-0.149511802691254,0.7071206594283597,0.003981008341391358,0.042040010297382246,0.042040010297382246
43,0,0,0,0,1,1,0,1,1,1,0,0,0,1,0,0,0,1,1,-0.028192811520585514,0.7016186635948665,0.003832182002392298,0.04064972482294138,0.04064972482294138
1,0,1,1,1,0,1,1,0,0,0,0,0,0,0,1,0,0,1,0,0.3158213141277477,0.9743124842439652,0.02235010364622835,0.1468274853100915,0.1468274853100915
1,0,0,1,0,0,1,1,0,0,0,0,0,0,0,0,0,0,0,1,0.19284041896844,0.9743124842439652,0.02235010364622835,0.1468274853100915,0.1468274853100915
26,1,0,0,1,1,1,1,0,0,0,0,0,1,1,0,0,0,1,1,0.864249630378714,0.7588796606729277,0.005631521405658712,0.05666748667997901,0.05666748667997901
22,1,1,0,0,0,1,1,0,0,1,0,0,0,0,1,0,0,1,1,0.4836736169803161,0.7772239626242997,0.006339847981342745,0.0625297608539006,0.0625297608539006
71,0,1,0,1,0,1,0,1,1,1,1,1,1,1,1,0,1,0,0,0.8559401104355175,0.6435679119154606,0.0025205988088756303,0.02783802704790539,0.02783802704790539
7,0,1,0,0,0,1,0,0,0,0,0,0,0,0,0,0,1,0,0,-1.5072873614095552,0.8848383086630132,0.012329368360988486,0.10389128471090825,0.10389128471090825
28,0,0,1,0,0,1,0,1,0,1,1,1,0,0,1,0,0,0,0,-0.011573771634192596,0.7506071373425116,0.0053347764644180165,0.05414016114784159,0.05414016114784159
16,0,1,1,0,0,1,1,0,0,0,0,0,0,0,0,0,0,1,0,0.16126424318429386,0.8107173068575363,0.007832475449686212,0.07414442618478301,0.07414442618478301
7,0,1,0,0,0,1,0,0,0,0,0,0,0,0,0,1,0,0,0,-1.505625457420916,0.8848383086630132,0.012329368360988486,0.10389128471090825,0.10389128471090825
69,0,0,0,0,0,1,1,0,0,1,1,1,1,1,1,0,1,0,1,1.519039801902595,0.6468608243449303,0.002583528294433392,0.028476690845760766,0.028476690845760766
1,0,0,0,0,1,0,0,1,0,0,0,0,0,0,0,0,0,0,0,-1.3327874426024295,0.9743124842439652,0.02235010364622835,0.1468274853100915,0.1468274853100915
3,0,1,0,0,0,1,0,1,1,0,1,0,1,1,0,0,0,1,1,0.4188593614233841,0.9373188893787414,0.017092860770546496,0.12812771737333695,0.12812771737333695
21,1,1,1,0,0,1,1,0,0,0,1,0,1,1,0,0,0,0,1,1.063678109015429,0.7822470612896891,0.006546583090128551,0.06419686154369075,0.06419686154369075
69,0,0,0,1,0,1,1,0,0,1,1,0,0,0,1,0,0,0,1,0.6847639996056708,0.6468608243449303,0.002583528294433392,0.028476690845760766,0.028476690845760766
71,0,0,0,1,0,0,0,1,1,1,1,1,0,0,0,0,1,0,1,-0.571635415805634,0.6435679119154606,0.0025205988088756303,0.02783802704790539,0.02783802704790539
69,0,0,0,1,1,1,0,0,0,0,0,0,0,0,0,0,1,0,0,-1.5089492653981946,0.6468608243449303,0.002583528294433392,0.028476690845760766,0.028476690845760766
48,0,0,0,0,0,1,1,0,0,0,1,1,1,1,1,0,0,1,1,1.2980065714135691,0.6888828979881829,0.003505164885370563,0.03755076913789834,0.03755076913789834
47,1,1,0,1,0,1,1,0,0,1,1,0,0,0,1,0,0,0,1,0.6166259360714594,0.6913226781406935,0.0035659686558325962,0.038131613989117574,0.038131613989117574
2,1,0,0,0,0,1,0,1,0,0,0,0,0,0,1,0,0,1,1,-0.5118068722146196,0.9544211124058478,0.01918286543259826,0.13658902706858933,0.13658902706858933
45,0,1,0,0,0,1,1,0,1,0,1,1,1,1,1,0,0,0,1,1.4509017383683842,0.6963590108821652,0.0036942216775406023,0.039349803973645514,0.039349803973645514
51,0,1,0,0,0,1,1,0,0,1,0,0,0,0,1,0,0,0,0,0.5385164486054129,0.681854139199785,0.003334724055742794,0.03591111081215892,0.03591111081215892
22,1,0,0,1,0,1,0,1,1,0,0,1,1,1,1,0,0,1,1,0.4786879050143985,0.7772239626242997,0.006339847981342745,0.0625297608539006,0.0625297608539006
72,0,1,0,0,0,1,0,1,1,1,1,1,1,1,1,0,1,0,0,0.7263115993216531,0.6419575496164033,0.002490279067928491,0.027529416300707155,0.027529416300707155
37,0,1,0,1,1,1,1,0,0,1,1,0,1,0,1,0,0,1,1,0.9357115018902038,0.7189405920832638,0.0043169072108659315,0.0451328504105416,0.0451328504105416
71,0,1,0,1,1,1,0,1,1,1,1,1,1,1,1,0,1,1,0,0.8492924944809603,0.6435679119154606,0.0025205988088756303,0.02783802704790539,0.02783802704790539
7,1,1,0,1,1,1,0,1,0,0,1,0,0,0,0,0,0,1,0,-0.5350735280555695,0.8848383086630132,0.012329368360988486,0.10389128471090825,0.10389128471090825
66,0,0,0,0,0,1,0,0,0,0,0,0,0,0,1,0,1,0,1,-1.3178303067046762,0.6519909407703324,0.0026840999053434323,0.029492182160968494,0.029492182160968494
51,0,1,0,1,1,1,0,1,1,0,0,1,1,1,0,1,0,0,1,0.3856212816505982,0.681854139199785,0.003334724055742794,0.03591111081215892,0.03591111081215892
30,0,0,0,1,1,1,0,0,0,0,0,0,0,0,0,1,0,0,0,-1.5039635534322768,0.7428424163487329,0.0050683354621543905,0.051833777579476825,0.051833777579476825
34,0,0,0,0,0,1,1,0,0,0,0,0,1,0,1,0,0,1,0,0.6831020956170311,0.7286243341114813,0.004609291590527576,0.04777537654084685,0.04777537654084685
64,0,1,0,1,1,1,0,0,0,0,0,0,0,0,1,0,1,0,1,-1.3294636346251512,0.6555468612609421,0.002755656035094927,0.030210834407233156,0.030210834407233156
65,0,1,1,1,0,1,1,0,0,1,1,0,1,1,1,1,0,0,1,1.2747399155726193,0.6537547892731487,0.002719403042122667,0.02984713825493901,0.02984713825493901
47,0,1,0,0,0,1,1,0,1,1,0,1,1,0,1,0,0,0,0,1.194968524117933,0.6913226781406935,0.0035659686558325962,0.038131613989117574,0.038131613989117574
1,1,0,0,0,0,1,1,0,1,0,0,0,1,1,0,0,0,1,1,1.023792413288086,0.9743124842439652,0.02235010364622835,0.1468274853100915,0.1468274853100915
49,1,0,0,0,0,1,0,1,1,1,0,0,0,0,1,0,0,0,1,-0.16779274656628612,0.6864927538867036,0.0034464244917631367,0.03698759780359384,0.03698759780359384
67,0,0,0,1,1,1,1,0,0,1,0,1,1,0,1,0,1,0,0,0.9739352936289072,0.6502545080837984,0.0026497095459112013,0.029145652408135048,0.029145652408135048
39,0,1,0,0,1,1,0,0,0,0,0,0,0,0,0,1,0,0,0,-1.5106111693868338,0.7128864964214463,0.00414205349534239,0.043530572366621945,0.043530572366621945
14,0,1,0,0,0,1,0,0,0,0,0,0,0,0,0,0,0,0,0,-1.4923302255118018,0.8240576612486123,0.008508086494505379,0.07909398048302463,0.07909398048302463
43,1,0,1,0,0,1,1,0,1,1,0,1,1,1,0,0,0,0,1,1.4409303144365486,0.7016186635948665,0.003832182002392298,0.04064972482294138,0.04064972482294138
56,0,1,1,0,0,1,1,0,0,0,1,0,1,1,1,0,0,1,1,1.204939948049769,0.6710090587453561,0.003085072619735503,0.03347844798497823,0.03347844798497823
14,0,0,0,0,0,1,0,1,0,0,0,1,0,1,0,1,0,0,0,-0.18939749841859688,0.8240576612486123,0.008508086494505379,0.07909398048302463,0.07909398048302463
1,1,0,0,0,0,1,1,0,0,0,0,0,0,0,0,0,0,1,0,0.2177689787980294,0.9743124842439652,0.02235010364622835,0.1468274853100915,0.1468274853100915
16,0,1,0,1,1,1,0,1,1,1,0,0,0,0,0,1,0,0,1,-0.2974212576801508,0.8107173068575363,0.007832475449686212,0.07414442618478301,0.07414442618478301
70,0,1,0,1,1,1,1,0,1,1,0,0,1,1,1,0,0,1,1,1.371130346913698,0.6452021175658147,0.002551672337160255,0.02815370280249474,0.02815370280249474
72,0,1,1,1,0,1,0,1,1,1,1,0,1,1,1,0,1,0,1,0.6415544959010488,0.6419575496164033,0.002490279067928491,0.027529416300707155,0.027529416300707155
23,0,0,0,1,1,1,1,0,0,0,1,0,0,0,0,0,0,0,1,0.34905939390053353,0.7723876776489026,0.006146116983133188,0.060949762364490456,0.060949762364490456
21,0,1,0,0,1,1,0,0,0,0,0,0,0,0,1,0,0,0,0,-1.3327874426024295,0.7822470612896891,0.006546583090128551,0.06419686154369075,0.06419686154369075
1,1,0,0,0,0,1,0,0,0,0,0,0,0,0,0,0,0,0,1,-1.4840207055686052,0.9743124842439652,0.02235010364622835,0.1468274853100915,0.1468274853100915
1,1,1,0,0,1,1,1,0,0,0,0,0,0,0,0,0,0,0,0,0.16458805116157224,0.9743124842439652,0.02235010364622835,0.1468274853100915,0.1468274853100915
32,1,0,1,1,0,1,1,0,0,0,0,0,1,1,1,0,0,1,1,0.9440210218334002,0.7355303895625583,0.00482771692436557,0.04972004336955682,0.04972004336955682
17,1,1,0,1,1,1,1,0,0,0,0,0,1,0,0,0,0,1,0,0.5335307366394948,0.8045134998853144,0.007534869537132169,0.07190499047148602,0.07190499047148602
4,1,0,0,0,0,0,0,1,1,1,0,0,0,0,0,0,0,1,1,-1.0353066286359964,0.9221895280070969,0.015517187361763772,0.12087777811840728,0.12087777811840728
36,0,0,0,0,0,1,0,1,0,0,1,0,0,0,1,1,0,1,0,-0.2990831616687903,0.7220842981429184,0.004410087057617903,0.045979950318991825,0.045979950318991825
50,0,0,0,0,0,0,0,1,0,1,1,1,0,0,0,0,1,0,0,-0.834216246010642,0.6841504128114664,0.003389643293482253,0.03644129666249096,0.03644129666249096
48,0,0,0,1,1,0,0,1,0,0,0,1,0,0,0,0,0,0,1,-1.1732446596930577,0.6888828979881829,0.003505164885370563,0.03755076913789834,0.03755076913789834
50,0,0,0,0,1,1,0,0,0,0,0,0,0,0,0,0,1,0,0,-1.4840207055686052,0.6841504128114664,0.003389643293482253,0.03644129666249096,0.03644129666249096
72,0,1,0,1,0,1,0,1,1,1,1,1,0,1,1,0,1,0,0,0.49032123293487334,0.6419575496164033,0.002490279067928491,0.027529416300707155,0.027529416300707155
10,0,1,0,0,1,1,0,0,0,0,0,0,0,0,1,0,0,0,0,-1.3294636346251512,0.8554585264638187,0.010313003097985489,0.09145336847937524,0.09145336847937524
18,0,0,0,0,0,1,0,0,0,0,0,0,0,0,0,0,0,0,0,-1.5006397454549982,0.798585597100695,0.007259843514731271,0.06980238681281059,0.06980238681281059
1,1,1,0,0,0,1,1,0,0,0,0,0,1,0,0,0,0,1,1,0.5036164648439879,0.9743124842439652,0.02235010364622835,0.1468274853100915,0.1468274853100915
1,1,0,0,0,0,1,0,0,0,0,0,0,0,0,0,0,0,1,0,-1.5122730733754732,0.9743124842439652,0.02235010364622835,0.1468274853100915,0.1468274853100915
9,0,1,0,0,0,1,1,0,0,0,1,0,1,1,0,0,0,1,1,0.972273389640268,0.8645756330248363,0.010901071741709328,0.09522425637547682,0.09522425637547682
2,0,1,0,0,0,1,1,0,1,0,0,0,0,1,1,0,0,0,0,0.8625877263900749,0.9544211124058478,0.01918286543259826,0.13658902706858933,0.13658902706858933
40,0,0,0,1,0,1,1,0,0,0,0,1,0,0,1,0,0,0,1,0.4670545770939232,0.7099691459680679,0.004059910336396862,0.04277208089669704,0.04277208089669704
69,0,1,0,1,0,1,1,0,0,0,1,0,1,1,1,1,0,0,0,1.1534209244019509,0.6468608243449303,0.002583528294433392,0.028476690845760766,0.028476690845760766
37,1,0,0,1,0,1,1,0,1,0,1,1,0,1,1,1,0,1,1,1.1434495004701153,0.7189405920832638,0.0043169072108659315,0.0451328504105416,0.0451328504105416
18,0,1,0,0,1,1,1,0,0,0,1,0,0,0,1,0,0,0,1,0.5235593127076592,0.798585597100695,0.007259843514731271,0.06980238681281059,0.06980238681281059
11,0,1,1,1,0,1,1,0,0,0,0,0,0,0,0,0,0,1,1,0.17954518705932596,0.8469074549655476,0.009789108115316166,0.08799046091721618,0.08799046091721618
8,1,0,0,1,0,1,1,0,0,0,0,0,0,1,1,0,0,0,1,0.6781163836511135,0.8743368175545859,0.01156705087089483,0.09935054964947354,0.09935054964947354
3,1,0,0,0,0,1,1,0,0,0,0,0,0,0,1,0,0,1,0,0.34739748991189434,0.9373188893787414,0.017092860770546496,0.12812771737333695,0.12812771737333695
55,0,1,0,1,1,1,0,1,1,0,0,0,0,1,0,1,0,0,0,-0.1777641704981218,0.6730980579890953,0.0031319345818057722,0.033937922764987416,0.033937922764987416
33,0,1,0,1,0,1,1,0,0,1,1,0,0,1,1,0,0,1,1,0.9490067337993178,0.732029255003116,0.004715929386838689,0.04872789424351476,0.04872789424351476
46,0,0,0,0,0,1,0,1,0,0,0,0,0,0,0,0,0,0,0,-0.6597163272035164,0.6938140321924815,0.003628947567853564,0.038730988089776375,0.038730988089776375
34,0,1,0,0,0,1,0,0,0,0,0,0,0,0,1,0,1,0,0,-1.2862541309205295,0.7286243341114813,0.004609291590527576,0.04777537654084685,0.04777537654084685
3,0,0,0,0,0,1,0,0,0,0,0,0,0,0,0,0,0,1,0,-1.4823588015799658,0.9373188893787414,0.017092860770546496,0.12812771737333695,0.12812771737333695
30,0,1,0,1,1,1,0,0,0,0,0,0,0,0,0,0,1,0,0,-1.4474588178185408,0.7428424163487329,0.0050683354621543905,0.051833777579476825,0.051833777579476825
33,0,0,0,0,0,1,0,1,1,0,0,1,0,0,1,1,0,1,0,-0.1794260744867612,0.732029255003116,0.004715929386838689,0.04872789424351476,0.04872789424351476
45,0,1,0,1,1,1,1,0,0,1,1,0,0,1,1,1,0,0,1,1.0038495654244146,0.6963590108821652,0.0036942216775406023,0.039349803973645514,0.039349803973645514
40,0,1,0,0,0,1,0,1,1,1,0,1,0,0,0,0,0,0,1,-0.09633087505479662,0.7099691459680679,0.004059910336396862,0.04277208089669704,0.04277208089669704
71,0,0,0,0,0,1,1,0,1,1,1,1,1,1,1,0,1,1,1,1.7899301520507997,0.6435679119154606,0.0025205988088756303,0.02783802704790539,0.02783802704790539
1,1,1,0,0,0,1,0,1,0,0,1,0,0,0,1,0,0,1,0,-0.3472783773393296,0.9743124842439652,0.02235010364622835,0.1468274853100915,0.1468274853100915
72,0,0,0,1,1,0,0,1,1,1,1,1,1,1,0,0,1,0,0,-0.011573771634192596,0.6419575496164033,0.002490279067928491,0.027529416300707155,0.027529416300707155
22,0,0,0,1,1,1,1,0,0,0,0,0,0,1,0,0,0,1,1,0.5102640807985451,0.7772239626242997,0.006339847981342745,0.0625297608539006,0.0625297608539006
46,0,1,0,1,1,1,0,0,0,0,0,0,0,0,0,1,0,0,1,-1.4823588015799658,0.6938140321924815,0.003628947567853564,0.038730988089776375,0.038730988089776375
55,0,0,0,1,1,1,0,0,0,0,0,0,0,0,0,0,1,0,0,-1.4557683377617372,0.6730980579890953,0.0031319345818057722,0.033937922764987416,0.033937922764987416
1,0,1,0,0,0,1,0,0,0,0,0,0,0,0,0,0,0,0,0,-1.4740492816367694,0.9743124842439652,0.02235010364622835,0.1468274853100915,0.1468274853100915
12,0,0,0,0,0,1,0,1,0,0,0,1,1,1,1,1,0,0,1,0.3673403377755657,0.8388580793219884,0.009318867014819062,0.08479678961103854,0.08479678961103854
31,0,1,0,0,0,1,1,0,0,1,0,0,0,0,1,0,0,1,1,0.5202355047303808,0.7391329118702427,0.004945042598351195,0.05075440110013929,0.05075440110013929
5,1,1,0,1,0,0,0,1,0,0,0,0,0,0,0,0,0,1,1,-1.3244779226592331,0.9085818526659613,0.014256987321705751,0.11453932573635439,0.11453932573635439
67,0,0,0,1,1,1,0,1,1,0,0,0,1,1,1,0,1,1,1,0.3557070098550908,0.6502545080837984,0.0026497095459112013,0.029145652408135048,0.029145652408135048
1,0,1,0,0,0,1,0,1,0,0,0,0,0,0,0,0,0,0,0,-0.6763353670899094,0.9743124842439652,0.02235010364622835,0.1468274853100915,0.1468274853100915
40,1,1,0,1,0,0,0,1,1,1,1,0,0,0,0,1,0,1,1,-0.7461353346127596,0.7099691459680679,0.004059910336396862,0.04277208089669704,0.04277208089669704
41,0,1,0,1,1,1,0,1,1,1,1,0,1,0,1,0,0,0,1,0.3241308340709442,0.7071206594283597,0.003981008341391358,0.042040010297382246,0.042040010297382246
1,1,1,0,0,0,1,1,0,0,0,0,0,0,0,1,0,0,1,1,0.34905939390053353,0.9743124842439652,0.02235010364622835,0.1468274853100915,0.1468274853100915
51,1,1,0,0,0,1,1,0,1,1,0,0,1,0,1,1,0,1,1,0.9972019494698574,0.681854139199785,0.003334724055742794,0.03591111081215892,0.03591111081215892
42,0,1,0,1,1,0,0,1,1,0,1,1,1,0,0,0,1,0,0,-0.5533544719306018,0.7043380877631116,0.0039051573709433167,0.0413329850998293,0.0413329850998293
23,0,1,0,1,1,1,0,0,0,0,0,0,0,0,0,1,0,0,0,-1.5006397454549982,0.7723876776489026,0.006146116983133188,0.060949762364490456,0.060949762364490456
1,1,0,1,0,0,1,1,0,0,0,0,0,0,0,0,0,0,1,1,0.19117851497980082,0.9743124842439652,0.02235010364622835,0.1468274853100915,0.1468274853100915
1,0,0,0,0,0,1,0,0,0,0,0,0,0,0,0,0,0,0,0,-1.4840207055686052,0.9743124842439652,0.02235010364622835,0.1468274853100915,0.1468274853100915
56,0,0,0,0,0,1,1,0,1,1,0,0,1,1,1,0,0,0,1,1.3894112907887302,0.6710090587453561,0.003085072619735503,0.03347844798497823,0.03347844798497823
15,0,1,0,0,1,1,1,0,0,1,0,0,1,0,1,0,0,1,1,0.8708972463332713,0.817222359631732,0.00815567933565363,0.07653518145581295,0.07653518145581295
12,0,1,0,1,1,1,0,0,0,0,0,0,0,0,1,0,1,0,1,-1.3095207867614798,0.8388580793219884,0.009318867014819062,0.08479678961103854,0.08479678961103854
54,0,0,0,1,1,1,0,1,1,0,1,1,0,1,0,0,1,0,0,0.1712356671161295,0.6752256920763566,0.003180258311786613,0.03441034838970081,0.03441034838970081
7,0,0,0,0,0,1,0,1,0,0,0,0,1,1,0,0,0,1,1,0.06819761982049313,0.8848383086630132,0.012329368360988486,0.10389128471090825,0.10389128471090825
33,1,0,0,1,1,1,1,0,0,0,0,0,0,1,1,0,0,0,0,0.7096925594352601,0.732029255003116,0.004715929386838689,0.04872789424351476,0.04872789424351476
16,0,1,0,1,1,1,0,0,0,0,0,0,0,0,0,0,0,1,0,-1.4840207055686052,0.8107173068575363,0.007832475449686212,0.07414442618478301,0.07414442618478301
21,0,0,0,0,1,1,0,1,1,0,1,0,0,1,0,1,0,0,0,0.0017214602749214547,0.7822470612896891,0.006546583090128551,0.06419686154369075,0.06419686154369075
30,0,1,1,1,0,1,0,1,0,0,1,0,1,1,1,0,1,1,0,0.3341022580027798,0.7428424163487329,0.0050683354621543905,0.051833777579476825,0.051833777579476825
3,0,1,0,0,0,1,0,1,0,0,0,1,0,0,0,0,0,0,1,-0.4752449844645551,0.9373188893787414,0.017092860770546496,0.12812771737333695,0.12812771737333695
11,0,1,0,0,0,1,1,0,0,0,1,0,0,0,0,0,0,1,0,0.26928800244584783,0.8469074549655476,0.009789108115316166,0.08799046091721618,0.08799046091721618
62,0,0,0,0,0,1,1,0,1,1,1,1,1,1,1,1,0,0,1,1.6702730648687705,0.6592190846564381,0.0028311702861325673,0.03096578220998969,0.03096578220998969
18,0,1,0,0,0,1,0,0,0,0,0,0,0,0,0,0,0,1,0,-1.522244497307309,0.798585597100695,0.007259843514731271,0.06980238681281059,0.06980238681281059
6,0,1,0,0,1,1,0,0,0,0,0,0,0,0,0,0,0,0,0,-1.5039635534322768,0.8962011910421149,0.01321361285882388,0.10892151775419001,0.10892151775419001
46,0,0,0,0,0,1,1,0,0,0,1,0,1,1,1,1,0,1,1,1.206601852038408,0.6938140321924815,0.003628947567853564,0.038730988089776375,0.038730988089776375
21,0,1,0,0,0,1,1,0,0,0,0,0,0,1,1,0,0,1,1,0.6415544959010488,0.7822470612896891,0.006546583090128551,0.06419686154369075,0.06419686154369075
68,0,1,0,0,0,1,0,0,0,0,0,0,0,0,1,0,1,0,1,-1.351068386477462,0.6485447168747005,0.0026161967996319807,0.028807250213664037,0.028807250213664037
1,0,0,0,0,0,1,0,1,0,0,0,0,0,0,1,0,0,1,1,-0.4885402163736694,0.9743124842439652,0.02235010364622835,0.1468274853100915,0.1468274853100915
25,0,0,0,1,0,1,1,0,0,0,1,0,0,0,0,0,0,1,1,0.32579273805958336,0.7632263722784222,0.005792955912006608,0.05802443652851541,0.05802443652851541
24,0,0,0,0,1,1,0,0,0,0,0,0,0,0,0,0,1,0,0,-1.4973159374777196,0.7677256072562019,0.005964174846469762,0.05945002834593771,0.05945002834593771
30,1,0,0,1,0,1,1,0,0,0,0,0,0,1,1,0,0,1,1,0.6714687676965563,0.7428424163487329,0.0050683354621543905,0.051833777579476825,0.051833777579476825
2,1,0,0,0,0,1,1,0,0,0,0,0,0,1,0,0,0,1,0,0.5235593127076592,0.9544211124058478,0.01918286543259826,0.13658902706858933,0.13658902706858933
51,0,1,0,1,0,1,1,0,0,1,1,0,1,1,1,1,0,0,1,1.3960589067432874,0.681854139199785,0.003334724055742794,0.03591111081215892,0.03591111081215892
57,0,0,0,1,1,1,0,1,1,0,1,1,1,1,1,0,1,1,1,0.6548497278101634,0.6689574203086703,0.003039606595789443,0.03303139376725084,0.03303139376725084
15,0,0,0,0,0,1,0,0,0,0,0,0,0,0,1,0,1,0,0,-1.3211541146819548,0.817222359631732,0.00815567933565363,0.07653518145581295,0.07653518145581295
72,0,0,0,1,1,1,0,1,1,1,1,1,1,1,0,0,1,0,1,0.6282592639919348,0.6419575496164033,0.002490279067928491,0.027529416300707155,0.027529416300707155
2,1,0,0,0,0,1,1,0,0,0,1,0,0,0,0,0,0,1,1,0.36567843378692644,0.9544211124058478,0.01918286543259826,0.13658902706858933,0.13658902706858933
28,0,1,0,1,0,1,1,0,0,1,1,0,1,0,1,0,0,0,0,1.0570304930608718,0.7506071373425116,0.0053347764644180165,0.05414016114784159,0.05414016114784159
29,1,1,1,1,0,1,1,0,0,0,1,0,1,1,1,0,0,1,1,1.120182844629165,0.746664964341879,0.005198070769814978,0.05296124339833497,0.05296124339833497
70,0,1,0,1,1,1,1,0,1,1,1,1,1,0,0,0,1,0,1,1.206601852038408,0.6452021175658147,0.002551672337160255,0.02815370280249474,0.02815370280249474
13,0,0,0,0,0,1,0,0,0,0,0,0,0,0,0,1,0,0,0,-1.4823588015799658,0.8312566322761956,0.008894046614766308,0.0818402613059327,0.0818402613059327
59,0,0,1,1,0,1,1,0,1,1,1,1,0,0,1,1,0,1,1,0.972273389640268,0.6649614286359096,0.0029526183444970946,0.03217256791019485,0.03217256791019485
13,1,1,1,1,0,1,1,0,0,0,0,0,1,1,1,0,0,1,1,1.012159085367611,0.8312566322761956,0.008894046614766308,0.0818402613059327,0.0818402613059327
7,1,1,1,1,0,1,1,0,0,0,0,0,0,0,1,0,0,0,1,0.31914512210502655,0.8848383086630132,0.012329368360988486,0.10389128471090825,0.10389128471090825
62,0,0,0,1,0,1,0,1,1,0,1,1,1,1,0,0,1,0,0,0.5385164486054129,0.6592190846564381,0.0028311702861325673,0.03096578220998969,0.03096578220998969
21,0,0,0,0,0,1,0,1,1,0,1,1,0,0,0,1,0,1,1,-0.15117370667989322,0.7822470612896891,0.006546583090128551,0.06419686154369075,0.06419686154369075
2,0,0,0,0,0,1,0,1,0,0,1,0,0,1,0,0,0,1,0,-0.13123085881622165,0.9544211124058478,0.01918286543259826,0.13658902706858933,0.13658902706858933
1,0,0,0,0,0,1,0,1,0,0,0,0,0,0,0,0,0,0,0,-0.6929544069763023,0.9743124842439652,0.02235010364622835,0.1468274853100915,0.1468274853100915
4,0,1,0,0,0,1,1,0,0,0,1,0,0,1,0,0,0,1,0,0.7063687514579813,0.9221895280070969,0.015517187361763772,0.12087777811840728,0.12087777811840728
19,0,0,0,0,0,1,0,0,0,0,0,0,0,0,0,1,0,0,0,-1.4806968975913266,0.7929113200145855,0.0070048485392757275,0.06782398836650938,0.06782398836650938
30,1,0,0,0,0,1,1,0,0,0,0,1,1,0,0,0,0,1,0,0.6764544796624743,0.7428424163487329,0.0050683354621543905,0.051833777579476825,0.051833777579476825
67,0,1,0,1,1,1,0,0,0,0,0,0,0,0,0,0,1,0,1,-1.5089492653981946,0.6502545080837984,0.0026497095459112013,0.029145652408135048,0.029145652408135048
72,0,1,1,1,0,1,1,0,1,1,1,0,0,1,1,0,1,0,1,1.2581208756862265,0.6419575496164033,0.002490279067928491,0.027529416300707155,0.027529416300707155
53,0,1,0,1,0,1,0,0,0,0,0,0,0,0,0,0,1,0,0,-1.4923302255118018,0.6773932996244997,0.003230113874366814,0.03489628604896822,0.03489628604896822
5,0,0,0,0,0,1,0,0,0,0,0,0,0,0,0,1,0,1,0,-1.5039635534322768,0.9085818526659613,0.014256987321705751,0.11453932573635439,0.11453932573635439
71,0,1,1,1,0,1,1,0,0,1,1,1,0,1,0,0,1,0,1,1.0204686053108076,0.6435679119154606,0.0025205988088756303,0.02783802704790539,0.02783802704790539
50,0,0,0,1,1,1,0,1,0,1,1,1,1,1,1,1,0,0,1,0.6432163998896885,0.6841504128114664,0.003389643293482253,0.03644129666249096,0.03644129666249096
56,0,1,0,1,1,1,1,0,0,0,1,1,1,1,1,0,1,1,1,1.2764018195612585,0.6710090587453561,0.003085072619735503,0.03347844798497823,0.03347844798497823
2,0,1,0,0,0,1,0,1,0,0,0,1,0,0,0,0,0,0,1,-0.4852164083963908,0.9544211124058478,0.01918286543259826,0.13658902706858933,0.13658902706858933
2,1,0,1,0,0,1,1,0,0,0,1,0,0,1,1,0,0,1,1,0.7894639508899459,0.9544211124058478,0.01918286543259826,0.13658902706858933,0.13658902706858933
24,1,1,0,1,1,1,0,1,1,0,0,0,0,0,1,0,0,1,0,-0.3339831454302153,0.7677256072562019,0.005964174846469762,0.05945002834593771,0.05945002834593771
46,0,1,0,1,1,1,0,0,0,0,0,0,0,0,0,0,1,0,0,-1.4906683215231624,0.6938140321924815,0.003628947567853564,0.038730988089776375,0.038730988089776375
71,0,1,0,1,0,1,1,0,1,1,1,1,1,1,1,0,1,1,1,1.7101587605961137,0.6435679119154606,0.0025205988088756303,0.02783802704790539,0.02783802704790539
29,0,0,0,0,0,0,0,1,0,0,0,1,0,0,0,0,0,1,1,-1.1167399240793217,0.746664964341879,0.005198070769814978,0.05296124339833497,0.05296124339833497
69,0,1,0,1,1,1,0,0,0,0,0,0,0,0,1,0,1,0,0,-1.3410969625456262,0.6468608243449303,0.002583528294433392,0.028476690845760766,0.028476690845760766
71,0,1,0,1,0,1,0,1,0,1,1,1,1,1,1,0,1,0,0,0.6448783038783277,0.6435679119154606,0.0025205988088756303,0.02783802704790539,0.02783802704790539
1,1,0,1,0,0,1,1,0,0,0,0,0,1,1,0,0,0,1,1,0.880868670265107,0.9743124842439652,0.02235010364622835,0.1468274853100915,0.1468274853100915
56,0,1,1,1,0,1,0,1,1,1,1,1,1,1,0,0,1,0,1,0.6930735195488672,0.6710090587453561,0.003085072619735503,0.03347844798497823,0.03347844798497823
56,0,1,0,0,1,1,0,0,0,0,0,0,0,0,0,1,0,0,1,-1.44912072180718,0.6710090587453561,0.003085072619735503,0.03347844798497823,0.03347844798497823
1,1,1,0,0,0,1,1,0,0,0,0,0,1,0,0,0,0,1,1,0.48865932894623415,0.9743124842439652,0.02235010364622835,0.1468274853100915,0.1468274853100915
28,0,0,0,1,0,1,0,0,0,0,0,0,0,0,1,1,0,0,0,-1.3045350747955617,0.7506071373425116,0.0053347764644180165,0.05414016114784159,0.05414016114784159
19,0,0,0,1,1,1,0,0,0,0,0,0,0,0,0,0,0,0,0,-1.4823588015799658,0.7929113200145855,0.0070048485392757275,0.06782398836650938,0.06782398836650938
66,0,1,0,1,0,1,0,1,0,0,0,1,0,1,1,0,0,1,0,-0.03151661949786415,0.6519909407703324,0.0026840999053434323,0.029492182160968494,0.029492182160968494
17,0,0,0,1,1,1,0,1,0,0,1,1,0,0,1,1,0,0,1,-0.09466897106615718,0.8045134998853144,0.007534869537132169,0.07190499047148602,0.07190499047148602
52,0,1,0,1,1,1,0,0,0,0,0,0,0,0,1,0,1,0,0,-1.2978874588410045,0.6796022882225629,0.00328157591746785,0.03539633014558485,0.03539633014558485
19,0,0,0,0,0,1,0,1,0,1,0,0,1,0,0,1,0,1,0,-0.21931177021410408,0.7929113200145855,0.0070048485392757275,0.06782398836650938,0.06782398836650938
36,0,0,0,0,0,1,0,1,1,1,1,1,1,1,0,1,0,0,0,0.6997211355034241,0.7220842981429184,0.004410087057617903,0.045979950318991825,0.045979950318991825
7,1,1,1,1,0,1,1,0,0,0,0,0,0,0,0,0,0,0,1,0.1762213790820471,0.8848383086630132,0.012329368360988486,0.10389128471090825,0.10389128471090825
72,0,1,0,1,1,1,1,0,1,1,1,1,0,1,1,1,0,0,1,1.3329065551749946,0.6419575496164033,0.002490279067928491,0.027529416300707155,0.027529416300707155
67,1,1,0,1,1,1,1,0,1,1,1,0,1,1,1,1,0,1,1,1.5456302657208236,0.6502545080837984,0.0026497095459112013,0.029145652408135048,0.029145652408135048
34,0,1,1,0,0,1,1,0,0,1,1,0,1,1,0,1,0,1,1,1.1650542523224257,0.7286243341114813,0.004609291590527576,0.04777537654084685,0.04777537654084685
57,1,1,1,1,0,1,1,0,0,1,1,0,0,1,1,0,0,0,1,1.012159085367611,0.6689574203086703,0.003039606595789443,0.03303139376725084,0.03303139376725084
7,1,0,0,1,0,1,1,0,0,0,1,0,1,0,0,0,0,1,1,0.7130163674125386,0.8848383086630132,0.012329368360988486,0.10389128471090825,0.10389128471090825
1,1,0,1,1,0,1,1,0,0,0,1,0,1,1,1,0,0,1,1,1.1966304281065723,0.9743124842439652,0.02235010364622835,0.1468274853100915,0.1468274853100915
8,0,1,0,1,0,1,0,0,0,0,0,0,0,0,0,0,0,0,1,-1.5039635534322768,0.8743368175545859,0.01156705087089483,0.09935054964947354,0.09935054964947354
69,0,0,0,0,0,1,1,0,0,0,1,1,1,1,1,0,1,1,0,1.3029922833794871,0.6468608243449303,0.002583528294433392,0.028476690845760766,0.028476690845760766
50,0,0,0,1,0,1,1,0,1,0,1,0,1,1,1,1,0,0,1,1.3162875152886018,0.6841504128114664,0.003389643293482253,0.03644129666249096,0.03644129666249096
10,0,1,0,0,0,1,0,0,0,0,0,0,0,0,0,1,0,0,0,-1.505625457420916,0.8554585264638187,0.010313003097985489,0.09145336847937524,0.09145336847937524
12,0,0,0,1,1,1,0,0,0,0,0,0,0,0,1,0,1,0,0,-1.3145064987273976,0.8388580793219884,0.009318867014819062,0.08479678961103854,0.08479678961103854
14,1,0,0,0,0,1,1,0,0,1,0,0,0,1,0,0,0,1,1,0.7146782714011778,0.8240576612486123,0.008508086494505379,0.07909398048302463,0.07909398048302463
70,0,0,0,1,0,0,0,1,1,0,1,1,0,1,0,0,1,0,1,-0.49684973631686585,0.6452021175658147,0.002551672337160255,0.02815370280249474,0.02815370280249474
64,0,0,1,0,0,1,1,0,1,0,1,1,1,1,1,0,0,0,1,1.4675207782547772,0.6555468612609421,0.002755656035094927,0.030210834407233156,0.030210834407233156
66,0,0,0,1,1,1,0,1,1,1,1,1,1,1,1,0,1,0,0,0.8343353585832071,0.6519909407703324,0.0026840999053434323,0.029492182160968494,0.029492182160968494
71,0,0,0,1,1,1,0,1,1,0,1,1,1,1,0,0,1,0,1,0.5717545283781987,0.6435679119154606,0.0025205988088756303,0.02783802704790539,0.02783802704790539
20,0,1,1,0,0,1,1,0,0,0,0,0,1,1,0,0,0,1,0,0.8359972625718463,0.7874709741517664,0.006767715032425889,0.0659587290124013,0.0659587290124013
72,0,1,0,1,0,1,0,1,1,1,0,1,1,1,0,0,1,0,1,0.4836736169803161,0.6419575496164033,0.002490279067928491,0.027529416300707155,0.027529416300707155
71,0,0,0,1,1,1,0,1,1,1,1,1,0,0,0,0,1,0,0,-0.02486900354330712,0.6435679119154606,0.0025205988088756303,0.02783802704790539,0.02783802704790539
38,0,1,0,1,1,1,1,0,0,0,1,0,1,1,1,0,0,0,1,1.2082637560270477,0.7158758576100376,0.0042276442662364,0.04431696426317133,0.04431696426317133
28,1,0,0,0,0,1,1,0,0,1,0,0,0,1,1,0,0,1,1,0.8359972625718463,0.7506071373425116,0.0053347764644180165,0.05414016114784159,0.05414016114784159
17,1,1,1,1,0,1,1,0,0,1,0,0,0,0,0,0,0,1,1,0.38728318563923747,0.8045134998853144,0.007534869537132169,0.07190499047148602,0.07190499047148602
33,0,1,0,0,0,0,0,1,0,1,0,0,1,0,0,1,0,1,1,-0.8541590938743137,0.732029255003116,0.004715929386838689,0.04872789424351476,0.04872789424351476
23,0,0,0,1,1,0,0,1,1,0,0,1,0,0,0,0,1,0,0,-1.0037304528518498,0.7723876776489026,0.006146116983133188,0.060949762364490456,0.060949762364490456
58,0,1,0,1,1,1,0,0,0,0,0,0,0,0,0,1,0,1,1,-1.5039635534322768,0.6669419291751147,0.0029954745981990286,0.0325962586220786,0.0325962586220786
70,0,0,1,1,0,1,1,0,0,1,0,1,1,1,1,0,1,0,1,1.317949419277241,0.6452021175658147,0.002551672337160255,0.02815370280249474,0.02815370280249474
4,0,1,0,1,0,1,1,0,0,0,0,0,0,0,0,0,0,1,0,0.18951661099116163,0.9221895280070969,0.015517187361763772,0.12087777811840728,0.12087777811840728
45,0,1,0,1,1,1,0,0,0,0,0,0,0,0,0,0,1,0,0,-1.477373089614048,0.6963590108821652,0.0036942216775406023,0.039349803973645514,0.039349803973645514
10,1,1,0,0,0,1,1,0,0,0,0,0,0,0,0,0,0,1,1,0.1728975711047687,0.8554585264638187,0.010313003097985489,0.09145336847937524,0.09145336847937524
36,0,1,0,1,1,1,0,0,0,0,0,0,0,0,0,0,1,0,0,-1.5072873614095552,0.7220842981429184,0.004410087057617903,0.045979950318991825,0.045979950318991825
54,0,1,0,0,0,1,0,1,1,1,0,1,1,0,0,0,0,0,1,0.1695737631274903,0.6752256920763566,0.003180258311786613,0.03441034838970081,0.03441034838970081
23,0,1,0,1,1,1,0,1,0,1,0,1,0,0,1,0,1,0,0,-0.1694546505549253,0.7723876776489026,0.006146116983133188,0.060949762364490456,0.060949762364490456
41,0,0,0,1,1,1,0,1,1,1,1,0,1,0,1,1,0,0,1,0.45043553720753027,0.7071206594283597,0.003981008341391358,0.042040010297382246,0.042040010297382246
5,0,1,1,0,0,1,1,0,0,0,0,0,0,0,0,0,0,0,1,0.22109278677530825,0.9085818526659613,0.014256987321705751,0.11453932573635439,0.11453932573635439
27,0,1,0,1,1,0,0,1,0,1,1,0,0,1,0,1,0,0,1,-0.6298020554080092,0.7546760980475697,0.005479040808994945,0.05537422178102336,0.05537422178102336
1,0,0,0,0,0,1,1,0,0,0,0,1,1,1,0,0,0,1,1,1.0321019332312824,0.9743124842439652,0.02235010364622835,0.1468274853100915,0.1468274853100915
67,0,0,0,1,1,0,0,1,1,0,0,1,0,0,0,0,1,0,0,-0.9671685651017854,0.6502545080837984,0.0026497095459112013,0.029145652408135048,0.029145652408135048
72,0,0,1,1,1,1,0,1,1,1,1,1,1,1,1,0,1,0,1,0.8227020306627317,0.6419575496164033,0.002490279067928491,0.027529416300707155,0.027529416300707155
56,0,0,0,1,1,1,0,0,0,0,0,0,0,0,1,0,1,0,1,-1.3244779226592331,0.6710090587453561,0.003085072619735503,0.03347844798497823,0.03347844798497823
44,0,1,0,1,1,1,0,0,0,0,0,0,0,0,1,1,0,1,0,-1.3278017306365117,0.6989597866938809,0.0037619201221218337,0.03998903582240876,0.03998903582240876
66,0,0,1,1,0,1,1,0,0,1,0,0,1,1,1,0,0,1,1,1.1966304281065723,0.6519909407703324,0.0026840999053434323,0.029492182160968494,0.029492182160968494
34,1,0,0,0,0,1,0,1,1,1,0,1,0,0,1,1,0,0,1,-0.013235675622831794,0.7286243341114813,0.004609291590527576,0.04777537654084685,0.04777537654084685
69,0,0,0,1,0,1,1,0,0,0,1,1,1,1,1,0,1,0,0,1.347863691072748,0.6468608243449303,0.002583528294433392,0.028476690845760766,0.028476690845760766
1,1,0,0,1,1,1,1,0,1,0,1,0,1,1,1,0,0,1,1,1.2514732597316691,0.9743124842439652,0.02235010364622835,0.1468274853100915,0.1468274853100915
40,0,0,0,0,0,1,0,0,0,0,0,0,0,0,0,0,1,0,0,-1.5006397454549982,0.7099691459680679,0.004059910336396862,0.04277208089669704,0.04277208089669704
30,0,1,0,1,1,1,0,1,1,0,0,0,0,0,1,0,0,0,1,-0.343954569362051,0.7428424163487329,0.0050683354621543905,0.051833777579476825,0.051833777579476825
11,0,0,0,0,0,1,0,1,0,0,0,1,1,1,0,0,0,0,0,0.18951661099116163,0.8469074549655476,0.009789108115316166,0.08799046091721618,0.08799046091721618
15,0,0,0,0,0,1,0,0,0,0,0,0,0,0,0,1,0,0,0,-1.4856826095572444,0.817222359631732,0.00815567933565363,0.07653518145581295,0.07653518145581295
11,0,1,0,0,0,1,0,1,0,0,1,0,1,1,0,0,0,1,1,0.15129281925245772,0.8469074549655476,0.009789108115316166,0.08799046091721618,0.08799046091721618
64,0,0,0,1,1,1,0,0,0,0,0,0,0,0,0,1,0,0,0,-1.4956540334890804,0.6555468612609421,0.002755656035094927,0.030210834407233156,0.030210834407233156
72,0,1,1,1,0,1,0,1,1,1,1,1,1,0,0,0,1,0,0,0.31914512210502655,0.6419575496164033,0.002490279067928491,0.027529416300707155,0.027529416300707155
72,0,1,1,1,0,1,1,0,1,1,1,1,0,0,1,0,1,0,1,0.9390353098674822,0.6419575496164033,0.002490279067928491,0.027529416300707155,0.027529416300707155
1,0,0,0,0,1,1,0,1,1,0,0,0,0,0,0,0,0,0,0,-0.45197832862360493,0.9743124842439652,0.02235010364622835,0.1468274853100915,0.1468274853100915
15,0,0,0,0,1,1,0,1,1,1,1,1,0,0,0,1,0,0,0,0.026650020104510834,0.817222359631732,0.00815567933565363,0.07653518145581295,0.07653518145581295
60,0,0,0,0,0,1,0,1,0,0,1,1,1,1,1,1,0,0,0,0.5235593127076592,0.6630148153227823,0.0029109829180785306,0.031759872056746574,0.031759872056746574
56,0,1,0,0,0,1,0,1,1,0,1,0,0,0,0,1,0,0,0,-0.40212120896442616,0.6710090587453561,0.003085072619735503,0.03347844798497823,0.03347844798497823
8,0,0,0,0,0,1,0,0,0,0,0,0,0,0,0,0,1,0,0,-1.4607540497276552,0.8743368175545859,0.01156705087089483,0.09935054964947354,0.09935054964947354
3,1,0,0,0,0,1,1,0,0,0,1,1,0,0,0,0,0,0,0,0.5086021768099055,0.9373188893787414,0.017092860770546496,0.12812771737333695,0.12812771737333695
49,0,0,0,1,0,1,0,1,0,0,0,0,0,0,1,0,0,0,1,-0.42040215283945853,0.6864927538867036,0.0034464244917631367,0.03698759780359384,0.03698759780359384
2,1,0,0,0,0,1,1,0,0,0,0,0,1,0,0,0,0,1,1,0.5119259847871843,0.9544211124058478,0.01918286543259826,0.13658902706858933,0.13658902706858933
6,1,0,0,0,0,1,1,0,1,1,1,1,0,1,0,0,0,0,1,1.1085495167086903,0.8962011910421149,0.01321361285882388,0.10892151775419001,0.10892151775419001
70,0,1,0,0,0,1,1,0,1,1,1,1,1,1,1,0,1,0,1,1.666949256891492,0.6452021175658147,0.002551672337160255,0.02815370280249474,0.02815370280249474
12,1,1,0,0,0,1,1,0,0,1,1,1,1,1,1,0,0,0,1,1.6004730973459205,0.8388580793219884,0.009318867014819062,0.08479678961103854,0.08479678961103854
52,0,1,1,1,0,1,1,0,1,0,1,1,1,1,0,1,0,0,1,1.317949419277241,0.6796022882225629,0.00328157591746785,0.03539633014558485,0.03539633014558485
72,0,0,0,1,0,1,1,0,1,1,1,1,1,1,1,0,1,0,1,1.6237397531868707,0.6419575496164033,0.002490279067928491,0.027529416300707155,0.027529416300707155
40,0,0,0,0,0,1,0,0,0,0,0,0,0,0,0,0,1,0,1,-1.4690635696708516,0.7099691459680679,0.004059910336396862,0.04277208089669704,0.04277208089669704
1,1,0,0,0,0,1,1,0,0,0,0,0,0,0,0,0,0,0,0,0.20281184290027615,0.9743124842439652,0.02235010364622835,0.1468274853100915,0.1468274853100915
3,1,0,1,0,0,1,1,0,0,0,1,0,1,0,0,0,0,1,1,0.7329592152762099,0.9373188893787414,0.017092860770546496,0.12812771737333695,0.12812771737333695
40,0,0,1,0,0,1,1,0,0,0,0,0,1,1,0,0,0,1,1,0.8891781902083034,0.7099691459680679,0.004059910336396862,0.04277208089669704,0.04277208089669704
1,0,1,0,0,1,1,0,1,0,0,1,0,0,0,0,0,0,1,1,-0.49684973631686585,0.9743124842439652,0.02235010364622835,0.1468274853100915,0.1468274853100915
30,0,1,0,1,0,1,0,0,0,0,0,0,0,0,0,1,0,0,0,-1.4956540334890804,0.7428424163487329,0.0050683354621543905,0.051833777579476825,0.051833777579476825
23,1,1,0,1,1,1,1,0,1,0,0,1,1,1,0,0,0,1,1,1.1650542523224257,0.7723876776489026,0.006146116983133188,0.060949762364490456,0.060949762364490456
1,1,1,0,1,1,1,1,0,0,0,0,0,0,0,1,0,0,1,1,0.322468930082305,0.9743124842439652,0.02235010364622835,0.1468274853100915,0.1468274853100915
44,0,0,1,1,0,1,1,0,0,0,1,1,1,1,1,0,0,1,0,1.3079779953454052,0.6989597866938809,0.0037619201221218337,0.03998903582240876,0.03998903582240876
65,1,1,0,0,0,1,1,0,0,1,1,1,1,1,1,0,0,1,1,1.4741683942093344,0.6537547892731487,0.002719403042122667,0.02984713825493901,0.02984713825493901
7,0,0,1,0,0,1,0,1,1,0,0,0,0,0,0,0,0,1,1,-0.5516925679419624,0.8848383086630132,0.012329368360988486,0.10389128471090825,0.10389128471090825
72,0,1,1,0,0,1,0,0,0,0,0,0,0,0,1,0,1,0,1,-1.3194922106933153,0.6419575496164033,0.002490279067928491,0.027529416300707155,0.027529416300707155
8,0,0,1,0,0,1,1,0,0,0,0,1,1,1,1,0,0,0,1,1.175025676254262,0.8743368175545859,0.01156705087089483,0.09935054964947354,0.09935054964947354
16,1,0,0,0,0,1,0,1,0,0,1,0,0,1,1,0,0,0,1,0.013354788195396781,0.8107173068575363,0.007832475449686212,0.07414442618478301,0.07414442618478301
66,1,1,1,1,1,1,1,0,0,0,1,0,1,1,1,0,0,0,1,1.1534209244019509,0.6519909407703324,0.0026840999053434323,0.029492182160968494,0.029492182160968494
1,1,1,0,0,0,1,1,0,0,0,0,0,0,0,0,0,0,0,1,0.22441659475258666,0.9743124842439652,0.02235010364622835,0.1468274853100915,0.1468274853100915
3,0,1,0,0,1,1,0,1,1,0,1,0,0,0,0,0,0,0,0,-0.29575935369151163,0.9373188893787414,0.017092860770546496,0.12812771737333695,0.12812771737333695
53,1,1,0,1,0,1,1,0,1,0,1,0,0,1,1,0,0,1,0,0.9672876776743504,0.6773932996244997,0.003230113874366814,0.03489628604896822,0.03489628604896822
8,0,1,1,1,0,1,0,1,0,0,1,1,0,1,0,0,0,0,1,-0.013235675622831794,0.8743368175545859,0.01156705087089483,0.09935054964947354,0.09935054964947354
69,1,1,1,1,0,1,1,0,0,1,1,1,1,1,1,0,1,0,1,1.449239834379745,0.6468608243449303,0.002583528294433392,0.028476690845760766,0.028476690845760766
5,0,0,0,0,0,1,1,0,0,1,0,0,1,0,0,0,0,0,1,0.6814401916283919,0.9085818526659613,0.014256987321705751,0.11453932573635439,0.11453932573635439
72,0,0,0,1,1,1,1,0,1,0,1,1,1,1,1,0,1,0,0,1.4176636585955984,0.6419575496164033,0.002490279067928491,0.027529416300707155,0.027529416300707155
13,1,0,0,1,0,0,0,1,0,0,1,0,1,1,0,0,0,0,1,-0.5334116240669303,0.8312566322761956,0.008894046614766308,0.0818402613059327,0.0818402613059327
4,1,0,0,0,0,1,1,0,0,0,0,0,1,0,1,0,0,1,1,0.6930735195488672,0.9221895280070969,0.015517187361763772,0.12087777811840728,0.12087777811840728
54,0,0,0,1,1,1,0,1,1,1,1,1,1,1,1,0,1,0,0,0.880868670265107,0.6752256920763566,0.003180258311786613,0.03441034838970081,0.03441034838970081
72,0,1,0,1,0,1,0,1,0,1,1,1,1,1,1,0,1,0,0,0.7030449434807029,0.6419575496164033,0.002490279067928491,0.027529416300707155,0.027529416300707155
12,1,1,0,0,0,1,1,0,0,1,1,0,1,1,1,0,0,1,1,1.392735098766009,0.8388580793219884,0.009318867014819062,0.08479678961103854,0.08479678961103854
1,1,1,0,0,0,0,0,1,0,0,0,0,0,0,0,0,0,1,1,-1.3178303067046762,0.9743124842439652,0.02235010364622835,0.1468274853100915,0.1468274853100915
1,0,1,1,0,0,1,0,1,0,0,0,0,0,0,0,0,0,1,0,-0.65140680726032,0.9743124842439652,0.02235010364622835,0.1468274853100915,0.1468274853100915
54,1,0,0,1,0,1,1,0,0,1,1,1,1,1,1,1,0,1,0,1.514054089936677,0.6752256920763566,0.003180258311786613,0.03441034838970081,0.03441034838970081
69,0,1,0,1,1,1,1,0,0,0,1,0,0,0,1,0,1,0,1,0.4786879050143985,0.6468608243449303,0.002583528294433392,0.028476690845760766,0.028476690845760766
48,0,0,0,0,0,1,0,1,1,1,0,0,0,0,0,0,1,0,0,-0.30905458560062593,0.6888828979881829,0.003505164885370563,0.03755076913789834,0.03755076913789834
48,1,0,0,1,1,1,1,0,1,1,0,0,1,1,1,1,0,0,1,1.2780637235498977,0.6888828979881829,0.003505164885370563,0.03755076913789834,0.03755076913789834
8,0,0,0,1,0,1,1,0,0,0,0,1,0,1,1,0,0,1,1,0.8459686865036818,0.8743368175545859,0.01156705087089483,0.09935054964947354,0.09935054964947354
71,0,1,0,1,1,1,0,1,1,1,1,1,1,1,1,0,1,0,1,0.8792067662764678,0.6435679119154606,0.0025205988088756303,0.02783802704790539,0.02783802704790539
2,1,1,0,0,0,1,0,1,1,0,0,0,0,0,0,0,0,1,1,-0.5649877998510769,0.9544211124058478,0.01918286543259826,0.13658902706858933,0.13658902706858933
67,0,1,0,1,0,1,1,0,1,1,0,0,1,1,0,1,0,0,1,1.1999542360838513,0.6502545080837984,0.0026497095459112013,0.029145652408135048,0.029145652408135048
34,0,1,0,1,1,1,1,0,0,1,0,0,1,1,1,0,0,0,1,1.0935923808109365,0.7286243341114813,0.004609291590527576,0.04777537654084685,0.04777537654084685
3,0,0,0,0,0,1,1,0,0,0,0,0,0,0,0,0,0,1,1,0.16791185913885065,0.9373188893787414,0.017092860770546496,0.12812771737333695,0.12812771737333695
9,0,0,0,1,1,1,0,1,0,1,0,1,1,0,0,1,0,0,1,0.026650020104510834,0.8645756330248363,0.010901071741709328,0.09522425637547682,0.09522425637547682
71,0,1,0,1,1,1,1,0,1,1,1,0,1,1,0,1,0,0,1,1.3245970352317982,0.6435679119154606,0.0025205988088756303,0.02783802704790539,0.02783802704790539
57,0,1,0,0,0,1,1,0,0,0,0,1,1,0,1,0,1,0,1,0.8526163024582392,0.6689574203086703,0.003039606595789443,0.03303139376725084,0.03303139376725084
72,0,1,0,0,0,0,0,1,1,1,1,1,1,1,0,0,1,0,1,-0.03650233146378198,0.6419575496164033,0.002490279067928491,0.027529416300707155,0.027529416300707155
48,0,0,1,1,1,1,1,0,1,0,1,1,1,1,0,0,0,1,1,1.3196113232658802,0.6888828979881829,0.003505164885370563,0.03755076913789834,0.03755076913789834
18,0,1,0,0,0,1,0,0,0,0,0,0,0,0,0,1,0,0,0,-1.4856826095572444,0.798585597100695,0.007259843514731271,0.06980238681281059,0.06980238681281059
43,0,1,0,1,1,1,1,0,0,0,1,1,1,1,1,1,0,0,1,1.3129637073113227,0.7016186635948665,0.003832182002392298,0.04064972482294138,0.04064972482294138
72,0,0,0,1,1,1,0,1,1,1,1,1,1,1,1,0,1,0,1,0.9456829258220394,0.6419575496164033,0.002490279067928491,0.027529416300707155,0.027529416300707155
35,0,1,0,1,1,1,0,1,0,0,0,1,1,1,1,1,0,0,1,0.2875689463208799,0.7253108322429414,0.004507451042951911,0.04686012202126277,0.04686012202126277
4,0,1,0,0,0,1,0,0,0,0,0,0,0,0,0,0,0,0,0,-1.465739761693573,0.9221895280070969,0.015517187361763772,0.12087777811840728,0.12087777811840728
49,0,0,0,1,1,1,0,0,0,0,0,0,0,0,1,0,1,0,0,-1.3145064987273976,0.6864927538867036,0.0034464244917631367,0.03698759780359384,0.03698759780359384
71,0,0,0,1,1,1,1,0,1,1,1,0,1,0,1,0,1,0,0,1.1866590041747367,0.6435679119154606,0.0025205988088756303,0.02783802704790539,0.02783802704790539
11,0,1,0,1,1,1,1,0,0,0,0,0,1,1,0,0,0,1,0,0.8576020144241567,0.8469074549655476,0.009789108115316166,0.08799046091721618,0.08799046091721618
63,0,1,0,1,1,1,0,1,1,1,1,1,1,1,1,0,1,0,1,0.8177163186968142,0.6573679996492523,0.0027928980105273514,0.030583600220822293,0.030583600220822293
65,0,0,1,0,0,1,1,0,0,1,1,0,1,0,1,0,0,0,1,1.0188067013221684,0.6537547892731487,0.002719403042122667,0.02984713825493901,0.02984713825493901
49,0,0,0,0,1,1,0,0,0,0,0,0,0,0,0,0,1,0,0,-1.4740492816367694,0.6864927538867036,0.0034464244917631367,0.03698759780359384,0.03698759780359384
29,1,0,0,0,0,1,1,0,0,0,1,0,1,1,1,0,0,0,1,1.1235066526064434,0.746664964341879,0.005198070769814978,0.05296124339833497,0.05296124339833497
15,1,0,1,1,0,1,1,0,0,0,1,1,0,0,1,0,0,1,1,0.6066545121396237,0.817222359631732,0.00815567933565363,0.07653518145581295,0.07653518145581295
4,0,0,0,1,1,1,0,0,0,0,0,0,0,0,0,0,0,1,1,-1.4906683215231624,0.9221895280070969,0.015517187361763772,0.12087777811840728,0.12087777811840728
72,0,0,0,1,0,1,1,0,0,1,1,1,1,1,1,1,0,0,0,1.4741683942093344,0.6419575496164033,0.002490279067928491,0.027529416300707155,0.027529416300707155
26,0,0,1,1,0,1,1,0,0,0,1,0,1,0,0,0,0,0,1,0.6947354235375064,0.7588796606729277,0.005631521405658712,0.05666748667997901,0.05666748667997901
35,0,0,1,1,0,1,1,0,0,0,1,0,1,1,1,0,0,0,0,1.2381780278225547,0.7253108322429414,0.004507451042951911,0.04686012202126277,0.04686012202126277
57,0,0,0,0,0,1,1,0,0,1,0,1,0,1,1,1,0,1,0,0.9938781414925789,0.6689574203086703,0.003039606595789443,0.03303139376725084,0.03303139376725084
28,0,1,0,1,1,1,0,1,0,1,0,0,0,1,1,0,0,1,0,-0.013235675622831794,0.7506071373425116,0.0053347764644180165,0.05414016114784159,0.05414016114784159
25,0,0,0,1,0,1,0,0,0,0,0,0,0,0,1,1,0,0,1,-1.2629874750795795,0.7632263722784222,0.005792955912006608,0.05802443652851541,0.05802443652851541
47,0,0,0,1,0,1,0,1,1,0,1,0,1,0,0,1,0,0,1,0.041607156002264556,0.6913226781406935,0.0035659686558325962,0.038131613989117574,0.038131613989117574
57,0,0,0,1,1,1,0,1,1,1,0,1,0,0,1,0,0,0,0,0.013354788195396781,0.6689574203086703,0.003039606595789443,0.03303139376725084,0.03303139376725084
16,0,1,1,1,0,1,1,0,0,0,0,0,1,0,1,0,0,0,1,0.6731306716851955,0.8107173068575363,0.007832475449686212,0.07414442618478301,0.07414442618478301
5,0,1,0,0,0,1,0,1,1,0,1,0,0,0,0,0,0,0,1,-0.2990831616687903,0.9085818526659613,0.014256987321705751,0.11453932573635439,0.11453932573635439
17,1,1,0,1,0,1,1,0,0,0,0,0,0,0,0,0,0,0,1,0.18619280301388322,0.8045134998853144,0.007534869537132169,0.07190499047148602,0.07190499047148602
56,1,0,1,0,0,1,1,0,0,1,1,0,1,1,1,1,0,0,1,1.3279208432090766,0.6710090587453561,0.003085072619735503,0.03347844798497823,0.03347844798497823
72,0,1,0,1,1,1,0,0,0,0,0,0,0,0,0,0,1,0,0,-1.4906683215231624,0.6419575496164033,0.002490279067928491,0.027529416300707155,0.027529416300707155
21,1,0,1,0,0,1,1,0,0,0,0,0,1,1,1,0,0,1,1,0.9789210055948252,0.7822470612896891,0.006546583090128551,0.06419686154369075,0.06419686154369075
48,0,0,0,1,1,0,0,1,1,0,1,0,0,1,0,1,0,0,0,-0.6580544232148772,0.6888828979881829,0.003505164885370563,0.03755076913789834,0.03755076913789834
68,0,0,0,1,0,1,1,0,1,1,1,1,1,1,1,0,1,0,0,1.665287352902853,0.6485447168747005,0.0026161967996319807,0.028807250213664037,0.028807250213664037
30,0,0,0,0,0,1,1,0,1,0,0,1,1,1,1,0,0,0,0,1.3827636748341734,0.7428424163487329,0.0050683354621543905,0.051833777579476825,0.051833777579476825
3,0,0,0,1,0,1,0,1,0,0,0,0,0,0,0,0,0,0,1,-0.6214925354648128,0.9373188893787414,0.017092860770546496,0.12812771737333695,0.12812771737333695
14,0,0,1,0,0,0,0,1,1,0,1,1,0,0,0,0,1,0,0,-0.834216246010642,0.8240576612486123,0.008508086494505379,0.07909398048302463,0.07909398048302463
4,0,0,0,0,1,1,0,0,0,0,0,0,0,0,0,0,0,0,1,-1.487344513545884,0.9221895280070969,0.015517187361763772,0.12087777811840728,0.12087777811840728
71,0,0,0,1,1,1,1,0,0,1,1,0,0,1,1,0,1,0,1,1.028778125254004,0.6435679119154606,0.0025205988088756303,0.02783802704790539,0.02783802704790539
8,0,1,0,1,1,1,0,0,0,0,0,0,0,0,1,1,0,0,0,-1.3427588665342656,0.8743368175545859,0.01156705087089483,0.09935054964947354,0.09935054964947354
61,0,1,0,1,1,0,0,1,1,0,1,0,0,0,0,0,0,0,0,-1.0369685326246356,0.6611010360108607,0.002870516527482457,0.031357744906887475,0.031357744906887475
72,0,1,0,1,1,1,1,0,0,1,1,1,0,0,1,0,1,0,0,0.8526163024582392,0.6419575496164033,0.002490279067928491,0.027529416300707155,0.027529416300707155
5,0,0,0,0,0,1,1,0,0,0,0,0,1,0,1,0,0,1,1,0.6382306879237705,0.9085818526659613,0.014256987321705751,0.11453932573635439,0.11453932573635439
49,0,0,0,0,0,1,0,1,1,1,1,1,0,0,0,0,1,0,0,0.08647856369552571,0.6864927538867036,0.0034464244917631367,0.03698759780359384,0.03698759780359384
8,0,1,0,0,0,1,0,0,0,0,0,0,0,0,0,0,0,0,1,-1.4989778414663588,0.8743368175545859,0.01156705087089483,0.09935054964947354,0.09935054964947354
3,0,1,0,0,0,1,1,0,0,0,0,0,0,1,0,0,0,1,1,0.5169116967531019,0.9373188893787414,0.017092860770546496,0.12812771737333695,0.12812771737333695
9,0,1,0,1,1,1,0,0,0,0,0,0,0,0,0,0,1,0,0,-1.5023016494436374,0.8645756330248363,0.010901071741709328,0.09522425637547682,0.09522425637547682
67,0,1,0,1,1,1,0,1,1,1,0,0,0,0,0,0,1,0,1,-0.35226408930524744,0.6502545080837984,0.0026497095459112013,0.029145652408135048,0.029145652408135048
46,0,1,0,0,0,1,0,1,0,0,0,0,0,0,0,0,0,0,1,-0.65140680726032,0.6938140321924815,0.003628947567853564,0.038730988089776375,0.038730988089776375
67,0,0,0,1,0,1,0,1,1,1,1,0,0,1,1,1,0,0,0,0.34241177794597627,0.6502545080837984,0.0026497095459112013,0.029145652408135048,0.029145652408135048
55,0,0,0,1,0,1,0,0,0,0,0,0,0,0,0,1,0,1,0,-1.4989778414663588,0.6730980579890953,0.0031319345818057722,0.033937922764987416,0.033937922764987416
33,0,1,0,1,0,1,0,1,1,1,1,0,1,0,1,0,0,0,1,0.26430229047992976,0.732029255003116,0.004715929386838689,0.04872789424351476,0.04872789424351476
62,0,1,0,1,1,1,0,0,0,0,0,0,0,0,0,0,1,0,0,-1.487344513545884,0.6592190846564381,0.0028311702861325673,0.03096578220998969,0.03096578220998969
1,1,0,0,0,1,1,0,1,0,0,0,0,0,0,0,0,0,0,0,-0.6264782474307306,0.9743124842439652,0.02235010364622835,0.1468274853100915,0.1468274853100915
49,0,1,0,1,1,0,0,1,1,0,0,0,0,1,0,0,0,1,1,-0.8508352858970349,0.6864927538867036,0.0034464244917631367,0.03698759780359384,0.03698759780359384
1,0,1,0,0,0,1,0,1,0,0,0,0,0,0,0,0,0,1,1,-0.6663639431580737,0.9743124842439652,0.02235010364622835,0.1468274853100915,0.1468274853100915
14,0,1,0,1,0,1,1,0,0,1,1,0,0,0,1,0,0,1,1,0.5933592802305098,0.8240576612486123,0.008508086494505379,0.07909398048302463,0.07909398048302463
18,0,1,1,0,0,1,1,0,0,0,1,1,1,0,1,0,0,0,0,0.9672876776743504,0.798585597100695,0.007259843514731271,0.06980238681281059,0.06980238681281059
1,1,0,1,0,0,1,1,0,0,0,0,0,0,0,0,0,0,1,1,0.17788328307068677,0.9743124842439652,0.02235010364622835,0.1468274853100915,0.1468274853100915
1,1,0,0,0,0,1,1,0,0,0,1,0,1,0,0,0,0,0,1,0.6897497115715884,0.9743124842439652,0.02235010364622835,0.1468274853100915,0.1468274853100915
72,0,0,0,1,0,1,1,0,1,1,1,1,1,1,1,0,1,0,1,1.7400730323916211,0.6419575496164033,0.002490279067928491,0.027529416300707155,0.027529416300707155
64,0,1,0,0,0,1,1,0,1,0,1,1,0,1,1,0,1,0,0,1.1451114044587545,0.6555468612609421,0.002755656035094927,0.030210834407233156,0.030210834407233156
69,0,1,0,1,0,1,1,0,1,1,1,1,1,1,1,0,1,0,1,1.587177865436806,0.6468608243449303,0.002583528294433392,0.028476690845760766,0.028476690845760766
1,0,0,0,0,0,1,0,0,0,0,0,0,0,0,1,0,0,1,1,-1.2995493628296437,0.9743124842439652,0.02235010364622835,0.1468274853100915,0.1468274853100915
71,0,1,0,1,1,1,0,1,1,1,1,1,1,1,1,0,1,0,0,0.8476305904923211,0.6435679119154606,0.0025205988088756303,0.02783802704790539,0.02783802704790539
66,0,0,0,1,1,1,0,1,0,0,0,1,0,0,0,1,0,0,1,-0.5118068722146196,0.6519909407703324,0.0026840999053434323,0.029492182160968494,0.029492182160968494
2,0,1,0,0,0,1,0,0,0,0,0,0,0,0,0,0,0,0,0,-1.5089492653981946,0.9544211124058478,0.01918286543259826,0.13658902706858933,0.13658902706858933
71,0,0,1,1,0,1,1,0,1,1,1,1,1,1,0,0,1,0,1,1.4924493380843664,0.6435679119154606,0.0025205988088756303,0.02783802704790539,0.02783802704790539
11,0,1,0,0,0,1,0,1,0,1,0,0,1,0,0,1,0,1,1,-0.11793562690710736,0.8469074549655476,0.009789108115316166,0.08799046091721618,0.08799046091721618
47,0,1,0,0,1,1,0,1,1,1,0,0,0,0,0,0,0,1,1,-0.3157022015551832,0.6913226781406935,0.0035659686558325962,0.038131613989117574,0.038131613989117574
35,1,0,0,1,0,1,1,0,0,0,0,0,0,0,0,0,0,1,1,0.18286899503660436,0.7253108322429414,0.004507451042951911,0.04686012202126277,0.04686012202126277
32,1,1,1,1,0,1,1,0,0,1,1,0,1,1,1,0,0,0,0,1.3811017708455338,0.7355303895625583,0.00482771692436557,0.04972004336955682,0.04972004336955682
60,0,1,0,1,1,1,1,0,0,1,0,1,1,1,1,0,0,0,1,1.2946827634362907,0.6630148153227823,0.0029109829180785306,0.031759872056746574,0.031759872056746574
11,0,1,0,0,0,1,0,0,0,0,0,0,0,0,0,1,0,0,0,-1.505625457420916,0.8469074549655476,0.009789108115316166,0.08799046091721618,0.08799046091721618
29,0,0,0,0,0,0,0,1,1,1,0,1,0,0,0,1,0,0,0,-0.8408638619651994,0.746664964341879,0.005198070769814978,0.05296124339833497,0.05296124339833497
21,0,1,0,1,1,0,0,1,0,0,0,0,0,0,0,0,0,1,1,-1.287916034909169,0.7822470612896891,0.006546583090128551,0.06419686154369075,0.06419686154369075
48,0,1,1,1,0,1,1,0,0,0,1,0,0,1,1,0,0,0,1,0.8725591503219104,0.6888828979881829,0.003505164885370563,0.03755076913789834,0.03755076913789834
3,0,0,0,0,1,0,0,1,0,1,0,0,0,0,0,0,0,0,0,-1.16825894772714,0.9373188893787414,0.017092860770546496,0.12812771737333695,0.12812771737333695
43,0,0,0,1,1,1,0,1,0,1,0,0,0,0,0,0,0,0,0,-0.4852164083963908,0.7016186635948665,0.003832182002392298,0.04064972482294138,0.04064972482294138
5,0,1,0,0,0,1,1,0,0,1,1,0,1,1,1,0,0,1,0,1.3462017870841085,0.9085818526659613,0.014256987321705751,0.11453932573635439,0.11453932573635439
1,0,0,0,0,0,1,0,1,0,0,0,0,0,1,0,0,0,1,1,-0.3107164895892651,0.9743124842439652,0.02235010364622835,0.1468274853100915,0.1468274853100915
71,0,1,0,1,1,1,0,1,1,0,1,1,1,1,1,1,0,1,0,0.68642590359431,0.6435679119154606,0.0025205988088756303,0.02783802704790539,0.02783802704790539
8,0,0,0,1,1,1,0,0,0,0,0,0,0,0,0,1,0,1,0,-1.4956540334890804,0.8743368175545859,0.01156705087089483,0.09935054964947354,0.09935054964947354
8,0,1,0,0,0,1,0,1,0,0,0,0,1,0,1,0,0,1,1,-0.18441178645267906,0.8743368175545859,0.01156705087089483,0.09935054964947354,0.09935054964947354
20,0,1,0,0,0,1,1,0,0,0,1,0,1,0,1,0,0,0,1,0.8609258224014357,0.7874709741517664,0.006767715032425889,0.0659587290124013,0.0659587290124013
33,1,0,0,1,1,1,1,0,1,0,1,0,1,1,1,1,0,0,1,1.2930208594476515,0.732029255003116,0.004715929386838689,0.04872789424351476,0.04872789424351476
71,0,1,0,0,0,1,1,0,0,1,0,0,0,0,1,1,0,0,1,0.47370219304848044,0.6435679119154606,0.0025205988088756303,0.02783802704790539,0.02783802704790539
31,0,0,1,1,0,1,1,0,0,0,1,0,1,0,1,1,0,1,1,0.8609258224014357,0.7391329118702427,0.004945042598351195,0.05075440110013929,0.05075440110013929
38,0,0,1,1,0,1,1,0,1,1,0,0,0,1,1,1,0,0,0,1.0038495654244146,0.7158758576100376,0.0042276442662364,0.04431696426317133,0.04431696426317133
1,1,1,0,0,0,1,1,0,0,0,0,0,1,1,0,0,0,1,1,0.7828163349353886,0.9743124842439652,0.02235010364622835,0.1468274853100915,0.1468274853100915
2,0,0,0,1,1,0,0,1,0,1,0,0,0,0,0,0,0,0,1,-1.1483160998634683,0.9544211124058478,0.01918286543259826,0.13658902706858933,0.13658902706858933
12,0,0,0,1,0,0,0,1,0,0,1,0,1,1,0,0,0,0,1,-0.49684973631686585,0.8388580793219884,0.009318867014819062,0.08479678961103854,0.08479678961103854
9,0,0,0,0,1,1,1,0,1,0,1,1,0,1,0,0,0,0,0,0.937373405878843,0.8645756330248363,0.010901071741709328,0.09522425637547682,0.09522425637547682
11,0,1,1,0,1,1,0,1,0,1,0,1,0,0,0,0,0,1,1,-0.34063076138477255,0.8469074549655476,0.009789108115316166,0.08799046091721618,0.08799046091721618
6,0,1,0,0,1,1,0,0,0,0,0,0,0,0,0,0,0,0,0,-1.4989778414663588,0.8962011910421149,0.01321361285882388,0.10892151775419001,0.10892151775419001
71,0,0,0,1,0,1,0,1,1,1,1,1,1,1,0,1,0,0,1,0.664821151741999,0.6435679119154606,0.0025205988088756303,0.02783802704790539,0.02783802704790539
42,0,0,0,1,1,1,1,0,1,1,0,0,1,0,1,1,0,0,1,0.9855686215493825,0.7043380877631116,0.0039051573709433167,0.0413329850998293,0.0413329850998293
8,1,0,0,1,1,1,1,0,0,0,1,0,1,1,0,0,0,1,1,0.977259101606186,0.8743368175545859,0.01156705087089483,0.09935054964947354,0.09935054964947354
5,1,0,0,0,0,1,1,0,0,1,0,0,1,1,0,0,0,1,1,1.0453971651403968,0.9085818526659613,0.014256987321705751,0.11453932573635439,0.11453932573635439
2,1,0,0,1,0,1,1,0,0,0,0,0,0,0,0,0,0,1,1,0.1961642269457189,0.9544211124058478,0.01918286543259826,0.13658902706858933,0.13658902706858933
45,0,0,0,1,1,1,0,0,0,0,0,0,0,0,0,0,1,0,0,-1.4607540497276552,0.6963590108821652,0.0036942216775406023,0.039349803973645514,0.039349803973645514
28,0,1,0,1,1,0,0,1,0,1,1,1,1,1,0,1,0,0,1,-0.15948322662308967,0.7506071373425116,0.0053347764644180165,0.05414016114784159,0.05414016114784159
43,0,0,0,1,0,1,1,0,0,1,0,0,0,0,1,0,0,1,0,0.5202355047303808,0.7016186635948665,0.003832182002392298,0.04064972482294138,0.04064972482294138
60,0,1,0,0,1,1,0,1,1,0,1,1,1,1,1,0,1,1,1,0.6698068637079171,0.6630148153227823,0.0029109829180785306,0.031759872056746574,0.031759872056746574
42,1,0,0,1,0,0,0,1,0,1,0,1,0,0,0,1,0,0,0,-1.038630436613275,0.7043380877631116,0.0039051573709433167,0.0413329850998293,0.0413329850998293
7,0,1,0,1,1,0,0,1,1,0,1,1,0,1,0,0,1,0,0,-0.5034973522714231,0.8848383086630132,0.012329368360988486,0.10389128471090825,0.10389128471090825
25,0,0,0,1,0,1,0,0,0,0,0,0,0,0,0,1,0,0,1,-1.4823588015799658,0.7632263722784222,0.005792955912006608,0.05802443652851541,0.05802443652851541
40,1,0,1,1,1,1,1,0,0,0,0,0,1,1,1,0,0,0,1,0.9888924295266609,0.7099691459680679,0.004059910336396862,0.04277208089669704,0.04277208089669704
27,0,1,0,0,0,1,1,0,0,0,1,0,1,1,1,1,0,0,1,1.1866590041747367,0.7546760980475697,0.005479040808994945,0.05537422178102336,0.05537422178102336
10,0,1,0,0,0,0,0,1,0,1,0,1,0,0,0,0,0,1,0,-0.9655066611131462,0.8554585264638187,0.010313003097985489,0.09145336847937524,0.09145336847937524
27,0,0,1,0,0,1,1,0,0,1,1,0,0,0,1,0,0,0,1,0.7196639833670958,0.7546760980475697,0.005479040808994945,0.05537422178102336,0.05537422178102336
11,0,0,0,0,0,1,0,1,0,0,1,1,0,0,0,1,0,0,0,-0.36555932121436197,0.8469074549655476,0.009789108115316166,0.08799046091721618,0.08799046091721618
4,0,1,0,1,1,0,0,1,1,0,0,0,1,0,0,0,0,0,0,-0.872440037749346,0.9221895280070969,0.015517187361763772,0.12087777811840728,0.12087777811840728
68,0,1,0,0,0,0,0,1,0,0,1,0,0,1,0,0,0,0,1,-0.827568630056085,0.6485447168747005,0.0026161967996319807,0.028807250213664037,0.028807250213664037
1,0,1,1,0,0,1,1,0,0,0,0,0,0,0,0,0,0,1,1,0.1745594750934079,0.9743124842439652,0.02235010364622835,0.1468274853100915,0.1468274853100915
18,0,0,0,0,0,1,0,0,0,0,0,0,0,0,0,1,0,0,0,-1.4856826095572444,0.798585597100695,0.007259843514731271,0.06980238681281059,0.06980238681281059
57,1,0,0,0,0,1,1,0,1,1,1,0,1,1,1,0,1,0,1,1.6004730973459205,0.6689574203086703,0.003039606595789443,0.03303139376725084,0.03303139376725084
26,0,1,0,0,0,1,0,0,0,0,0,0,0,0,0,0,0,1,1,-1.4790349936026874,0.7588796606729277,0.005631521405658712,0.05666748667997901,0.05666748667997901
17,0,0,0,1,0,0,0,1,0,1,1,0,0,0,0,0,0,0,1,-0.9688304690904248,0.8045134998853144,0.007534869537132169,0.07190499047148602,0.07190499047148602
1,1,1,0,0,0,0,0,1,0,0,0,0,0,1,0,0,0,1,0,-0.9605209491472284,0.9743124842439652,0.02235010364622835,0.1468274853100915,0.1468274853100915
38,1,1,0,0,1,1,1,0,0,0,1,0,1,1,1,0,0,0,1,1.1451114044587545,0.7158758576100376,0.0042276442662364,0.04431696426317133,0.04431696426317133
59,0,1,1,1,0,1,1,0,1,1,1,0,0,0,0,1,0,0,1,0.6033307041623454,0.6649614286359096,0.0029526183444970946,0.03217256791019485,0.03217256791019485
30,0,1,0,0,0,1,0,1,1,0,1,0,0,0,0,0,1,0,1,-0.3040688736347081,0.7428424163487329,0.0050683354621543905,0.051833777579476825,0.051833777579476825
2,1,1,1,0,0,0,0,1,0,0,0,0,0,0,0,0,0,0,1,-1.3410969625456262,0.9544211124058478,0.01918286543259826,0.13658902706858933,0.13658902706858933
50,0,0,1,1,0,1,0,0,0,0,0,0,0,0,1,1,0,1,0,-1.3161684027160367,0.6841504128114664,0.003389643293482253,0.03644129666249096,0.03644129666249096
9,0,1,0,0,0,0,0,1,1,0,1,1,0,1,0,1,0,0,0,-0.46527356053271945,0.8645756330248363,0.010901071741709328,0.09522425637547682,0.09522425637547682
3,0,0,0,1,1,1,0,0,0,0,0,0,0,0,0,0,0,0,0,-1.5006397454549982,0.9373188893787414,0.017092860770546496,0.12812771737333695,0.12812771737333695
14,0,0,0,0,1,1,0,1,0,0,1,0,1,0,0,0,0,0,1,-0.16613084257764693,0.8240576612486123,0.008508086494505379,0.07909398048302463,0.07909398048302463
31,0,0,1,0,0,1,1,0,1,0,0,0,0,0,0,0,0,0,1,0.2908927542981583,0.7391329118702427,0.004945042598351195,0.05075440110013929,0.05075440110013929
7,0,0,0,0,0,1,0,1,1,1,1,0,0,0,0,0,0,1,0,-0.11294991494118954,0.8848383086630132,0.012329368360988486,0.10389128471090825,0.10389128471090825
8,1,0,0,0,0,1,1,0,1,0,0,1,1,1,1,0,0,0,1,1.281387531527176,0.8743368175545859,0.01156705087089483,0.09935054964947354,0.09935054964947354
17,0,1,0,1,1,1,0,0,0,0,0,0,0,0,0,1,0,0,0,-1.4923302255118018,0.8045134998853144,0.007534869537132169,0.07190499047148602,0.07190499047148602
32,0,1,0,1,1,1,0,0,0,0,0,0,0,0,0,0,0,0,1,-1.5072873614095552,0.7355303895625583,0.00482771692436557,0.04972004336955682,0.04972004336955682
2,0,0,1,0,0,1,1,0,0,0,0,0,1,0,0,0,0,0,0,0.5551354884918058,0.9544211124058478,0.01918286543259826,0.13658902706858933,0.13658902706858933
7,1,1,1,0,0,1,1,0,0,0,0,0,1,0,1,0,0,1,1,0.664821151741999,0.8848383086630132,0.012329368360988486,0.10389128471090825,0.10389128471090825
72,0,0,0,1,1,1,1,0,1,1,1,0,1,1,1,0,1,0,0,1.4874636261184484,0.6419575496164033,0.002490279067928491,0.027529416300707155,0.027529416300707155
31,1,0,1,0,0,1,1,0,0,1,0,0,1,1,1,0,0,1,1,1.1683780602997047,0.7391329118702427,0.004945042598351195,0.05075440110013929,0.05075440110013929
27,0,0,0,1,1,1,1,0,1,0,0,0,0,0,0,0,0,0,0,0.31914512210502655,0.7546760980475697,0.005479040808994945,0.05537422178102336,0.05537422178102336
18,1,0,0,0,0,1,1,0,0,1,0,0,1,0,1,0,0,0,1,0.8376591665604854,0.798585597100695,0.007259843514731271,0.06980238681281059,0.06980238681281059
7,0,1,0,0,0,1,1,0,0,0,1,0,0,0,0,0,0,1,1,0.3357641619914195,0.8848383086630132,0.012329368360988486,0.10389128471090825,0.10389128471090825
14,1,0,1,0,0,1,1,0,0,1,1,0,1,1,1,0,0,1,1,1.331244651186355,0.8240576612486123,0.008508086494505379,0.07909398048302463,0.07909398048302463
11,0,1,0,1,1,1,0,1,0,0,1,0,1,0,0,0,0,0,1,-0.17111655454356475,0.8469074549655476,0.009789108115316166,0.08799046091721618,0.08799046091721618
72,0,0,0,1,1,1,1,0,1,0,1,1,1,1,1,0,1,0,1,1.5173778979139558,0.6419575496164033,0.002490279067928491,0.027529416300707155,0.027529416300707155
28,1,1,0,1,1,1,1,0,1,1,0,0,1,1,1,1,0,1,0,1.3727922509023371,0.7506071373425116,0.0053347764644180165,0.05414016114784159,0.05414016114784159
15,1,1,1,0,0,1,1,0,0,0,0,0,0,0,1,0,0,0,1,0.3124975061504693,0.817222359631732,0.00815567933565363,0.07653518145581295,0.07653518145581295
4,0,0,1,0,0,1,1,0,0,0,0,0,0,0,1,0,0,1,1,0.3208070260936658,0.9221895280070969,0.015517187361763772,0.12087777811840728,0.12087777811840728
71,0,0,0,0,0,1,0,0,0,0,0,0,0,0,1,0,1,1,0,-1.3377731545683478,0.6435679119154606,0.0025205988088756303,0.02783802704790539,0.02783802704790539
5,1,0,0,0,0,1,1,0,0,1,0,1,0,1,0,0,0,1,1,0.8160544147081744,0.9085818526659613,0.014256987321705751,0.11453932573635439,0.11453932573635439
47,0,1,0,1,1,1,0,0,0,0,0,0,0,0,1,0,1,0,0,-1.3377731545683478,0.6913226781406935,0.0035659686558325962,0.038131613989117574,0.038131613989117574
57,0,1,1,1,0,1,1,0,0,1,1,0,1,0,0,1,0,1,1,0.8592639184127964,0.6689574203086703,0.003039606595789443,0.03303139376725084,0.03303139376725084
50,0,1,1,1,0,1,1,0,1,0,1,0,1,1,1,0,1,0,1,1.3378922671409121,0.6841504128114664,0.003389643293482253,0.03644129666249096,0.03644129666249096
8,0,1,0,0,0,1,0,0,0,0,0,0,0,0,0,0,0,0,1,-1.4740492816367694,0.8743368175545859,0.01156705087089483,0.09935054964947354,0.09935054964947354
48,0,0,0,1,1,1,0,0,0,0,0,0,0,0,0,0,1,0,0,-1.5039635534322768,0.6888828979881829,0.003505164885370563,0.03755076913789834,0.03755076913789834
70,0,0,0,0,0,1,0,0,0,0,0,0,0,0,0,1,0,0,0,-1.4989778414663588,0.6452021175658147,0.002551672337160255,0.02815370280249474,0.02815370280249474
1,0,1,0,0,1,1,0,1,1,1,0,1,0,1,0,0,0,0,1,0.18785470700252244,0.9743124842439652,0.02235010364622835,0.1468274853100915,0.1468274853100915
8,0,1,0,1,0,1,1,0,0,0,0,0,0,1,1,0,0,0,1,0.6930735195488672,0.8743368175545859,0.01156705087089483,0.09935054964947354,0.09935054964947354
1,1,0,0,0,0,1,1,0,0,0,0,0,0,0,1,0,0,1,1,0.41054984148018764,0.9743124842439652,0.02235010364622835,0.1468274853100915,0.1468274853100915
1,1,1,0,0,0,0,0,1,0,0,0,0,0,1,0,0,0,0,1,-0.9821257009995391,0.9743124842439652,0.02235010364622835,0.1468274853100915,0.1468274853100915
60,0,1,0,1,1,1,0,0,0,0,0,0,0,0,0,0,1,0,0,-1.470725473659491,0.6630148153227823,0.0029109829180785306,0.031759872056746574,0.031759872056746574
49,0,1,0,1,1,1,1,0,0,0,0,1,1,1,1,1,0,1,1,1.1019019007541329,0.6864927538867036,0.0034464244917631367,0.03698759780359384,0.03698759780359384
4,1,1,0,1,0,0,0,1,0,1,0,0,1,1,0,0,0,1,1,-0.5400592400214876,0.9221895280070969,0.015517187361763772,0.12087777811840728,0.12087777811840728
29,0,0,0,0,0,1,0,0,0,0,0,0,0,0,0,1,0,0,0,-1.4890064175345232,0.746664964341879,0.005198070769814978,0.05296124339833497,0.05296124339833497
67,0,0,0,1,0,1,0,0,0,0,0,0,0,0,1,0,1,0,1,-1.3145064987273976,0.6502545080837984,0.0026497095459112013,0.029145652408135048,0.029145652408135048
53,1,0,0,1,0,1,1,0,0,1,0,0,1,1,1,0,0,0,1,1.1168590366518867,0.6773932996244997,0.003230113874366814,0.03489628604896822,0.03489628604896822
67,0,1,0,1,0,1,0,1,1,1,1,1,0,0,1,0,1,0,0,0.20281184290027615,0.6502545080837984,0.0026497095459112013,0.029145652408135048,0.029145652408135048
6,0,0,0,1,1,1,0,0,0,0,0,0,0,0,0,0,0,0,0,-1.493992129500441,0.8962011910421149,0.01321361285882388,0.10892151775419001,0.10892151775419001
47,0,0,0,0,0,1,1,0,0,1,1,0,1,1,1,0,0,1,1,1.3811017708455338,0.6913226781406935,0.0035659686558325962,0.038131613989117574,0.038131613989117574
53,0,0,0,0,0,1,1,0,1,1,1,1,0,1,0,0,1,0,0,1.1534209244019509,0.6773932996244997,0.003230113874366814,0.03489628604896822,0.03489628604896822
69,0,1,0,1,0,1,0,1,1,1,1,1,1,1,0,0,1,0,1,0.6614973437647206,0.6468608243449303,0.002583528294433392,0.028476690845760766,0.028476690845760766
3,0,1,0,0,0,1,1,0,1,0,0,0,0,1,0,0,0,0,1,0.7063687514579813,0.9373188893787414,0.017092860770546496,0.12812771737333695,0.12812771737333695
4,0,1,0,0,0,1,0,1,0,0,0,0,0,0,0,0,0,0,0,-0.6730115591126309,0.9221895280070969,0.015517187361763772,0.12087777811840728,0.12087777811840728
56,0,1,0,1,1,1,0,1,1,1,0,1,0,1,1,0,1,0,1,0.3673403377755657,0.6710090587453561,0.003085072619735503,0.03347844798497823,0.03347844798497823
59,1,1,1,1,0,1,1,0,0,0,0,0,1,1,1,0,0,0,1,0.9656257736857107,0.6649614286359096,0.0029526183444970946,0.03217256791019485,0.03217256791019485
61,0,1,1,1,0,1,0,0,0,0,0,0,0,0,1,0,1,0,0,-1.322816018670594,0.6611010360108607,0.002870516527482457,0.031357744906887475,0.031357744906887475
2,0,0,0,1,0,1,0,1,0,0,0,0,0,0,0,0,0,1,1,-0.6580544232148772,0.9544211124058478,0.01918286543259826,0.13658902706858933,0.13658902706858933
46,1,1,1,1,1,1,1,0,1,1,1,0,1,0,1,0,0,1,1,1.193306620129294,0.6938140321924815,0.003628947567853564,0.038730988089776375,0.038730988089776375
12,0,1,0,1,1,1,0,0,0,0,0,0,0,0,0,0,0,0,0,-1.4723873776481302,0.8388580793219884,0.009318867014819062,0.08479678961103854,0.08479678961103854
14,1,0,0,0,0,1,1,0,0,0,1,0,0,0,1,0,0,1,1,0.5202355047303808,0.8240576612486123,0.008508086494505379,0.07909398048302463,0.07909398048302463
28,0,0,0,1,1,1,1,0,0,0,0,1,0,1,1,1,0,1,1,0.8526163024582392,0.7506071373425116,0.0053347764644180165,0.05414016114784159,0.05414016114784159
24,0,1,0,0,0,1,0,1,1,1,0,1,0,0,0,0,0,0,0,-0.14452609072533595,0.7677256072562019,0.005964174846469762,0.05945002834593771,0.05945002834593771
31,1,1,0,0,0,1,0,1,0,0,1,1,0,0,0,0,0,1,1,-0.3173641055438224,0.7391329118702427,0.004945042598351195,0.05075440110013929,0.05075440110013929
68,0,0,0,1,1,1,0,1,1,1,1,1,0,1,1,1,0,1,1,0.4537593451848091,0.6485447168747005,0.0026161967996319807,0.028807250213664037,0.028807250213664037
39,0,1,0,0,1,1,1,0,0,0,0,1,1,1,1,0,1,0,0,1.1883209081633759,0.7128864964214463,0.00414205349534239,0.043530572366621945,0.043530572366621945
42,0,0,0,1,0,1,0,0,0,0,0,0,0,0,0,0,0,0,0,-1.477373089614048,0.7043380877631116,0.0039051573709433167,0.0413329850998293,0.0413329850998293
13,1,1,0,1,0,0,0,1,1,0,0,1,1,1,0,0,0,1,1,-0.343954569362051,0.8312566322761956,0.008894046614766308,0.0818402613059327,0.0818402613059327
6,0,0,0,1,0,1,1,0,0,1,0,0,0,1,1,0,0,1,1,0.8625877263900749,0.8962011910421149,0.01321361285882388,0.10892151775419001,0.10892151775419001
35,1,1,0,0,0,1,1,0,0,0,0,0,0,0,1,0,0,0,0,0.3507212978891727,0.7253108322429414,0.004507451042951911,0.04686012202126277,0.04686012202126277
38,0,0,0,1,0,1,0,0,0,0,0,0,0,0,0,1,0,0,1,-1.4806968975913266,0.7158758576100376,0.0042276442662364,0.04431696426317133,0.04431696426317133
18,0,1,0,0,0,1,0,0,0,0,0,0,0,0,0,0,1,0,0,-1.487344513545884,0.798585597100695,0.007259843514731271,0.06980238681281059,0.06980238681281059
4,0,0,0,1,0,1,0,0,0,0,0,0,0,0,0,0,0,0,0,-1.5023016494436374,0.9221895280070969,0.015517187361763772,0.12087777811840728,0.12087777811840728
27,0,1,0,1,0,1,0,1,0,1,0,1,0,0,0,0,0,1,1,-0.36555932121436197,0.7546760980475697,0.005479040808994945,0.05537422178102336,0.05537422178102336
41,0,1,0,0,1,1,0,1,1,1,1,0,1,0,0,1,0,0,0,0.17954518705932596,0.7071206594283597,0.003981008341391358,0.042040010297382246,0.042040010297382246
50,0,1,0,1,1,1,0,1,1,0,0,1,1,1,0,1,0,1,0,0.3557070098550908,0.6841504128114664,0.003389643293482253,0.03644129666249096,0.03644129666249096
72,0,1,0,1,1,1,0,0,0,0,0,0,0,0,0,0,1,1,0,-1.477373089614048,0.6419575496164033,0.002490279067928491,0.027529416300707155,0.027529416300707155
70,0,0,0,0,0,1,0,0,0,0,0,0,0,0,1,1,0,0,0,-1.287916034909169,0.6452021175658147,0.002551672337160255,0.02815370280249474,0.02815370280249474
44,0,1,0,1,1,1,0,0,0,0,0,0,0,0,0,1,0,0,0,-1.4690635696708516,0.6989597866938809,0.0037619201221218337,0.03998903582240876,0.03998903582240876
2,1,1,0,0,0,1,1,0,1,0,0,0,0,0,0,0,0,1,1,0.36235462580964806,0.9544211124058478,0.01918286543259826,0.13658902706858933,0.13658902706858933
34,0,0,0,1,1,1,0,0,0,0,0,0,0,0,0,1,0,0,1,-1.4856826095572444,0.7286243341114813,0.004609291590527576,0.04777537654084685,0.04777537654084685
72,0,0,1,1,0,1,0,0,0,0,0,0,0,0,1,0,1,0,0,-1.3460826745115442,0.6419575496164033,0.002490279067928491,0.027529416300707155,0.027529416300707155
71,0,1,0,1,0,1,0,0,0,0,0,0,0,0,1,0,1,1,1,-1.339435058556987,0.6435679119154606,0.0025205988088756303,0.02783802704790539,0.02783802704790539
64,0,0,0,0,0,1,1,0,0,1,1,1,1,1,1,0,1,0,1,1.519039801902595,0.6555468612609421,0.002755656035094927,0.030210834407233156,0.030210834407233156
72,0,0,0,1,0,1,0,0,0,0,0,0,0,0,1,0,1,0,1,-1.3145064987273976,0.6419575496164033,0.002490279067928491,0.027529416300707155,0.027529416300707155
1,1,1,0,0,0,1,1,0,0,0,0,0,0,0,1,0,0,0,1,0.31415941013910853,0.9743124842439652,0.02235010364622835,0.1468274853100915,0.1468274853100915
29,0,1,1,1,0,1,1,0,1,0,1,0,0,1,0,1,0,0,0,0.8409829745377638,0.746664964341879,0.005198070769814978,0.05296124339833497,0.05296124339833497
23,0,0,0,1,0,1,0,1,1,0,1,1,0,1,0,1,0,0,1,0.1313499713887864,0.7723876776489026,0.006146116983133188,0.060949762364490456,0.060949762364490456
52,0,1,0,1,1,1,0,0,0,0,0,0,0,0,0,0,1,0,0,-1.5155968813527516,0.6796022882225629,0.00328157591746785,0.03539633014558485,0.03539633014558485
25,1,0,1,0,0,1,1,0,0,1,0,0,0,1,1,0,0,1,1,0.8276877426286497,0.7632263722784222,0.005792955912006608,0.05802443652851541,0.05802443652851541
64,0,0,0,0,0,1,1,0,1,1,1,1,1,1,1,0,1,0,1,1.6719349688574097,0.6555468612609421,0.002755656035094927,0.030210834407233156,0.030210834407233156
16,1,0,1,0,0,1,1,0,0,0,0,0,1,1,1,0,0,1,1,1.050382877106315,0.8107173068575363,0.007832475449686212,0.07414442618478301,0.07414442618478301
1,1,1,1,0,0,1,1,0,0,0,0,0,0,0,0,0,0,0,1,0.1562785312183758,0.9743124842439652,0.02235010364622835,0.1468274853100915,0.1468274853100915
24,0,1,0,0,0,1,1,0,0,1,0,0,1,1,1,0,0,0,1,1.158406636367869,0.7677256072562019,0.005964174846469762,0.05945002834593771,0.05945002834593771
2,0,1,0,1,0,1,1,0,0,0,1,0,1,0,1,0,0,1,1,0.885854382231025,0.9544211124058478,0.01918286543259826,0.13658902706858933,0.13658902706858933
34,0,0,0,1,1,1,0,1,1,1,1,1,1,1,0,0,1,0,0,0.6631592477533598,0.7286243341114813,0.004609291590527576,0.04777537654084685,0.04777537654084685
36,1,1,1,1,0,1,1,0,0,0,0,0,0,1,1,0,0,0,1,0.6797782876397527,0.7220842981429184,0.004410087057617903,0.045979950318991825,0.045979950318991825
53,0,1,0,1,1,1,0,1,0,0,1,1,1,1,1,1,0,0,1,0.4637307691166448,0.6773932996244997,0.003230113874366814,0.03489628604896822,0.03489628604896822
47,0,0,0,1,1,1,0,0,0,0,0,0,0,0,0,0,1,0,0,-1.4806968975913266,0.6913226781406935,0.0035659686558325962,0.038131613989117574,0.038131613989117574
72,0,1,0,0,1,1,0,0,0,0,0,0,0,0,0,0,1,0,0,-1.4923302255118018,0.6419575496164033,0.002490279067928491,0.027529416300707155,0.027529416300707155
72,0,1,0,1,1,1,1,0,1,1,0,1,0,1,1,0,1,0,1,1.0952542847995757,0.6419575496164033,0.002490279067928491,0.027529416300707155,0.027529416300707155
1,1,1,0,0,0,1,0,0,0,0,0,0,0,0,0,0,0,0,0,-1.5089492653981946,0.9743124842439652,0.02235010364622835,0.1468274853100915,0.1468274853100915
9,1,0,0,0,0,1,1,0,0,0,0,0,0,1,1,0,0,1,1,0.6149640320828202,0.8645756330248363,0.010901071741709328,0.09522425637547682,0.09522425637547682
8,1,0,0,0,0,1,1,0,0,0,0,0,1,0,0,0,0,0,1,0.5086021768099055,0.8743368175545859,0.01156705087089483,0.09935054964947354,0.09935054964947354
45,1,1,1,0,0,1,0,1,1,0,1,0,0,1,0,1,0,0,0,-0.06974041123656781,0.6963590108821652,0.0036942216775406023,0.039349803973645514,0.039349803973645514
7,0,0,0,0,0,1,1,0,0,0,1,1,1,1,0,0,0,1,1,1.1833351961974583,0.8848383086630132,0.012329368360988486,0.10389128471090825,0.10389128471090825
71,0,0,0,1,0,1,0,0,0,0,0,0,0,0,1,0,1,0,1,-1.3410969625456262,0.6435679119154606,0.0025205988088756303,0.02783802704790539,0.02783802704790539
41,0,0,1,0,0,1,1,0,0,0,1,1,1,1,0,1,0,0,1,1.206601852038408,0.7071206594283597,0.003981008341391358,0.042040010297382246,0.042040010297382246
67,0,1,0,1,1,0,0,1,1,0,0,0,1,1,0,0,1,0,0,-0.46194975255544085,0.6502545080837984,0.0026497095459112013,0.029145652408135048,0.029145652408135048
69,0,1,0,1,0,1,1,0,1,1,1,1,0,1,1,1,0,0,1,1.409354138652402,0.6468608243449303,0.002583528294433392,0.028476690845760766,0.028476690845760766
70,0,0,1,1,0,1,0,1,1,1,1,1,1,1,1,0,1,0,1,0.9107829420606144,0.6452021175658147,0.002551672337160255,0.02815370280249474,0.02815370280249474
25,1,1,0,0,0,1,0,0,0,0,0,0,0,0,1,1,0,0,0,-1.3128445947387584,0.7632263722784222,0.005792955912006608,0.05802443652851541,0.05802443652851541
72,0,1,0,0,0,1,1,0,1,1,1,1,1,1,1,0,1,0,0,1.6154302332436743,0.6419575496164033,0.002490279067928491,0.027529416300707155,0.027529416300707155
34,0,1,0,1,1,0,0,1,0,0,0,1,1,0,0,0,1,1,1,-0.8059638782037742,0.7286243341114813,0.004609291590527576,0.04777537654084685,0.04777537654084685
65,0,0,0,1,1,1,0,0,0,0,0,0,0,0,1,0,1,0,0,-1.2895779388978081,0.6537547892731487,0.002719403042122667,0.02984713825493901,0.02984713825493901
70,0,0,0,0,0,1,1,0,1,1,1,1,1,1,1,0,1,0,1,1.5672350175731347,0.6452021175658147,0.002551672337160255,0.02815370280249474,0.02815370280249474
72,0,0,0,1,1,0,0,1,1,0,1,0,1,1,0,0,1,0,1,-0.36555932121436197,0.6419575496164033,0.002490279067928491,0.027529416300707155,0.027529416300707155
35,0,1,0,0,1,1,0,1,0,0,0,1,1,1,0,1,0,0,1,0.24269753862761878,0.7253108322429414,0.004507451042951911,0.04686012202126277,0.04686012202126277
13,1,1,0,0,0,1,1,0,1,0,0,0,1,1,1,0,0,0,0,1.1085495167086903,0.8312566322761956,0.008894046614766308,0.0818402613059327,0.0818402613059327
12,0,0,0,1,0,1,0,1,1,0,1,0,1,1,1,1,0,1,0,0.4670545770939232,0.8388580793219884,0.009318867014819062,0.08479678961103854,0.08479678961103854
62,0,0,0,1,1,1,0,1,1,0,1,1,1,0,0,1,0,0,1,0.19782613093435808,0.6592190846564381,0.0028311702861325673,0.03096578220998969,0.03096578220998969
25,0,0,0,0,0,1,0,1,1,0,0,1,1,1,0,0,0,0,1,0.37731176170740177,0.7632263722784222,0.005792955912006608,0.05802443652851541,0.05802443652851541
52,0,0,0,0,0,0,0,1,1,1,0,1,0,0,0,0,1,0,0,-0.8541590938743137,0.6796022882225629,0.00328157591746785,0.03539633014558485,0.03539633014558485
8,0,1,1,0,0,1,1,0,0,0,0,0,0,0,0,0,0,0,1,0.1712356671161295,0.8743368175545859,0.01156705087089483,0.09935054964947354,0.09935054964947354
2,0,1,0,0,0,1,0,0,0,0,0,0,0,0,0,0,0,0,0,-1.487344513545884,0.9544211124058478,0.01918286543259826,0.13658902706858933,0.13658902706858933
56,0,0,0,1,1,1,0,0,0,0,0,0,0,0,0,0,1,0,0,-1.487344513545884,0.6710090587453561,0.003085072619735503,0.03347844798497823,0.03347844798497823
12,0,0,0,0,0,1,0,0,0,0,0,0,0,0,0,0,0,0,0,-1.5072873614095552,0.8388580793219884,0.009318867014819062,0.08479678961103854,0.08479678961103854
47,0,0,0,1,0,1,0,0,0,0,0,0,0,0,1,1,0,1,0,-1.259663667102301,0.6913226781406935,0.0035659686558325962,0.038131613989117574,0.038131613989117574
2,0,1,1,0,0,1,0,0,0,0,0,0,0,0,0,0,0,1,0,-1.5155968813527516,0.9544211124058478,0.01918286543259826,0.13658902706858933,0.13658902706858933
18,0,0,0,0,0,1,0,1,0,0,1,0,0,0,0,0,0,0,1,-0.49186402435094806,0.798585597100695,0.007259843514731271,0.06980238681281059,0.06980238681281059
8,0,0,0,0,0,1,0,1,1,0,0,0,1,0,0,0,0,1,1,-0.15948322662308967,0.8743368175545859,0.01156705087089483,0.09935054964947354,0.09935054964947354
45,0,1,0,1,0,1,1,0,1,0,1,0,0,0,1,0,0,0,1,0.6565116317988026,0.6963590108821652,0.0036942216775406023,0.039349803973645514,0.039349803973645514
3,0,1,0,0,0,1,0,1,0,0,0,0,0,0,0,0,0,0,0,-0.6430972873171235,0.9373188893787414,0.017092860770546496,0.12812771737333695,0.12812771737333695
38,0,0,0,0,0,1,0,0,0,0,0,0,0,0,0,1,0,0,0,-1.487344513545884,0.7158758576100376,0.0042276442662364,0.04431696426317133,0.04431696426317133
72,0,1,0,1,0,1,1,0,1,1,1,1,1,1,1,0,1,1,1,1.6868921047551635,0.6419575496164033,0.002490279067928491,0.027529416300707155,0.027529416300707155
46,1,1,0,0,0,1,1,0,1,1,0,0,0,1,1,0,0,1,1,0.9606400617197931,0.6938140321924815,0.003628947567853564,0.038730988089776375,0.038730988089776375
71,0,0,0,1,1,1,1,0,1,1,1,0,1,0,1,0,1,0,1,1.1368018845155579,0.6435679119154606,0.0025205988088756303,0.02783802704790539,0.02783802704790539
66,0,1,0,1,1,0,0,1,0,0,0,1,1,1,0,0,1,0,0,-0.4735830804759159,0.6519909407703324,0.0026840999053434323,0.029492182160968494,0.029492182160968494
25,1,1,1,0,0,1,1,0,0,1,1,0,1,1,1,0,0,0,0,1.3678065389364196,0.7632263722784222,0.005792955912006608,0.05802443652851541,0.05802443652851541
18,1,1,0,0,0,1,0,1,0,0,1,1,1,1,1,1,0,0,1,0.5717545283781987,0.798585597100695,0.007259843514731271,0.06980238681281059,0.06980238681281059
13,0,0,0,1,1,1,0,0,0,0,0,0,0,0,1,0,1,0,1,-1.322816018670594,0.8312566322761956,0.008894046614766308,0.0818402613059327,0.0818402613059327
65,0,0,0,1,1,1,0,1,1,1,1,1,1,1,1,0,1,0,0,0.8891781902083034,0.6537547892731487,0.002719403042122667,0.02984713825493901,0.02984713825493901
60,1,1,0,1,0,1,1,0,0,1,1,0,1,0,1,0,0,1,1,1.028778125254004,0.6630148153227823,0.0029109829180785306,0.031759872056746574,0.031759872056746574
15,0,1,0,1,1,1,0,0,0,0,0,0,0,0,0,0,1,0,0,-1.5106111693868338,0.817222359631732,0.00815567933565363,0.07653518145581295,0.07653518145581295
72,0,0,0,1,0,1,0,0,0,0,0,0,0,0,1,0,1,0,0,-1.3278017306365117,0.6419575496164033,0.002490279067928491,0.027529416300707155,0.027529416300707155
30,1,1,0,1,0,1,1,0,0,0,0,0,1,1,1,0,0,0,1,0.972273389640268,0.7428424163487329,0.0050683354621543905,0.051833777579476825,0.051833777579476825
42,0,0,0,1,1,1,1,0,0,0,1,1,1,1,0,0,1,1,1,1.1833351961974583,0.7043380877631116,0.0039051573709433167,0.0413329850998293,0.0413329850998293
71,0,0,0,1,0,1,0,0,0,0,0,0,0,0,1,0,1,0,0,-1.322816018670594,0.6435679119154606,0.0025205988088756303,0.02783802704790539,0.02783802704790539
1,1,0,0,0,0,1,0,1,0,0,0,0,0,1,0,0,0,0,1,-0.3339831454302153,0.9743124842439652,0.02235010364622835,0.1468274853100915,0.1468274853100915
39,1,1,1,0,0,1,1,0,0,0,0,0,1,1,1,0,0,0,1,1.0254543172767256,0.7128864964214463,0.00414205349534239,0.043530572366621945,0.043530572366621945
35,0,0,0,0,0,1,0,0,0,0,0,0,0,0,0,0,0,0,0,-1.5139349773641124,0.7253108322429414,0.004507451042951911,0.04686012202126277,0.04686012202126277
53,0,0,0,1,1,1,1,0,0,1,1,1,1,1,0,0,0,0,1,1.444254122413827,0.6773932996244997,0.003230113874366814,0.03489628604896822,0.03489628604896822
1,1,0,0,0,0,1,1,0,0,0,0,0,1,1,1,0,0,1,1,0.9905543335153001,0.9743124842439652,0.02235010364622835,0.1468274853100915,0.1468274853100915
31,1,0,1,1,1,1,1,0,0,0,1,1,1,1,0,0,0,1,1,1.1334780765382795,0.7391329118702427,0.004945042598351195,0.05075440110013929,0.05075440110013929
48,0,1,0,0,0,1,0,0,0,0,0,0,0,0,0,0,1,0,0,-1.4840207055686052,0.6888828979881829,0.003505164885370563,0.03755076913789834,0.03755076913789834
30,0,0,1,0,1,1,1,0,0,0,0,1,1,1,1,0,0,1,1,1.2132494679929653,0.7428424163487329,0.0050683354621543905,0.051833777579476825,0.051833777579476825
10,0,1,0,0,0,1,0,0,0,0,0,0,0,0,0,0,0,0,0,-1.4890064175345232,0.8554585264638187,0.010313003097985489,0.09145336847937524,0.09145336847937524
12,0,0,0,0,1,1,1,0,0,1,1,0,1,1,1,0,0,1,1,1.3462017870841085,0.8388580793219884,0.009318867014819062,0.08479678961103854,0.08479678961103854
57,0,0,1,0,0,1,0,1,1,0,1,1,1,0,0,0,1,0,0,0.16791185913885065,0.6689574203086703,0.003039606595789443,0.03303139376725084,0.03303139376725084
58,0,0,0,1,0,1,0,1,1,1,0,0,1,0,0,0,0,0,1,0.015016692184035979,0.6669419291751147,0.0029954745981990286,0.0325962586220786,0.0325962586220786
37,0,0,0,0,0,1,0,0,0,0,0,0,0,0,0,0,1,0,0,-1.4956540334890804,0.7189405920832638,0.0043169072108659315,0.0451328504105416,0.0451328504105416
44,0,0,0,1,1,1,0,0,0,0,0,0,0,0,0,0,0,0,0,-1.5023016494436374,0.6989597866938809,0.0037619201221218337,0.03998903582240876,0.03998903582240876
27,0,1,0,0,1,1,0,0,0,0,0,0,0,0,0,1,0,0,0,-1.487344513545884,0.7546760980475697,0.005479040808994945,0.05537422178102336,0.05537422178102336
8,0,0,0,0,0,1,0,1,0,0,0,1,0,0,0,0,0,1,0,-0.5118068722146196,0.8743368175545859,0.01156705087089483,0.09935054964947354,0.09935054964947354
3,1,1,1,0,0,1,1,0,0,0,0,0,0,0,1,0,0,1,1,0.37398795373012295,0.9373188893787414,0.017092860770546496,0.12812771737333695,0.12812771737333695
25,0,0,1,1,0,1,1,0,0,1,1,0,0,1,0,0,0,0,0,0.7844782389240282,0.7632263722784222,0.005792955912006608,0.05802443652851541,0.05802443652851541
57,0,0,0,1,1,1,1,0,0,1,0,0,1,1,1,0,0,1,1,1.189982812152015,0.6689574203086703,0.003039606595789443,0.03303139376725084,0.03303139376725084
12,0,0,0,0,0,1,0,0,0,0,0,0,0,0,0,0,0,0,0,-1.5072873614095552,0.8388580793219884,0.009318867014819062,0.08479678961103854,0.08479678961103854
62,0,0,0,1,1,1,0,0,0,0,0,0,0,0,0,0,1,0,0,-1.4790349936026874,0.6592190846564381,0.0028311702861325673,0.03096578220998969,0.03096578220998969
65,0,0,0,1,0,1,1,0,0,1,1,1,1,1,1,0,1,0,1,1.4243112745501556,0.6537547892731487,0.002719403042122667,0.02984713825493901,0.02984713825493901
71,0,0,0,1,0,1,0,1,0,0,1,1,1,1,1,0,1,0,1,0.5202355047303808,0.6435679119154606,0.0025205988088756303,0.02783802704790539,0.02783802704790539
21,0,0,0,1,1,1,0,1,0,1,0,0,1,0,0,1,0,0,1,-0.19770701836179333,0.7822470612896891,0.006546583090128551,0.06419686154369075,0.06419686154369075
71,0,1,0,1,0,1,1,0,1,1,1,0,1,1,1,1,0,1,1,1.4891255301070876,0.6435679119154606,0.0025205988088756303,0.02783802704790539,0.02783802704790539
7,0,0,0,0,0,1,1,0,0,0,1,0,0,0,0,0,0,1,1,0.34407368193461596,0.8848383086630132,0.012329368360988486,0.10389128471090825,0.10389128471090825
72,0,0,0,0,0,1,0,1,1,1,1,1,0,1,0,0,1,0,1,0.2726118104231262,0.6419575496164033,0.002490279067928491,0.027529416300707155,0.027529416300707155
1,0,0,0,0,0,1,1,0,0,0,0,0,0,0,0,0,0,1,0,0.1762213790820471,0.9743124842439652,0.02235010364622835,0.1468274853100915,0.1468274853100915
72,0,0,0,1,1,1,1,0,0,1,1,1,0,1,1,0,1,0,1,1.125168556595083,0.6419575496164033,0.002490279067928491,0.027529416300707155,0.027529416300707155
64,0,0,0,1,1,1,1,0,0,1,1,1,1,1,1,1,0,1,1,1.5506159776867416,0.6555468612609421,0.002755656035094927,0.030210834407233156,0.030210834407233156
72,0,0,0,0,0,1,1,0,1,1,1,1,1,1,1,0,1,1,1,1.665287352902853,0.6419575496164033,0.002490279067928491,0.027529416300707155,0.027529416300707155
29,0,0,0,0,0,1,1,0,0,0,1,0,1,1,1,0,0,0,0,1.1883209081633759,0.746664964341879,0.005198070769814978,0.05296124339833497,0.05296124339833497
13,0,0,0,0,0,1,0,0,0,0,0,0,0,0,0,0,1,0,1,-1.4757111856254088,0.8312566322761956,0.008894046614766308,0.0818402613059327,0.0818402613059327
31,0,0,0,0,0,1,1,0,1,1,0,0,1,1,1,0,0,1,0,1.314625611299962,0.7391329118702427,0.004945042598351195,0.05075440110013929,0.05075440110013929
1,1,1,1,0,0,1,1,0,0,0,0,0,0,0,0,0,0,1,1,0.16458805116157224,0.9743124842439652,0.02235010364622835,0.1468274853100915,0.1468274853100915
7,1,1,0,1,1,0,0,1,1,0,0,1,0,0,0,0,0,1,1,-1.0070542608291284,0.8848383086630132,0.012329368360988486,0.10389128471090825,0.10389128471090825
61,1,1,0,1,0,1,1,0,0,1,1,0,1,1,1,0,0,1,1,1.3545113070273052,0.6611010360108607,0.002870516527482457,0.031357744906887475,0.031357744906887475
39,1,0,0,0,1,0,0,1,0,0,1,0,0,0,0,0,0,0,0,-1.153301811829386,0.7128864964214463,0.00414205349534239,0.043530572366621945,0.043530572366621945
10,1,1,0,1,0,1,1,0,0,0,0,0,0,0,0,0,0,1,1,0.18286899503660436,0.8554585264638187,0.010313003097985489,0.09145336847937524,0.09145336847937524
14,0,0,0,1,1,1,0,1,0,1,0,1,1,1,1,0,0,0,0,0.5202355047303808,0.8240576612486123,0.008508086494505379,0.07909398048302463,0.07909398048302463
1,1,0,0,0,0,1,1,0,0,1,0,0,0,0,1,0,0,0,1,0.5119259847871843,0.9743124842439652,0.02235010364622835,0.1468274853100915,0.1468274853100915
67,1,0,0,1,1,1,1,0,1,0,0,1,0,1,1,1,0,0,1,0.9822448135721037,0.6502545080837984,0.0026497095459112013,0.029145652408135048,0.029145652408135048
72,0,0,0,0,0,1,0,1,1,1,1,1,1,1,1,0,1,0,1,0.8825305742537461,0.6419575496164033,0.002490279067928491,0.027529416300707155,0.027529416300707155
6,1,1,0,1,1,1,0,1,0,0,0,0,0,0,0,0,0,0,1,-0.6713496551239915,0.8962011910421149,0.01321361285882388,0.10892151775419001,0.10892151775419001
1,1,0,0,0,0,1,0,0,0,0,0,0,0,0,0,0,0,0,1,-1.5023016494436374,0.9743124842439652,0.02235010364622835,0.1468274853100915,0.1468274853100915
25,0,1,0,1,1,1,0,0,0,0,0,0,0,0,0,1,0,1,0,-1.4923302255118018,0.7632263722784222,0.005792955912006608,0.05802443652851541,0.05802443652851541
33,1,0,1,0,0,1,1,0,0,1,1,1,1,1,1,0,0,1,1,1.5173778979139558,0.732029255003116,0.004715929386838689,0.04872789424351476,0.04872789424351476
18,0,1,0,0,0,1,0,1,1,0,1,1,1,0,0,0,0,1,1,0.11805473947967188,0.798585597100695,0.007259843514731271,0.06980238681281059,0.06980238681281059
71,0,1,0,1,0,1,0,1,0,1,1,1,1,1,0,0,1,0,1,0.4753640970371196,0.6435679119154606,0.0025205988088756303,0.02783802704790539,0.02783802704790539
28,0,1,1,1,1,1,0,1,0,0,0,0,0,0,1,1,0,1,1,-0.4586259445781622,0.7506071373425116,0.0053347764644180165,0.05414016114784159,0.05414016114784159
2,0,0,0,0,1,1,1,0,1,0,0,0,0,0,1,0,0,0,0,0.5235593127076592,0.9544211124058478,0.01918286543259826,0.13658902706858933,0.13658902706858933
17,0,1,0,1,1,1,0,1,0,1,1,1,0,0,1,0,0,0,1,0.06321190785457553,0.8045134998853144,0.007534869537132169,0.07190499047148602,0.07190499047148602
56,0,1,0,0,0,1,1,0,1,1,0,0,0,0,1,0,0,1,1,0.7180020793784566,0.6710090587453561,0.003085072619735503,0.03347844798497823,0.03347844798497823
60,0,0,0,1,0,0,0,1,1,1,1,0,0,1,0,1,0,1,0,-0.4902021203623088,0.6630148153227823,0.0029109829180785306,0.031759872056746574,0.031759872056746574
33,0,0,0,0,0,1,0,0,0,0,0,0,0,0,1,0,1,0,0,-1.2995493628296437,0.732029255003116,0.004715929386838689,0.04872789424351476,0.04872789424351476
1,0,0,0,0,0,1,1,0,1,1,0,1,0,0,0,0,0,0,1,0.6182878400600991,0.9743124842439652,0.02235010364622835,0.1468274853100915,0.1468274853100915
2,1,1,0,0,0,1,1,0,0,0,0,0,0,0,0,0,0,0,0,0.1961642269457189,0.9544211124058478,0.01918286543259826,0.13658902706858933,0.13658902706858933
63,0,1,0,1,0,1,1,0,1,0,0,1,0,0,1,0,1,0,1,0.6598354397760814,0.6573679996492523,0.0027928980105273514,0.030583600220822293,0.030583600220822293
7,1,1,1,1,0,1,1,0,0,0,1,0,1,1,1,0,0,1,1,1.1451114044587545,0.8848383086630132,0.012329368360988486,0.10389128471090825,0.10389128471090825
55,0,0,0,0,0,1,0,1,0,1,1,0,0,1,0,0,1,0,1,-0.00160234770235694,0.6730980579890953,0.0031319345818057722,0.033937922764987416,0.033937922764987416
65,0,0,0,1,0,1,1,0,1,1,0,1,1,0,1,1,0,0,1,1.175025676254262,0.6537547892731487,0.002719403042122667,0.02984713825493901,0.02984713825493901
1,1,1,0,1,0,1,1,0,0,0,0,1,1,0,0,0,0,1,1,0.664821151741999,0.9743124842439652,0.02235010364622835,0.1468274853100915,0.1468274853100915
63,0,1,0,0,0,1,0,0,0,0,0,0,0,0,1,0,1,0,0,-1.3145064987273976,0.6573679996492523,0.0027928980105273514,0.030583600220822293,0.030583600220822293
70,0,0,1,1,0,1,1,0,1,1,1,1,1,1,1,0,1,0,1,1.6021350013345597,0.6452021175658147,0.002551672337160255,0.02815370280249474,0.02815370280249474
36,0,0,0,1,1,0,0,1,1,0,1,1,0,0,0,0,1,0,0,-0.8026400702264956,0.7220842981429184,0.004410087057617903,0.045979950318991825,0.045979950318991825
52,1,1,0,0,0,1,1,0,0,1,1,1,1,1,0,1,0,0,1,1.336230363152273,0.6796022882225629,0.00328157591746785,0.03539633014558485,0.03539633014558485
22,1,1,0,0,0,1,0,1,1,0,0,0,0,0,1,0,0,1,1,-0.343954569362051,0.7772239626242997,0.006339847981342745,0.0625297608539006,0.0625297608539006
22,0,1,0,0,0,1,1,0,0,1,1,1,0,1,0,0,0,0,1,1.0021876614357754,0.7772239626242997,0.006339847981342745,0.0625297608539006,0.0625297608539006
5,0,0,1,0,0,1,0,1,1,1,0,1,0,0,0,0,0,0,0,-0.1628070346003683,0.9085818526659613,0.014256987321705751,0.11453932573635439,0.11453932573635439
47,1,0,0,1,0,1,1,0,0,0,1,0,0,1,0,0,0,1,1,0.6814401916283919,0.6913226781406935,0.0035659686558325962,0.038131613989117574,0.038131613989117574
33,1,0,0,0,0,1,1,0,0,0,0,0,0,1,1,0,0,1,1,0.6166259360714594,0.732029255003116,0.004715929386838689,0.04872789424351476,0.04872789424351476
18,1,1,0,0,0,0,0,1,0,1,1,0,0,0,0,0,0,0,1,-1.0402923406019144,0.798585597100695,0.007259843514731271,0.06980238681281059,0.06980238681281059
1,0,0,0,0,0,1,0,0,0,0,0,0,0,0,0,0,0,0,0,-1.4956540334890804,0.9743124842439652,0.02235010364622835,0.1468274853100915,0.1468274853100915
56,0,1,0,0,0,1,0,1,0,1,1,1,1,1,0,0,1,0,1,0.5651069124236415,0.6710090587453561,0.003085072619735503,0.03347844798497823,0.03347844798497823
2,0,0,0,0,0,1,0,0,0,0,0,0,0,0,0,0,0,0,1,-1.4890064175345232,0.9544211124058478,0.01918286543259826,0.13658902706858933,0.13658902706858933
35,0,1,0,0,0,1,0,1,1,0,1,0,0,0,1,0,0,1,1,-0.17277845853220394,0.7253108322429414,0.004507451042951911,0.04686012202126277,0.04686012202126277
64,0,0,0,1,0,1,0,0,0,0,0,0,0,0,1,0,1,0,0,-1.322816018670594,0.6555468612609421,0.002755656035094927,0.030210834407233156,0.030210834407233156
15,0,0,0,0,0,1,1,0,1,0,1,0,0,0,1,0,0,0,1,0.6498640158442452,0.817222359631732,0.00815567933565363,0.07653518145581295,0.07653518145581295
24,1,1,0,0,0,1,1,0,0,0,0,0,1,1,0,0,0,1,1,0.8492924944809603,0.7677256072562019,0.005964174846469762,0.05945002834593771,0.05945002834593771
1,0,1,0,0,0,1,0,1,0,0,0,0,0,1,0,0,0,0,0,-0.30739268161198674,0.9743124842439652,0.02235010364622835,0.1468274853100915,0.1468274853100915
70,0,0,0,1,1,1,0,1,1,0,0,1,1,1,0,0,1,0,0,0.3507212978891727,0.6452021175658147,0.002551672337160255,0.02815370280249474,0.02815370280249474
1,1,1,0,1,0,1,1,0,0,0,0,0,1,1,0,0,0,1,1,0.8625877263900749,0.9743124842439652,0.02235010364622835,0.1468274853100915,0.1468274853100915
4,1,0,0,0,1,1,1,0,0,1,0,0,1,0,1,0,0,0,0,0.8243639346513709,0.9221895280070969,0.015517187361763772,0.12087777811840728,0.12087777811840728
39,0,0,0,0,0,1,0,1,0,0,0,1,0,1,0,1,0,1,0,-0.18274988246403984,0.7128864964214463,0.00414205349534239,0.043530572366621945,0.043530572366621945
29,0,0,0,0,0,1,0,1,1,0,0,0,0,1,1,0,0,1,1,0.043269059990903753,0.746664964341879,0.005198070769814978,0.05296124339833497,0.05296124339833497
14,0,0,0,1,1,1,0,0,0,0,0,0,0,0,0,0,1,0,0,-1.5288921132618662,0.8240576612486123,0.008508086494505379,0.07909398048302463,0.07909398048302463
61,0,0,0,0,0,1,0,1,1,0,1,1,1,1,1,0,1,0,0,0.7196639833670958,0.6611010360108607,0.002870516527482457,0.031357744906887475,0.031357744906887475
13,0,1,0,0,1,1,0,1,1,0,0,0,0,0,0,0,0,0,1,-0.4220640568280977,0.8312566322761956,0.008894046614766308,0.0818402613059327,0.0818402613059327
66,0,0,0,0,0,0,0,1,1,1,1,1,0,0,0,0,1,0,1,-0.5782830317601912,0.6519909407703324,0.0026840999053434323,0.029492182160968494,0.029492182160968494
2,1,1,0,0,0,0,0,1,0,0,1,0,1,1,0,0,0,1,1,-0.5167925841805374,0.9544211124058478,0.01918286543259826,0.13658902706858933,0.13658902706858933
59,0,0,0,1,0,1,1,0,1,1,1,0,1,1,1,1,0,0,1,1.4741683942093344,0.6649614286359096,0.0029526183444970946,0.03217256791019485,0.03217256791019485
62,0,1,0,1,1,1,1,0,1,1,0,0,1,0,1,1,0,0,1,1.0021876614357754,0.6592190846564381,0.0028311702861325673,0.03096578220998969,0.03096578220998969
33,0,1,1,1,0,1,1,0,1,1,0,1,0,1,0,1,0,1,1,0.9556543497538751,0.732029255003116,0.004715929386838689,0.04872789424351476,0.04872789424351476
66,0,1,0,0,1,1,0,1,0,1,1,1,1,1,0,0,1,0,1,0.48865932894623415,0.6519909407703324,0.0026840999053434323,0.029492182160968494,0.029492182160968494
72,0,0,0,0,0,1,1,0,1,1,1,1,1,1,1,0,1,0,0,1.6702730648687705,0.6419575496164033,0.002490279067928491,0.027529416300707155,0.027529416300707155
1,1,1,0,0,1,1,0,0,0,0,0,0,0,0,0,0,0,0,0,-1.4973159374777196,0.9743124842439652,0.02235010364622835,0.1468274853100915,0.1468274853100915
19,1,0,0,0,0,1,1,0,1,1,0,0,0,1,1,0,0,1,1,1.0088352773903326,0.7929113200145855,0.0070048485392757275,0.06782398836650938,0.06782398836650938
51,0,0,0,1,1,1,1,0,1,0,0,1,1,0,1,1,0,0,1,1.0088352773903326,0.681854139199785,0.003334724055742794,0.03591111081215892,0.03591111081215892
63,0,1,0,0,0,1,1,0,0,1,0,1,1,1,1,0,0,1,0,1.3495255950613876,0.6573679996492523,0.0027928980105273514,0.030583600220822293,0.030583600220822293
27,0,1,0,0,0,1,0,0,0,0,0,0,0,0,0,1,0,0,0,-1.4856826095572444,0.7546760980475697,0.005479040808994945,0.05537422178102336,0.05537422178102336
22,1,1,0,0,0,1,1,0,1,0,0,0,1,1,1,0,0,0,1,1.2149113719816045,0.7772239626242997,0.006339847981342745,0.0625297608539006,0.0625297608539006
4,0,0,1,0,0,1,0,0,0,0,0,0,0,0,0,0,0,0,0,-1.487344513545884,0.9221895280070969,0.015517187361763772,0.12087777811840728,0.12087777811840728
42,0,1,0,1,1,1,0,0,0,0,0,0,0,0,0,0,1,0,0,-1.465739761693573,0.7043380877631116,0.0039051573709433167,0.0413329850998293,0.0413329850998293
29,0,0,0,0,0,1,0,0,0,0,0,0,0,0,0,1,0,0,0,-1.477373089614048,0.746664964341879,0.005198070769814978,0.05296124339833497,0.05296124339833497
4,1,0,0,0,0,1,1,0,0,0,0,0,0,0,0,0,0,0,1,0.1745594750934079,0.9221895280070969,0.015517187361763772,0.12087777811840728,0.12087777811840728
30,0,1,0,0,0,1,0,0,0,0,0,0,0,0,0,1,0,0,0,-1.4989778414663588,0.7428424163487329,0.0050683354621543905,0.051833777579476825,0.051833777579476825
4,1,1,0,1,0,1,1,0,0,0,0,0,0,0,1,0,0,1,1,0.32745464204822305,0.9221895280070969,0.015517187361763772,0.12087777811840728,0.12087777811840728
71,0,1,0,1,1,1,0,1,1,1,1,1,1,1,0,0,1,0,0,0.68642590359431,0.6435679119154606,0.0025205988088756303,0.02783802704790539,0.02783802704790539
46,0,1,0,1,0,0,0,1,1,0,1,1,0,0,0,0,1,0,0,-0.8109495901696921,0.6938140321924815,0.003628947567853564,0.038730988089776375,0.038730988089776375
4,1,1,0,0,0,1,0,1,0,0,0,0,0,0,1,0,0,0,0,-0.47856879244183376,0.9221895280070969,0.015517187361763772,0.12087777811840728,0.12087777811840728
7,1,0,0,0,0,1,1,0,1,0,0,0,0,0,1,0,0,0,1,0.4936450409121522,0.8848383086630132,0.012329368360988486,0.10389128471090825,0.10389128471090825
69,0,1,0,0,0,1,1,0,0,1,0,1,1,1,1,1,0,0,1,1.3428779791068302,0.6468608243449303,0.002583528294433392,0.028476690845760766,0.028476690845760766
72,0,0,0,1,0,1,1,0,1,1,1,0,1,0,1,0,1,0,0,1.1916447161406547,0.6419575496164033,0.002490279067928491,0.027529416300707155,0.027529416300707155
19,1,1,1,0,0,1,1,0,0,0,1,0,0,0,1,0,0,1,1,0.500292656866709,0.7929113200145855,0.0070048485392757275,0.06782398836650938,0.06782398836650938
28,0,1,0,0,0,1,1,0,0,0,1,1,0,1,0,0,0,1,0,0.8708972463332713,0.7506071373425116,0.0053347764644180165,0.05414016114784159,0.05414016114784159
5,1,1,0,1,0,1,1,0,0,1,0,0,0,0,1,0,0,1,1,0.4637307691166448,0.9085818526659613,0.014256987321705751,0.11453932573635439,0.11453932573635439
72,0,0,1,1,0,1,1,0,1,1,1,1,1,1,1,0,1,0,1,1.7267778004825065,0.6419575496164033,0.002490279067928491,0.027529416300707155,0.027529416300707155
8,1,1,1,1,1,1,1,0,0,0,0,0,1,0,0,0,0,0,1,0.5202355047303808,0.8743368175545859,0.01156705087089483,0.09935054964947354,0.09935054964947354
7,0,0,0,0,0,1,0,1,1,0,0,0,0,1,0,1,0,1,1,-0.18939749841859688,0.8848383086630132,0.012329368360988486,0.10389128471090825,0.10389128471090825
22,0,0,0,0,0,1,0,1,1,0,0,0,0,0,0,0,0,1,1,-0.49851164030550527,0.7772239626242997,0.006339847981342745,0.0625297608539006,0.0625297608539006
72,0,1,0,0,0,1,0,0,0,0,0,0,0,0,0,0,1,0,0,-1.5122730733754732,0.6419575496164033,0.002490279067928491,0.027529416300707155,0.027529416300707155
8,0,1,0,1,1,1,0,0,0,0,0,0,0,0,0,0,0,0,0,-1.5006397454549982,0.8743368175545859,0.01156705087089483,0.09935054964947354,0.09935054964947354
52,0,1,0,1,0,1,0,1,1,1,1,1,0,1,1,1,0,0,1,0.5518116805145274,0.6796022882225629,0.00328157591746785,0.03539633014558485,0.03539633014558485
68,0,0,0,0,0,0,0,1,1,0,1,1,0,0,0,0,1,0,0,-0.8608067098288709,0.6485447168747005,0.0026161967996319807,0.028807250213664037,0.028807250213664037
71,0,0,0,1,0,1,0,1,1,1,1,1,1,1,1,0,1,0,0,0.7695211030262745,0.6435679119154606,0.0025205988088756303,0.02783802704790539,0.02783802704790539
2,0,1,0,0,0,1,0,0,0,0,0,0,0,0,0,0,0,0,0,-1.493992129500441,0.9544211124058478,0.01918286543259826,0.13658902706858933,0.13658902706858933
34,0,0,1,0,0,1,1,0,0,1,0,1,1,0,1,0,0,1,1,1.0487209731176752,0.7286243341114813,0.004609291590527576,0.04777537654084685,0.04777537654084685
35,0,0,0,0,0,0,0,1,0,0,0,0,0,0,0,0,0,1,0,-1.351068386477462,0.7253108322429414,0.004507451042951911,0.04686012202126277,0.04686012202126277
61,0,0,0,1,1,1,0,0,0,0,0,0,0,0,0,1,0,0,0,-1.5189206893300304,0.6611010360108607,0.002870516527482457,0.031357744906887475,0.031357744906887475
1,0,1,0,0,0,1,0,1,0,0,0,0,0,0,0,0,0,1,0,-0.6912925029876631,0.9743124842439652,0.02235010364622835,0.1468274853100915,0.1468274853100915
1,1,0,0,0,0,1,0,1,0,0,0,0,0,0,1,0,0,0,1,-0.4885402163736694,0.9743124842439652,0.02235010364622835,0.1468274853100915,0.1468274853100915
53,0,0,0,1,1,1,0,1,0,0,1,0,0,1,0,1,0,0,0,-0.1395403787594181,0.6773932996244997,0.003230113874366814,0.03489628604896822,0.03489628604896822
72,0,0,0,1,0,1,0,0,0,0,0,0,0,0,1,0,1,0,0,-1.3012112668182831,0.6419575496164033,0.002490279067928491,0.027529416300707155,0.027529416300707155
2,1,1,0,1,0,1,1,0,0,0,1,0,0,0,0,0,0,1,0,0.3856212816505982,0.9544211124058478,0.01918286543259826,0.13658902706858933,0.13658902706858933
3,1,1,0,0,0,1,1,0,0,0,1,1,1,1,0,0,0,1,1,1.1268304605837223,0.9373188893787414,0.017092860770546496,0.12812771737333695,0.12812771737333695
13,1,0,1,0,0,1,1,0,1,0,0,0,1,1,1,0,0,1,1,1.1966304281065723,0.8312566322761956,0.008894046614766308,0.0818402613059327,0.0818402613059327
41,0,1,1,1,0,0,0,1,0,1,1,0,1,1,0,0,0,1,1,-0.3605736092484439,0.7071206594283597,0.003981008341391358,0.042040010297382246,0.042040010297382246
24,0,0,0,1,0,1,0,0,0,0,0,0,0,0,0,1,0,0,0,-1.4757111856254088,0.7677256072562019,0.005964174846469762,0.05945002834593771,0.05945002834593771
28,1,0,0,1,1,1,1,0,0,0,0,0,1,1,0,1,0,0,1,0.8409829745377638,0.7506071373425116,0.0053347764644180165,0.05414016114784159,0.05414016114784159
8,0,1,0,0,0,0,0,1,1,0,0,0,0,0,0,0,0,0,0,-1.1782303716589755,0.8743368175545859,0.01156705087089483,0.09935054964947354,0.09935054964947354
1,0,1,0,0,0,1,0,0,0,0,0,0,0,0,0,0,0,0,1,-1.4740492816367694,0.9743124842439652,0.02235010364622835,0.1468274853100915,0.1468274853100915
54,0,0,0,0,0,1,1,0,0,0,1,1,0,1,1,0,1,0,1,1.007173373401693,0.6752256920763566,0.003180258311786613,0.03441034838970081,0.03441034838970081
41,0,1,0,0,0,1,0,0,0,0,0,0,0,0,1,0,0,0,1,-1.3145064987273976,0.7071206594283597,0.003981008341391358,0.042040010297382246,0.042040010297382246
19,0,0,0,1,0,1,0,1,0,0,0,0,0,0,0,0,0,0,0,-0.6613782311921559,0.7929113200145855,0.0070048485392757275,0.06782398836650938,0.06782398836650938
72,0,0,0,1,1,1,0,1,1,1,1,1,1,1,1,0,1,0,0,0.9257400779583681,0.6419575496164033,0.002490279067928491,0.027529416300707155,0.027529416300707155
62,0,1,0,0,0,0,0,1,1,1,1,1,0,0,0,0,1,0,1,-0.7012639269194987,0.6592190846564381,0.0028311702861325673,0.03096578220998969,0.03096578220998969
56,0,0,1,1,1,1,0,1,1,0,0,1,1,1,0,0,1,0,1,0.2593165785140117,0.6710090587453561,0.003085072619735503,0.03347844798497823,0.03347844798497823
15,1,1,0,0,0,1,0,1,0,0,0,0,0,0,1,0,0,1,0,-0.4403450007031301,0.817222359631732,0.00815567933565363,0.07653518145581295,0.07653518145581295
10,1,1,1,0,0,1,1,0,0,0,0,0,0,1,0,0,0,1,1,0.4803498090030377,0.8554585264638187,0.010313003097985489,0.09145336847937524,0.09145336847937524
32,0,1,0,1,1,1,0,0,0,0,0,0,0,0,0,0,1,0,0,-1.5239064012959482,0.7355303895625583,0.00482771692436557,0.04972004336955682,0.04972004336955682
21,0,1,0,0,0,1,0,0,0,0,0,0,0,0,0,0,0,0,0,-1.4723873776481302,0.7822470612896891,0.006546583090128551,0.06419686154369075,0.06419686154369075
62,0,1,0,1,1,1,0,0,0,0,0,0,0,0,0,1,0,0,0,-1.4906683215231624,0.6592190846564381,0.0028311702861325673,0.03096578220998969,0.03096578220998969
2,0,0,0,0,0,0,0,1,0,0,0,0,0,0,0,0,0,1,0,-1.339435058556987,0.9544211124058478,0.01918286543259826,0.13658902706858933,0.13658902706858933
27,0,1,0,0,1,1,0,0,0,0,0,0,0,0,0,0,1,0,0,-1.4690635696708516,0.7546760980475697,0.005479040808994945,0.05537422178102336,0.05537422178102336
5,1,1,0,0,0,1,1,0,0,0,0,0,1,1,1,0,0,0,1,0.9988638534584966,0.9085818526659613,0.014256987321705751,0.11453932573635439,0.11453932573635439
25,0,0,0,0,0,0,0,1,1,1,1,0,1,1,0,1,0,1,0,-0.12458324286166463,0.7632263722784222,0.005792955912006608,0.05802443652851541,0.05802443652851541
2,1,0,0,0,0,1,1,0,0,0,0,0,0,1,1,0,0,1,1,0.6947354235375064,0.9544211124058478,0.01918286543259826,0.13658902706858933,0.13658902706858933
49,0,1,0,0,0,1,1,0,0,1,0,1,1,1,1,1,0,0,1,1.3910731947773698,0.6864927538867036,0.0034464244917631367,0.03698759780359384,0.03698759780359384
63,0,0,0,0,0,1,1,0,1,1,1,0,1,1,1,0,0,0,0,1.444254122413827,0.6573679996492523,0.0027928980105273514,0.030583600220822293,0.030583600220822293
4,0,0,0,0,1,1,0,0,0,0,0,0,0,0,0,0,0,0,0,-1.4757111856254088,0.9221895280070969,0.015517187361763772,0.12087777811840728,0.12087777811840728
1,0,0,0,1,0,1,0,1,0,0,0,0,1,0,0,0,0,0,1,-0.3157022015551832,0.9743124842439652,0.02235010364622835,0.1468274853100915,0.1468274853100915
11,0,1,0,0,0,1,0,0,0,0,0,0,0,0,0,0,0,0,0,-1.4806968975913266,0.8469074549655476,0.009789108115316166,0.08799046091721618,0.08799046091721618
52,0,1,1,0,0,1,1,0,0,0,0,0,0,0,1,0,0,0,1,0.270949906434487,0.6796022882225629,0.00328157591746785,0.03539633014558485,0.03539633014558485
60,0,0,1,1,0,1,1,0,0,1,0,0,0,1,1,0,0,1,0,0.8193782226854534,0.6630148153227823,0.0029109829180785306,0.031759872056746574,0.031759872056746574
64,0,1,0,0,0,1,1,0,0,0,1,1,1,1,1,1,0,0,1,1.3245970352317982,0.6555468612609421,0.002755656035094927,0.030210834407233156,0.030210834407233156
43,0,0,0,1,1,1,0,1,1,0,1,0,1,1,0,0,1,0,0,0.34573558592325515,0.7016186635948665,0.003832182002392298,0.04064972482294138,0.04064972482294138
61,0,0,0,1,0,1,1,0,0,0,0,1,1,1,1,1,0,0,0,1.2082637560270477,0.6611010360108607,0.002870516527482457,0.031357744906887475,0.031357744906887475
1,1,0,0,0,0,1,0,1,0,0,0,0,0,0,0,0,0,0,0,-0.6779972710785488,0.9743124842439652,0.02235010364622835,0.1468274853100915,0.1468274853100915
5,1,1,1,0,0,1,1,0,0,0,0,0,1,1,0,0,0,1,1,0.8210401266740925,0.9085818526659613,0.014256987321705751,0.11453932573635439,0.11453932573635439
66,0,1,0,0,0,1,0,1,1,1,1,1,0,0,1,0,1,0,0,0.1313499713887864,0.6519909407703324,0.0026840999053434323,0.029492182160968494,0.029492182160968494
67,0,1,0,1,0,1,1,0,1,1,1,1,1,1,0,0,1,1,1,1.5373207457776272,0.6502545080837984,0.0026497095459112013,0.029145652408135048,0.029145652408135048
42,0,0,0,1,0,1,1,0,0,0,1,1,1,1,0,0,1,0,1,1.1368018845155579,0.7043380877631116,0.0039051573709433167,0.0413329850998293,0.0413329850998293
1,1,1,1,1,0,1,1,0,0,0,0,0,1,0,1,0,0,1,1,0.7063687514579813,0.9743124842439652,0.02235010364622835,0.1468274853100915,0.1468274853100915
31,0,0,0,1,1,1,0,0,0,0,0,0,0,0,0,0,1,0,0,-1.4557683377617372,0.7391329118702427,0.004945042598351195,0.05075440110013929,0.05075440110013929
7,0,1,0,0,0,1,0,0,0,0,0,0,0,0,0,0,0,0,1,-1.5089492653981946,0.8848383086630132,0.012329368360988486,0.10389128471090825,0.10389128471090825
4,1,1,0,0,0,0,0,1,0,0,0,0,1,1,0,0,0,1,1,-0.6730115591126309,0.9221895280070969,0.015517187361763772,0.12087777811840728,0.12087777811840728
34,0,1,0,1,1,1,0,1,0,0,1,0,1,1,1,1,0,0,0,0.41221174546882683,0.7286243341114813,0.004609291590527576,0.04777537654084685,0.04777537654084685
3,0,1,0,0,0,1,0,0,0,0,0,0,0,0,0,1,0,0,1,-1.5072873614095552,0.9373188893787414,0.017092860770546496,0.12812771737333695,0.12812771737333695
19,0,0,0,1,1,0,0,1,0,0,0,0,0,0,0,0,0,0,1,-1.3278017306365117,0.7929113200145855,0.0070048485392757275,0.06782398836650938,0.06782398836650938
31,1,1,0,1,1,0,0,1,1,0,0,1,0,0,0,0,0,0,0,-0.9771399890336213,0.7391329118702427,0.004945042598351195,0.05075440110013929,0.05075440110013929
1,1,0,0,0,0,1,1,0,0,0,0,0,1,1,1,0,0,0,0,1.0254543172767256,0.9743124842439652,0.02235010364622835,0.1468274853100915,0.1468274853100915
3,0,1,0,0,0,0,0,1,1,0,1,1,0,0,0,0,0,0,0,-0.7793734143855455,0.9373188893787414,0.017092860770546496,0.12812771737333695,0.12812771737333695
46,0,1,0,1,0,1,0,0,0,0,0,0,0,0,0,0,0,1,0,-1.5023016494436374,0.6938140321924815,0.003628947567853564,0.038730988089776375,0.038730988089776375
1,1,0,0,0,0,1,0,0,0,0,0,0,0,0,0,0,0,0,0,-1.4574302417503764,0.9743124842439652,0.02235010364622835,0.1468274853100915,0.1468274853100915
69,0,0,0,1,1,1,1,0,1,0,1,0,0,0,1,1,0,0,0,0.6531878238215242,0.6468608243449303,0.002583528294433392,0.028476690845760766,0.028476690845760766
5,0,1,0,0,0,1,0,0,0,0,0,0,0,0,0,0,0,0,0,-1.4806968975913266,0.9085818526659613,0.014256987321705751,0.11453932573635439,0.11453932573635439
1,0,1,0,0,0,1,0,0,0,0,0,0,0,0,0,0,0,0,0,-1.5006397454549982,0.9743124842439652,0.02235010364622835,0.1468274853100915,0.1468274853100915
26,0,1,0,0,0,1,0,0,0,0,0,0,0,0,0,1,0,0,1,-1.4674016656822124,0.7588796606729277,0.005631521405658712,0.05666748667997901,0.05666748667997901
10,1,0,1,0,0,0,0,1,0,0,0,0,0,1,0,0,0,1,1,-1.0004066448745712,0.8554585264638187,0.010313003097985489,0.09145336847937524,0.09145336847937524
25,0,1,0,0,0,1,1,0,0,0,1,1,1,1,0,0,1,0,0,1.1467733084473937,0.7632263722784222,0.005792955912006608,0.05802443652851541,0.05802443652851541
64,0,1,0,1,1,1,1,0,1,1,0,0,0,0,0,0,0,1,0,0.5401783525940521,0.6555468612609421,0.002755656035094927,0.030210834407233156,0.030210834407233156
30,0,1,0,1,1,1,0,1,1,1,1,1,0,0,1,0,0,1,0,0.0931261796500825,0.7428424163487329,0.0050683354621543905,0.051833777579476825,0.051833777579476825
13,0,1,0,0,0,1,1,0,0,0,0,0,0,0,0,0,0,1,1,0.17788328307068677,0.8312566322761956,0.008894046614766308,0.0818402613059327,0.0818402613059327
64,0,0,0,1,0,1,1,0,1,1,1,1,1,1,1,1,0,1,1,1.6686111608801313,0.6555468612609421,0.002755656035094927,0.030210834407233156,0.030210834407233156
46,0,0,0,0,1,1,1,0,0,0,1,1,0,0,1,0,0,0,1,0.664821151741999,0.6938140321924815,0.003628947567853564,0.038730988089776375,0.038730988089776375
12,0,0,0,0,0,1,0,0,0,0,0,0,0,0,0,1,0,0,0,-1.4989778414663588,0.8388580793219884,0.009318867014819062,0.08479678961103854,0.08479678961103854
15,1,0,0,0,0,1,0,0,0,0,0,0,0,0,0,0,0,0,0,-1.4973159374777196,0.817222359631732,0.00815567933565363,0.07653518145581295,0.07653518145581295
17,1,1,0,1,1,1,1,0,0,0,0,0,1,1,1,0,0,1,1,0.9224162699810893,0.8045134998853144,0.007534869537132169,0.07190499047148602,0.07190499047148602
13,0,0,0,1,1,1,0,1,1,0,1,0,0,1,0,0,0,0,1,-0.05478327533881432,0.8312566322761956,0.008894046614766308,0.0818402613059327,0.0818402613059327
67,0,0,0,1,1,1,0,1,1,1,0,1,1,0,1,0,1,0,0,0.3058498901959121,0.6502545080837984,0.0026497095459112013,0.029145652408135048,0.029145652408135048
24,0,1,0,1,0,0,0,1,0,0,1,0,0,0,0,0,0,1,0,-1.1865398916021719,0.7677256072562019,0.005964174846469762,0.05945002834593771,0.05945002834593771
6,0,1,0,0,0,1,0,1,0,0,0,1,0,0,0,0,0,0,0,-0.4902021203623088,0.8962011910421149,0.01321361285882388,0.10892151775419001,0.10892151775419001
53,1,1,1,1,0,1,0,1,1,0,0,1,0,0,1,1,0,1,1,-0.15782132263445048,0.6773932996244997,0.003230113874366814,0.03489628604896822,0.03489628604896822
16,1,1,1,1,0,1,1,0,0,1,0,0,0,0,0,0,0,0,1,0.3158213141277477,0.8107173068575363,0.007832475449686212,0.07414442618478301,0.07414442618478301
10,0,1,0,0,0,1,0,0,0,0,0,0,0,0,0,0,0,1,0,-1.4890064175345232,0.8554585264638187,0.010313003097985489,0.09145336847937524,0.09145336847937524
13,0,0,0,0,0,1,1,0,0,1,0,0,0,0,0,1,0,0,1,0.32745464204822305,0.8312566322761956,0.008894046614766308,0.0818402613059327,0.0818402613059327
9,1,1,0,0,0,1,1,0,0,0,0,0,1,0,1,0,0,1,1,0.6831020956170311,0.8645756330248363,0.010901071741709328,0.09522425637547682,0.09522425637547682
25,1,0,0,0,0,1,0,1,1,1,1,1,1,0,0,1,0,0,0,0.3158213141277477,0.7632263722784222,0.005792955912006608,0.05802443652851541,0.05802443652851541
7,0,1,1,0,0,0,0,1,0,1,0,1,0,1,0,0,0,1,1,-0.6779972710785488,0.8848383086630132,0.012329368360988486,0.10389128471090825,0.10389128471090825
38,0,1,0,1,1,1,0,1,1,0,1,1,1,1,1,0,1,0,1,0.6847639996056708,0.7158758576100376,0.0042276442662364,0.04431696426317133,0.04431696426317133
43,0,0,0,1,0,1,1,0,1,1,0,0,0,1,1,0,0,1,1,0.9739352936289072,0.7016186635948665,0.003832182002392298,0.04064972482294138,0.04064972482294138
4,1,0,0,0,1,1,1,0,0,0,1,1,1,1,0,0,0,0,1,1.1068876127200504,0.9221895280070969,0.015517187361763772,0.12087777811840728,0.12087777811840728
25,0,0,0,0,0,1,1,0,0,1,1,1,1,1,1,0,1,1,0,1.465858874266138,0.7632263722784222,0.005792955912006608,0.05802443652851541,0.05802443652851541
27,0,1,0,0,1,1,0,1,1,1,0,0,0,0,0,1,0,0,0,-0.28578792975967576,0.7546760980475697,0.005479040808994945,0.05537422178102336,0.05537422178102336
72,0,1,0,1,1,1,0,0,0,0,0,0,0,0,1,0,1,0,0,-1.2862541309205295,0.6419575496164033,0.002490279067928491,0.027529416300707155,0.027529416300707155
71,0,1,0,0,1,1,1,0,1,1,0,0,0,0,1,1,0,0,1,0.68642590359431,0.6435679119154606,0.0025205988088756303,0.02783802704790539,0.02783802704790539
24,0,0,0,0,0,1,1,0,0,0,1,0,1,0,1,0,0,0,1,0.8027591827990604,0.7677256072562019,0.005964174846469762,0.05945002834593771,0.05945002834593771
50,1,0,0,0,0,1,1,0,1,1,0,1,1,1,1,0,1,1,1,1.4907874340957272,0.6841504128114664,0.003389643293482253,0.03644129666249096,0.03644129666249096
57,0,1,0,0,0,1,0,1,1,0,1,0,1,1,0,0,1,0,1,0.3174832181163869,0.6689574203086703,0.003039606595789443,0.03303139376725084,0.03303139376725084
15,0,0,0,0,0,1,0,1,0,1,0,0,0,0,0,0,0,1,0,-0.5300878160896517,0.817222359631732,0.00815567933565363,0.07653518145581295,0.07653518145581295
4,0,1,0,0,0,1,1,0,1,0,0,0,0,0,1,0,0,1,1,0.5086021768099055,0.9221895280070969,0.015517187361763772,0.12087777811840728,0.12087777811840728
28,0,0,0,0,0,1,0,1,1,1,0,0,0,0,0,0,0,1,0,-0.29077364172559383,0.7506071373425116,0.0053347764644180165,0.05414016114784159,0.05414016114784159
9,1,0,1,0,0,1,1,0,0,0,0,0,0,0,1,0,0,1,1,0.3241308340709442,0.8645756330248363,0.010901071741709328,0.09522425637547682,0.09522425637547682
55,0,0,0,1,0,1,1,0,1,0,0,0,1,0,1,0,0,0,1,0.8310115506059281,0.6730980579890953,0.0031319345818057722,0.033937922764987416,0.033937922764987416
3,1,1,0,0,0,1,1,0,0,0,1,0,1,1,1,0,0,1,1,1.2016161400724905,0.9373188893787414,0.017092860770546496,0.12812771737333695,0.12812771737333695
10,1,1,0,0,0,1,1,0,0,0,1,0,1,1,0,0,0,1,1,1.0005257574471362,0.8554585264638187,0.010313003097985489,0.09145336847937524,0.09145336847937524
55,0,1,0,0,1,1,0,0,0,0,0,0,0,0,0,1,0,0,0,-1.5189206893300304,0.6730980579890953,0.0031319345818057722,0.033937922764987416,0.033937922764987416
20,0,0,0,1,1,1,0,0,0,0,0,0,0,0,0,0,0,0,0,-1.477373089614048,0.7874709741517664,0.006767715032425889,0.0659587290124013,0.0659587290124013
62,0,0,0,1,1,1,1,0,0,1,0,1,1,1,1,1,0,0,1,1.371130346913698,0.6592190846564381,0.0028311702861325673,0.03096578220998969,0.03096578220998969
32,1,1,1,1,0,1,1,0,0,0,1,1,1,1,1,0,0,1,1,1.3329065551749946,0.7355303895625583,0.00482771692436557,0.04972004336955682,0.04972004336955682
43,0,0,0,0,0,1,0,0,0,0,0,0,0,0,0,0,1,0,1,-1.5006397454549982,0.7016186635948665,0.003832182002392298,0.04064972482294138,0.04064972482294138
9,1,1,0,1,0,0,0,1,0,0,0,0,0,0,0,1,0,0,0,-1.3527302904661012,0.8645756330248363,0.010901071741709328,0.09522425637547682,0.09522425637547682
60,0,0,0,1,0,1,0,1,1,1,0,1,0,0,0,0,1,0,0,-0.1644689385890075,0.6630148153227823,0.0029109829180785306,0.031759872056746574,0.031759872056746574
58,0,1,0,1,0,1,0,1,1,1,1,0,1,1,1,0,1,1,1,0.7080306554466205,0.6669419291751147,0.0029954745981990286,0.0325962586220786,0.0325962586220786
7,0,1,0,0,1,1,0,0,0,0,0,0,0,0,0,1,0,0,0,-1.5072873614095552,0.8848383086630132,0.012329368360988486,0.10389128471090825,0.10389128471090825
2,0,1,0,1,1,1,1,0,1,0,0,0,1,1,0,0,0,1,0,1.0736495329472646,0.9544211124058478,0.01918286543259826,0.13658902706858933,0.13658902706858933
37,0,1,1,0,0,0,0,1,0,1,1,0,0,0,0,0,0,1,0,-0.935592389317639,0.7189405920832638,0.0043169072108659315,0.0451328504105416,0.0451328504105416
65,0,0,1,1,1,1,1,0,0,0,1,1,1,1,1,1,0,0,1,1.2996684754022088,0.6537547892731487,0.002719403042122667,0.02984713825493901,0.02984713825493901
39,0,0,0,1,1,1,0,0,0,0,0,0,0,0,0,0,1,0,0,-1.4973159374777196,0.7128864964214463,0.00414205349534239,0.043530572366621945,0.043530572366621945
66,1,1,0,1,0,1,1,0,0,1,0,1,1,1,1,1,0,1,1,1.3046541873681263,0.6519909407703324,0.0026840999053434323,0.029492182160968494,0.029492182160968494
68,0,1,0,0,0,1,0,0,0,0,0,0,0,0,1,0,1,0,0,-1.3377731545683478,0.6485447168747005,0.0026161967996319807,0.028807250213664037,0.028807250213664037
62,0,0,0,1,1,0,0,1,1,1,0,1,1,0,0,0,1,0,0,-0.5350735280555695,0.6592190846564381,0.0028311702861325673,0.03096578220998969,0.03096578220998969
3,1,1,0,0,0,1,1,0,0,0,1,1,1,0,0,0,0,0,1,0.7828163349353886,0.9373188893787414,0.017092860770546496,0.12812771737333695,0.12812771737333695
72,0,0,0,1,0,1,1,0,1,1,1,0,1,1,1,0,1,1,1,1.4874636261184484,0.6419575496164033,0.002490279067928491,0.027529416300707155,0.027529416300707155
41,0,0,0,1,0,1,0,0,0,0,0,0,0,0,0,0,1,0,0,-1.4674016656822124,0.7071206594283597,0.003981008341391358,0.042040010297382246,0.042040010297382246
29,1,1,0,1,1,1,1,0,1,0,0,0,1,1,0,0,0,0,0,0.9922162375039397,0.746664964341879,0.005198070769814978,0.05296124339833497,0.05296124339833497
4,0,0,0,0,0,1,0,1,1,1,0,0,0,0,0,0,0,1,0,-0.3190260095324616,0.9221895280070969,0.015517187361763772,0.12087777811840728,0.12087777811840728
53,0,1,0,0,0,1,0,0,0,0,0,0,0,0,1,1,0,0,0,-1.3543921944547406,0.6773932996244997,0.003230113874366814,0.03489628604896822,0.03489628604896822
1,1,1,1,1,0,1,1,0,0,0,0,0,0,0,1,0,0,1,1,0.31914512210502655,0.9743124842439652,0.02235010364622835,0.1468274853100915,0.1468274853100915
41,1,0,0,1,1,1,0,1,1,1,1,1,0,1,1,0,0,0,0,0.5019545608553487,0.7071206594283597,0.003981008341391358,0.042040010297382246,0.042040010297382246
39,0,1,0,1,0,1,0,0,0,0,0,0,0,0,0,0,1,0,1,-1.4740492816367694,0.7128864964214463,0.00414205349534239,0.043530572366621945,0.043530572366621945
63,0,1,0,1,0,1,0,0,0,0,0,0,0,0,0,0,1,0,0,-1.5139349773641124,0.6573679996492523,0.0027928980105273514,0.030583600220822293,0.030583600220822293
15,0,1,0,0,0,1,0,0,0,0,0,0,0,0,1,0,0,1,1,-1.277944610977333,0.817222359631732,0.00815567933565363,0.07653518145581295,0.07653518145581295
13,0,0,0,1,0,1,0,1,0,0,0,0,0,0,0,1,0,1,0,-0.6979401189422203,0.8312566322761956,0.008894046614766308,0.0818402613059327,0.0818402613059327
1,0,1,0,0,0,1,0,1,0,1,0,0,0,0,0,0,0,0,1,-0.4868783123850302,0.9743124842439652,0.02235010364622835,0.1468274853100915,0.1468274853100915
1,0,1,0,0,0,1,0,0,0,0,0,0,0,0,0,0,1,0,0,-1.4740492816367694,0.9743124842439652,0.02235010364622835,0.1468274853100915,0.1468274853100915
8,1,1,1,0,0,1,1,0,0,0,0,0,0,0,0,0,0,1,1,0.16292614717293305,0.8743368175545859,0.01156705087089483,0.09935054964947354,0.09935054964947354
60,0,1,0,0,0,1,0,1,1,1,1,0,0,0,0,0,1,1,0,-0.11294991494118954,0.6630148153227823,0.0029109829180785306,0.031759872056746574,0.031759872056746574
12,1,0,1,1,0,1,1,0,0,1,1,0,1,0,1,0,0,1,1,1.1068876127200504,0.8388580793219884,0.009318867014819062,0.08479678961103854,0.08479678961103854
40,0,1,0,1,0,1,0,1,0,1,0,1,1,0,1,1,0,0,0,0.19782613093435808,0.7099691459680679,0.004059910336396862,0.04277208089669704,0.04277208089669704
66,0,0,0,0,0,1,0,1,1,1,1,0,0,0,0,0,1,0,1,-0.121259434884386,0.6519909407703324,0.0026840999053434323,0.029492182160968494,0.029492182160968494
42,0,1,0,1,1,1,0,0,0,0,0,0,0,0,0,1,0,0,0,-1.4806968975913266,0.7043380877631116,0.0039051573709433167,0.0413329850998293,0.0413329850998293
66,0,0,1,0,0,1,0,1,1,1,0,1,0,0,1,1,0,0,1,-0.03151661949786415,0.6519909407703324,0.0026840999053434323,0.029492182160968494,0.029492182160968494
49,0,1,0,0,0,1,1,0,0,1,0,0,1,1,1,0,0,1,0,1.1268304605837223,0.6864927538867036,0.0034464244917631367,0.03698759780359384,0.03698759780359384
1,1,0,0,0,0,1,0,0,0,0,0,0,0,0,0,0,0,0,0,-1.4723873776481302,0.9743124842439652,0.02235010364622835,0.1468274853100915,0.1468274853100915
41,0,0,0,0,0,1,0,0,0,0,0,0,0,0,0,0,1,0,0,-1.4890064175345232,0.7071206594283597,0.003981008341391358,0.042040010297382246,0.042040010297382246
41,0,0,0,1,1,1,0,0,0,0,0,0,0,0,0,0,1,0,0,-1.5122730733754732,0.7071206594283597,0.003981008341391358,0.042040010297382246,0.042040010297382246
23,0,0,0,1,1,1,1,0,1,1,0,1,0,0,0,0,0,0,0,0.651525919832885,0.7723876776489026,0.006146116983133188,0.060949762364490456,0.060949762364490456
3,0,1,0,0,0,0,0,1,0,0,0,0,0,0,0,0,0,1,0,-1.3194922106933153,0.9373188893787414,0.017092860770546496,0.12812771737333695,0.12812771737333695
4,0,0,0,0,0,0,0,1,1,0,1,1,0,1,0,0,0,0,0,-0.5500306639533232,0.9221895280070969,0.015517187361763772,0.12087777811840728,0.12087777811840728
52,0,0,0,1,1,1,0,0,0,0,0,0,0,0,0,0,1,0,0,-1.493992129500441,0.6796022882225629,0.00328157591746785,0.03539633014558485,0.03539633014558485
4,1,0,1,1,0,1,1,0,1,0,0,0,1,1,1,0,0,1,1,1.1567447323792293,0.9221895280070969,0.015517187361763772,0.12087777811840728,0.12087777811840728
11,0,0,0,0,0,1,1,0,0,1,1,1,0,1,0,0,0,1,1,0.977259101606186,0.8469074549655476,0.009789108115316166,0.08799046091721618,0.08799046091721618
2,0,0,0,1,0,1,0,1,1,0,0,0,0,1,0,0,0,0,1,-0.08802135511160017,0.9544211124058478,0.01918286543259826,0.13658902706858933,0.13658902706858933
26,0,0,0,1,0,1,1,0,0,1,0,0,0,0,1,0,0,0,0,0.4820117129916769,0.7588796606729277,0.005631521405658712,0.05666748667997901,0.05666748667997901
24,0,1,0,1,1,1,0,1,1,0,1,0,0,0,0,1,0,0,1,-0.28412602577103657,0.7677256072562019,0.005964174846469762,0.05945002834593771,0.05945002834593771
12,0,0,0,0,0,1,0,0,0,0,0,0,0,0,0,0,0,0,0,-1.4790349936026874,0.8388580793219884,0.009318867014819062,0.08479678961103854,0.08479678961103854
60,0,1,1,1,0,1,1,0,0,0,0,1,1,1,1,0,0,1,1,1.1368018845155579,0.6630148153227823,0.0029109829180785306,0.031759872056746574,0.031759872056746574
64,0,0,0,1,1,1,0,1,1,1,1,1,1,1,1,0,1,0,1,0.8576020144241567,0.6555468612609421,0.002755656035094927,0.030210834407233156,0.030210834407233156
66,0,1,0,1,0,1,0,1,1,1,1,1,1,1,0,0,1,0,1,0.7013830394920637,0.6519909407703324,0.0026840999053434323,0.029492182160968494,0.029492182160968494
60,0,0,0,0,0,1,1,0,0,0,1,0,0,0,1,1,0,0,1,0.4786879050143985,0.6630148153227823,0.0029109829180785306,0.031759872056746574,0.031759872056746574
17,0,1,0,1,1,1,0,1,1,0,1,0,1,0,1,1,0,0,1,0.18453089902524356,0.8045134998853144,0.007534869537132169,0.07190499047148602,0.07190499047148602
42,0,1,0,1,1,1,0,0,0,0,0,0,0,0,0,0,1,0,0,-1.5106111693868338,0.7043380877631116,0.0039051573709433167,0.0413329850998293,0.0413329850998293
1,0,1,0,0,0,1,0,1,0,0,0,0,0,0,1,0,0,1,1,-0.4868783123850302,0.9743124842439652,0.02235010364622835,0.1468274853100915,0.1468274853100915
47,0,0,0,1,1,1,0,1,0,1,0,1,0,1,0,0,1,0,0,-0.03317852348650358,0.6913226781406935,0.0035659686558325962,0.038131613989117574,0.038131613989117574
10,0,0,0,1,0,1,0,0,0,0,0,0,0,0,0,0,0,0,1,-1.470725473659491,0.8554585264638187,0.010313003097985489,0.09145336847937524,0.09145336847937524
70,0,1,1,1,0,1,0,1,1,1,1,1,1,1,1,0,1,0,1,0.7894639508899459,0.6452021175658147,0.002551672337160255,0.02815370280249474,0.02815370280249474
67,0,1,1,0,0,1,1,0,0,0,1,0,1,1,1,0,0,0,1,1.2165732759702441,0.6502545080837984,0.0026497095459112013,0.029145652408135048,0.029145652408135048
1,1,0,0,0,0,1,1,0,0,0,0,0,0,1,0,0,0,1,1,0.5700926243895595,0.9743124842439652,0.02235010364622835,0.1468274853100915,0.1468274853100915
7,1,1,0,1,0,1,1,0,0,0,0,0,0,0,0,0,0,1,1,0.15129281925245772,0.8848383086630132,0.012329368360988486,0.10389128471090825,0.10389128471090825
1,0,1,0,0,0,1,0,1,0,0,0,0,0,0,0,0,0,0,0,-0.6713496551239915,0.9743124842439652,0.02235010364622835,0.1468274853100915,0.1468274853100915
4,0,1,0,0,0,1,0,1,0,1,0,1,1,0,0,0,0,0,1,-0.03484042747514278,0.9221895280070969,0.015517187361763772,0.12087777811840728,0.12087777811840728
66,0,0,0,1,1,1,1,0,1,1,1,0,1,1,1,0,1,0,0,1.4774922021866128,0.6519909407703324,0.0026840999053434323,0.029492182160968494,0.029492182160968494
12,0,0,0,0,0,1,1,0,0,1,0,0,0,1,0,0,0,1,1,0.6581735357874418,0.8388580793219884,0.009318867014819062,0.08479678961103854,0.08479678961103854
24,0,0,0,0,0,1,0,0,0,0,0,0,0,0,0,1,0,0,0,-1.4740492816367694,0.7677256072562019,0.005964174846469762,0.05945002834593771,0.05945002834593771
26,0,1,0,0,0,1,1,0,0,1,0,0,1,0,0,0,0,1,1,0.6963973275261456,0.7588796606729277,0.005631521405658712,0.05666748667997901,0.05666748667997901
6,1,0,0,0,0,1,1,0,0,0,0,0,1,1,0,0,0,1,1,0.8742210543105496,0.8962011910421149,0.01321361285882388,0.10892151775419001,0.10892151775419001
57,0,1,0,1,0,1,1,0,0,0,1,1,1,1,1,0,1,1,0,1.4342826984819912,0.6689574203086703,0.003039606595789443,0.03303139376725084,0.03303139376725084
14,1,1,0,1,0,1,1,0,0,0,0,0,1,0,1,0,0,1,1,0.7080306554466205,0.8240576612486123,0.008508086494505379,0.07909398048302463,0.07909398048302463
42,0,0,0,1,1,1,0,0,0,0,0,0,0,0,1,0,1,1,0,-1.3909540822048048,0.7043380877631116,0.0039051573709433167,0.0413329850998293,0.0413329850998293
25,1,1,0,0,0,1,1,0,0,0,0,0,1,1,1,0,0,0,1,0.9938781414925789,0.7632263722784222,0.005792955912006608,0.05802443652851541,0.05802443652851541
64,0,0,0,1,0,1,0,0,0,0,0,0,0,0,0,0,1,0,0,-1.5072873614095552,0.6555468612609421,0.002755656035094927,0.030210834407233156,0.030210834407233156
22,1,1,0,1,0,1,1,0,0,0,0,0,0,1,1,0,0,1,1,0.6747925756738347,0.7772239626242997,0.006339847981342745,0.0625297608539006,0.0625297608539006
19,0,1,0,0,0,1,0,0,0,0,0,0,0,0,0,1,0,0,1,-1.4989778414663588,0.7929113200145855,0.0070048485392757275,0.06782398836650938,0.06782398836650938
61,1,0,0,1,1,1,1,0,0,1,0,0,1,1,1,0,0,1,1,1.141787596481476,0.6611010360108607,0.002870516527482457,0.031357744906887475,0.031357744906887475
22,0,1,0,1,0,1,1,0,0,0,1,0,1,0,0,0,0,0,1,0.7379449272421279,0.7772239626242997,0.006339847981342745,0.0625297608539006,0.0625297608539006
70,1,1,1,1,0,1,1,0,0,1,1,0,1,1,1,0,0,1,1,1.2680922996180621,0.6452021175658147,0.002551672337160255,0.02815370280249474,0.02815370280249474
12,0,1,0,0,0,1,1,0,0,0,0,0,0,1,0,0,0,0,1,0.5036164648439879,0.8388580793219884,0.009318867014819062,0.08479678961103854,0.08479678961103854
31,0,0,0,1,0,1,0,1,1,0,0,1,0,1,0,1,0,1,1,-0.026530907531946316,0.7391329118702427,0.004945042598351195,0.05075440110013929,0.05075440110013929
11,0,0,0,0,0,1,0,1,0,0,0,0,1,1,0,0,0,1,1,0.0033833642635611246,0.8469074549655476,0.009789108115316166,0.08799046091721618,0.08799046091721618
68,0,1,0,1,1,1,0,0,0,0,0,0,0,0,1,0,1,0,0,-1.2978874588410045,0.6485447168747005,0.0026161967996319807,0.028807250213664037,0.028807250213664037
72,0,0,1,1,1,1,0,1,1,1,1,1,1,1,1,0,1,0,1,0.8426448785264035,0.6419575496164033,0.002490279067928491,0.027529416300707155,0.027529416300707155
67,0,1,1,0,0,1,1,0,1,1,1,1,1,1,1,0,1,0,1,1.7051730486301957,0.6502545080837984,0.0026497095459112013,0.029145652408135048,0.029145652408135048
60,0,0,0,0,0,1,1,0,1,0,1,1,1,1,0,0,0,0,1,1.3345684591636338,0.6630148153227823,0.0029109829180785306,0.031759872056746574,0.031759872056746574
1,1,1,0,0,0,1,0,1,0,0,0,0,0,0,0,0,0,0,1,-0.656392519226238,0.9743124842439652,0.02235010364622835,0.1468274853100915,0.1468274853100915
1,1,0,1,0,1,1,1,0,0,0,0,0,0,0,0,0,0,1,1,0.20613565087755453,0.9743124842439652,0.02235010364622835,0.1468274853100915,0.1468274853100915
58,0,1,0,1,1,0,0,1,1,1,1,0,1,0,0,1,0,0,0,-0.49186402435094806,0.6669419291751147,0.0029954745981990286,0.0325962586220786,0.0325962586220786
47,1,0,1,1,1,1,1,0,0,0,0,0,0,0,0,0,0,0,0,0.19117851497980082,0.6913226781406935,0.0035659686558325962,0.038131613989117574,0.038131613989117574
1,1,0,0,0,0,1,1,0,0,0,0,0,0,1,0,0,0,1,1,0.4953069449007914,0.9743124842439652,0.02235010364622835,0.1468274853100915,0.1468274853100915
1,0,1,0,0,0,1,0,0,0,0,0,0,0,0,0,0,0,0,0,-1.4740492816367694,0.9743124842439652,0.02235010364622835,0.1468274853100915,0.1468274853100915
22,1,1,0,0,0,1,0,1,1,1,0,0,0,0,1,0,0,1,0,-0.1927213063958755,0.7772239626242997,0.006339847981342745,0.0625297608539006,0.0625297608539006
48,1,0,0,0,0,1,0,1,1,0,1,1,0,0,0,1,0,0,1,-0.14784989870261458,0.6888828979881829,0.003505164885370563,0.03755076913789834,0.03755076913789834
37,0,0,0,1,0,1,0,0,0,0,0,0,0,0,0,1,0,0,1,-1.493992129500441,0.7189405920832638,0.0043169072108659315,0.0451328504105416,0.0451328504105416
13,0,1,0,0,0,1,0,0,0,0,0,0,0,0,0,1,0,1,1,-1.4906683215231624,0.8312566322761956,0.008894046614766308,0.0818402613059327,0.0818402613059327
43,0,1,0,0,0,1,0,0,0,0,0,0,0,0,1,0,1,0,0,-1.2746208030000543,0.7016186635948665,0.003832182002392298,0.04064972482294138,0.04064972482294138
6,0,0,0,0,0,0,0,1,1,1,1,1,1,1,0,0,1,0,1,-0.04647375539561786,0.8962011910421149,0.01321361285882388,0.10892151775419001,0.10892151775419001
71,0,1,0,0,0,0,0,1,1,1,1,1,1,0,0,0,1,0,0,-0.3605736092484439,0.6435679119154606,0.0025205988088756303,0.02783802704790539,0.02783802704790539
1,1,0,1,1,1,1,1,0,0,0,0,0,0,0,0,0,0,1,1,0.14796901127517934,0.9743124842439652,0.02235010364622835,0.1468274853100915,0.1468274853100915
72,0,0,0,1,1,1,1,0,1,1,0,0,1,0,1,0,1,1,1,1.007173373401693,0.6419575496164033,0.002490279067928491,0.027529416300707155,0.027529416300707155
6,0,0,1,0,0,1,1,0,1,0,0,0,0,0,0,0,0,1,1,0.30917369817319046,0.8962011910421149,0.01321361285882388,0.10892151775419001,0.10892151775419001
12,0,1,0,1,1,0,0,1,0,1,0,1,0,0,0,0,0,0,0,-0.9738161810563427,0.8388580793219884,0.009318867014819062,0.08479678961103854,0.08479678961103854
25,1,1,0,0,0,1,1,0,0,0,0,0,0,0,0,0,0,0,0,0.20447374688891534,0.7632263722784222,0.005792955912006608,0.05802443652851541,0.05802443652851541
21,0,0,0,1,0,1,1,0,0,0,1,1,0,0,0,1,0,1,0,0.4786879050143985,0.7822470612896891,0.006546583090128551,0.06419686154369075,0.06419686154369075
6,0,0,0,1,1,1,0,1,0,0,0,1,0,0,0,0,0,0,1,-0.5317497200782911,0.8962011910421149,0.01321361285882388,0.10892151775419001,0.10892151775419001
20,1,1,0,1,0,1,1,0,0,0,0,0,1,1,0,0,0,0,1,0.8044210867876996,0.7874709741517664,0.006767715032425889,0.0659587290124013,0.0659587290124013
18,1,1,0,1,0,1,1,0,1,0,0,0,1,1,1,0,0,1,1,1.1500971164246725,0.798585597100695,0.007259843514731271,0.06980238681281059,0.06980238681281059
43,0,0,0,0,0,1,0,1,0,1,0,1,0,0,0,1,0,1,0,-0.3107164895892651,0.7016186635948665,0.003832182002392298,0.04064972482294138,0.04064972482294138
35,0,0,0,1,1,1,0,0,0,0,0,0,0,0,1,0,1,0,1,-1.3095207867614798,0.7253108322429414,0.004507451042951911,0.04686012202126277,0.04686012202126277
1,1,0,0,0,0,1,1,0,0,0,1,0,0,0,0,0,0,0,0,0.2892308503095191,0.9743124842439652,0.02235010364622835,0.1468274853100915,0.1468274853100915
32,0,1,1,1,0,1,1,0,0,1,1,0,0,1,1,0,0,1,1,0.9539924457652359,0.7355303895625583,0.00482771692436557,0.04972004336955682,0.04972004336955682
52,0,1,0,0,0,0,0,1,1,1,1,1,1,1,0,0,1,0,0,-0.029854715509224947,0.6796022882225629,0.00328157591746785,0.03539633014558485,0.03539633014558485
32,0,1,0,0,0,1,0,1,0,0,0,0,1,1,0,1,0,0,1,0.0017214602749214547,0.7355303895625583,0.00482771692436557,0.04972004336955682,0.04972004336955682
72,0,0,0,1,1,0,0,1,1,1,1,1,1,1,0,0,1,0,1,-0.03317852348650358,0.6419575496164033,0.002490279067928491,0.027529416300707155,0.027529416300707155
51,0,1,0,0,0,0,0,1,1,0,0,1,0,1,0,0,0,0,1,-0.6763353670899094,0.681854139199785,0.003334724055742794,0.03591111081215892,0.03591111081215892
68,0,1,0,1,1,1,0,0,0,0,0,0,0,0,0,0,1,0,1,-1.4906683215231624,0.6485447168747005,0.0026161967996319807,0.028807250213664037,0.028807250213664037
8,0,1,1,1,0,0,0,1,0,1,1,0,0,1,0,0,0,0,1,-0.7128972548399738,0.8743368175545859,0.01156705087089483,0.09935054964947354,0.09935054964947354
49,0,1,0,1,0,0,0,1,0,1,0,0,1,1,0,0,1,0,0,-0.5034973522714231,0.6864927538867036,0.0034464244917631367,0.03698759780359384,0.03698759780359384
72,0,0,0,1,0,1,0,1,1,1,1,1,1,1,0,0,1,0,0,0.6747925756738347,0.6419575496164033,0.002490279067928491,0.027529416300707155,0.027529416300707155
9,1,1,0,0,0,1,1,0,0,0,0,0,1,1,1,0,0,1,1,1.0204686053108076,0.8645756330248363,0.010901071741709328,0.09522425637547682,0.09522425637547682
28,1,0,0,1,0,1,1,0,1,0,0,0,1,1,0,0,0,0,1,0.915768654026532,0.7506071373425116,0.0053347764644180165,0.05414016114784159,0.05414016114784159
54,0,1,0,0,0,1,1,0,1,0,1,0,1,0,0,0,0,0,0,0.8310115506059281,0.6752256920763566,0.003180258311786613,0.03441034838970081,0.03441034838970081
11,1,1,0,0,0,1,1,0,0,1,0,0,0,0,0,0,0,1,1,0.3241308340709442,0.8469074549655476,0.009789108115316166,0.08799046091721618,0.08799046091721618
50,0,0,0,1,1,1,1,0,0,0,1,1,1,1,0,1,0,0,0,1.2714161075953405,0.6841504128114664,0.003389643293482253,0.03644129666249096,0.03644129666249096
69,0,0,0,1,0,1,1,0,1,1,1,1,1,1,1,0,1,1,1,1.701849240652917,0.6468608243449303,0.002583528294433392,0.028476690845760766,0.028476690845760766
1,0,1,0,0,0,1,1,0,0,0,0,0,0,0,0,0,0,1,1,0.1695737631274903,0.9743124842439652,0.02235010364622835,0.1468274853100915,0.1468274853100915
68,0,1,0,1,1,1,1,0,1,1,0,1,0,1,0,0,1,0,0,1.007173373401693,0.6485447168747005,0.0026161967996319807,0.028807250213664037,0.028807250213664037
40,0,1,0,0,1,0,0,1,1,1,0,1,0,0,0,1,0,0,0,-0.8159353021356099,0.7099691459680679,0.004059910336396862,0.04277208089669704,0.04277208089669704
31,0,1,0,1,1,1,0,0,0,0,0,0,0,0,1,0,1,0,0,-1.2978874588410045,0.7391329118702427,0.004945042598351195,0.05075440110013929,0.05075440110013929
33,0,0,1,0,1,1,1,0,0,1,1,0,1,1,1,0,0,0,1,1.347863691072748,0.732029255003116,0.004715929386838689,0.04872789424351476,0.04872789424351476
55,0,1,1,1,0,1,1,0,0,1,1,1,1,1,1,0,1,1,1,1.622077849198231,0.6730980579890953,0.0031319345818057722,0.033937922764987416,0.033937922764987416
68,0,1,0,1,1,1,0,0,0,0,0,0,0,0,1,0,1,0,1,-1.3560540984433798,0.6485447168747005,0.0026161967996319807,0.028807250213664037,0.028807250213664037
12,0,0,0,1,1,1,0,0,0,0,0,0,0,0,0,0,0,0,0,-1.5089492653981946,0.8388580793219884,0.009318867014819062,0.08479678961103854,0.08479678961103854
71,0,1,0,1,0,1,0,1,1,1,1,1,1,1,0,0,1,0,1,0.7080306554466205,0.6435679119154606,0.0025205988088756303,0.02783802704790539,0.02783802704790539
40,0,1,0,0,0,1,1,0,0,1,1,0,1,1,1,0,0,0,1,1.2581208756862265,0.7099691459680679,0.004059910336396862,0.04277208089669704,0.04277208089669704
64,0,0,0,1,1,1,1,0,0,1,1,0,0,1,1,1,0,1,1,0.9323876939129249,0.6555468612609421,0.002755656035094927,0.030210834407233156,0.030210834407233156
53,0,1,0,1,0,1,1,0,0,1,0,1,0,1,1,1,0,0,0,1.0952542847995757,0.6773932996244997,0.003230113874366814,0.03489628604896822,0.03489628604896822
12,1,1,1,0,0,1,1,0,0,1,1,1,0,0,0,0,0,0,1,0.6315830719692132,0.8388580793219884,0.009318867014819062,0.08479678961103854,0.08479678961103854
53,1,1,1,0,0,0,0,1,0,1,1,0,1,1,0,0,0,1,1,-0.343954569362051,0.6773932996244997,0.003230113874366814,0.03489628604896822,0.03489628604896822
72,0,1,0,1,0,1,1,0,1,1,1,0,1,0,1,0,1,0,1,1.1019019007541329,0.6419575496164033,0.002490279067928491,0.027529416300707155,0.027529416300707155
46,0,1,0,0,0,1,0,0,0,0,0,0,0,0,0,0,1,1,0,-1.4906683215231624,0.6938140321924815,0.003628947567853564,0.038730988089776375,0.038730988089776375
40,0,1,0,0,0,1,0,0,0,0,0,0,0,0,1,0,1,0,1,-1.3361112505797081,0.7099691459680679,0.004059910336396862,0.04277208089669704,0.04277208089669704
12,0,1,0,0,0,0,0,1,1,1,0,1,1,0,0,0,0,0,1,-0.4602878485668014,0.8388580793219884,0.009318867014819062,0.08479678961103854,0.08479678961103854
9,0,1,0,0,0,1,1,0,1,0,0,0,0,0,0,0,0,1,0,0.3590308178323692,0.8645756330248363,0.010901071741709328,0.09522425637547682,0.09522425637547682
51,0,0,0,1,1,1,1,0,0,0,0,1,0,0,1,0,0,1,1,0.5302069286622164,0.681854139199785,0.003334724055742794,0.03591111081215892,0.03591111081215892
49,0,1,0,1,1,1,1,0,0,1,1,0,1,0,0,0,0,0,1,0.8509543984696,0.6864927538867036,0.0034464244917631367,0.03698759780359384,0.03698759780359384
41,1,1,1,1,0,1,1,0,0,0,1,0,1,1,1,0,0,1,1,1.1633923483337865,0.7071206594283597,0.003981008341391358,0.042040010297382246,0.042040010297382246
56,0,0,0,0,0,1,0,1,1,0,1,1,0,0,0,1,0,0,1,-0.15117370667989322,0.6710090587453561,0.003085072619735503,0.03347844798497823,0.03347844798497823
4,0,1,0,0,0,1,0,0,0,0,0,0,0,0,0,0,0,1,1,-1.4823588015799658,0.9221895280070969,0.015517187361763772,0.12087777811840728,0.12087777811840728
20,0,1,0,1,0,1,0,1,1,0,0,1,0,1,0,1,0,0,1,-0.02154519556602825,0.7874709741517664,0.006767715032425889,0.0659587290124013,0.0659587290124013
26,0,0,0,1,1,1,0,0,0,0,0,0,0,0,0,0,0,0,1,-1.4806968975913266,0.7588796606729277,0.005631521405658712,0.05666748667997901,0.05666748667997901
20,1,0,0,1,1,1,1,0,0,1,1,0,1,1,1,0,0,0,1,1.3644827309591407,0.7874709741517664,0.006767715032425889,0.0659587290124013,0.0659587290124013
7,1,0,0,0,0,1,1,0,0,0,0,0,0,0,1,0,0,0,0,0.3540451058664516,0.8848383086630132,0.012329368360988486,0.10389128471090825,0.10389128471090825
7,1,1,0,0,0,1,1,0,0,0,0,0,1,1,1,0,0,1,1,0.9656257736857107,0.8848383086630132,0.012329368360988486,0.10389128471090825,0.10389128471090825
51,0,1,0,0,0,1,1,0,0,1,1,0,1,1,0,0,0,1,1,1.1368018845155579,0.681854139199785,0.003334724055742794,0.03591111081215892,0.03591111081215892
4,0,0,0,0,0,1,1,0,0,1,0,0,0,0,1,0,0,0,1,0.5152497927644627,0.9221895280070969,0.015517187361763772,0.12087777811840728,0.12087777811840728
1,0,0,0,0,0,1,0,0,0,0,0,0,0,0,0,0,0,0,0,-1.5039635534322768,0.9743124842439652,0.02235010364622835,0.1468274853100915,0.1468274853100915
27,0,1,0,1,1,1,1,0,1,1,0,1,1,0,1,0,0,1,0,1.194968524117933,0.7546760980475697,0.005479040808994945,0.05537422178102336,0.05537422178102336
22,1,1,0,0,0,1,1,0,1,0,0,0,1,1,1,0,0,1,1,1.194968524117933,0.7772239626242997,0.006339847981342745,0.0625297608539006,0.0625297608539006
12,0,1,0,0,0,1,0,1,0,1,0,1,0,0,0,0,0,0,1,-0.36722122520300116,0.8388580793219884,0.009318867014819062,0.08479678961103854,0.08479678961103854
3,1,0,0,1,1,0,0,1,0,0,0,1,0,0,0,0,0,0,1,-1.1233875400338789,0.9373188893787414,0.017092860770546496,0.12812771737333695,0.12812771737333695
34,0,0,0,1,1,1,0,0,0,0,0,0,0,0,1,1,0,0,1,-1.3028731708069223,0.7286243341114813,0.004609291590527576,0.04777537654084685,0.04777537654084685
24,0,1,0,1,0,1,0,1,1,0,0,1,0,0,1,1,0,1,1,-0.21432605824818624,0.7677256072562019,0.005964174846469762,0.05945002834593771,0.05945002834593771
51,1,1,0,0,0,1,1,0,0,0,1,0,0,0,1,0,0,0,0,0.5052783688326271,0.681854139199785,0.003334724055742794,0.03591111081215892,0.03591111081215892
14,0,0,1,0,0,0,0,1,0,0,0,0,1,1,0,0,0,1,1,-0.6131830155216162,0.8240576612486123,0.008508086494505379,0.07909398048302463,0.07909398048302463
59,0,1,0,1,0,1,1,0,1,1,1,1,1,1,1,0,1,1,0,1.627063561164149,0.6649614286359096,0.0029526183444970946,0.03217256791019485,0.03217256791019485
3,0,1,0,0,0,1,1,0,0,1,1,0,0,1,0,0,0,1,0,0.8509543984696,0.9373188893787414,0.017092860770546496,0.12812771737333695,0.12812771737333695
65,0,0,0,1,1,1,1,0,1,0,1,1,1,1,1,0,1,1,0,1.479154106175252,0.6537547892731487,0.002719403042122667,0.02984713825493901,0.02984713825493901
5,1,1,1,0,0,1,1,0,0,0,0,0,0,0,0,0,0,0,1,0.18120709104796517,0.9085818526659613,0.014256987321705751,0.11453932573635439,0.11453932573635439
59,0,0,0,1,1,1,0,1,1,1,1,1,1,1,1,0,1,0,0,0.8476305904923211,0.6649614286359096,0.0029526183444970946,0.03217256791019485,0.03217256791019485
72,0,1,0,1,1,0,0,1,1,1,1,1,1,1,0,0,1,0,1,0.015016692184035979,0.6419575496164033,0.002490279067928491,0.027529416300707155,0.027529416300707155
62,1,0,0,1,1,1,1,0,0,1,1,0,1,1,0,0,0,1,1,1.175025676254262,0.6592190846564381,0.0028311702861325673,0.03096578220998969,0.03096578220998969
28,1,1,0,0,0,1,1,0,1,1,0,0,0,1,1,0,0,0,1,0.9872305255380217,0.7506071373425116,0.0053347764644180165,0.05414016114784159,0.05414016114784159
3,0,1,0,0,0,1,0,1,0,0,0,1,0,1,0,0,0,0,0,-0.1378784747707789,0.9373188893787414,0.017092860770546496,0.12812771737333695,0.12812771737333695
19,0,1,0,0,1,1,0,0,0,0,0,0,0,0,1,0,0,0,1,-1.3527302904661012,0.7929113200145855,0.0070048485392757275,0.06782398836650938,0.06782398836650938
1,0,1,0,0,0,1,0,0,0,0,0,0,0,0,0,0,0,0,1,-1.505625457420916,0.9743124842439652,0.02235010364622835,0.1468274853100915,0.1468274853100915
24,0,1,0,0,0,1,1,0,0,1,1,1,0,0,0,0,0,1,1,0.7030449434807029,0.7677256072562019,0.005964174846469762,0.05945002834593771,0.05945002834593771
57,0,1,1,0,0,1,0,1,0,0,1,1,0,0,0,1,0,1,1,-0.3755307451461976,0.6689574203086703,0.003039606595789443,0.03303139376725084,0.03303139376725084
72,0,0,0,0,0,1,0,0,0,0,0,0,0,0,1,0,1,0,0,-1.3078588827728401,0.6419575496164033,0.002490279067928491,0.027529416300707155,0.027529416300707155
67,0,1,0,0,0,1,0,0,0,0,0,0,0,0,0,0,1,0,0,-1.4723873776481302,0.6502545080837984,0.0026497095459112013,0.029145652408135048,0.029145652408135048
52,0,1,0,1,1,1,0,0,0,0,0,0,0,0,0,1,0,0,1,-1.4607540497276552,0.6796022882225629,0.00328157591746785,0.03539633014558485,0.03539633014558485
71,0,1,0,1,1,1,0,1,1,1,1,1,1,1,1,0,1,0,0,0.8343353585832071,0.6435679119154606,0.0025205988088756303,0.02783802704790539,0.02783802704790539
26,0,0,0,1,0,1,0,0,0,0,0,0,0,0,1,1,0,0,0,-1.2895779388978081,0.7588796606729277,0.005631521405658712,0.05666748667997901,0.05666748667997901
35,0,0,0,0,0,1,1,0,1,1,1,1,1,1,1,0,1,0,1,1.6087826172891169,0.7253108322429414,0.004507451042951911,0.04686012202126277,0.04686012202126277
55,0,0,0,1,1,1,1,0,0,0,0,0,0,0,0,0,1,0,1,0.14132139532062207,0.6730980579890953,0.0031319345818057722,0.033937922764987416,0.033937922764987416
33,0,0,0,1,1,1,0,0,0,0,0,0,0,0,0,0,1,0,0,-1.4856826095572444,0.732029255003116,0.004715929386838689,0.04872789424351476,0.04872789424351476
72,0,1,0,1,0,1,1,0,1,1,1,0,1,1,1,0,1,1,1,1.4907874340957272,0.6419575496164033,0.002490279067928491,0.027529416300707155,0.027529416300707155
1,0,1,0,0,1,1,0,0,0,0,0,0,0,0,0,0,0,0,1,-1.5155968813527516,0.9743124842439652,0.02235010364622835,0.1468274853100915,0.1468274853100915
10,1,1,0,0,0,0,0,1,0,0,0,0,0,1,0,0,0,0,1,-1.0269971086928,0.8554585264638187,0.010313003097985489,0.09145336847937524,0.09145336847937524
37,0,0,1,1,0,1,1,0,0,0,1,1,1,0,0,0,0,1,0,0.8376591665604854,0.7189405920832638,0.0043169072108659315,0.0451328504105416,0.0451328504105416
12,0,1,0,0,0,0,0,1,0,1,0,1,0,0,0,0,0,0,0,-1.0236733007155214,0.8388580793219884,0.009318867014819062,0.08479678961103854,0.08479678961103854
1,0,1,0,1,1,1,0,0,0,0,0,0,0,0,0,1,0,0,0,-1.4757111856254088,0.9743124842439652,0.02235010364622835,0.1468274853100915,0.1468274853100915
62,0,1,0,1,0,0,0,1,1,1,0,1,0,0,0,0,1,0,1,-0.8707781337607066,0.6592190846564381,0.0028311702861325673,0.03096578220998969,0.03096578220998969
1,0,0,0,0,0,0,0,1,0,0,0,0,0,0,0,0,0,0,0,-1.3145064987273976,0.9743124842439652,0.02235010364622835,0.1468274853100915,0.1468274853100915
18,0,0,0,0,0,1,0,1,1,0,1,0,0,0,1,0,0,0,1,-0.1395403787594181,0.798585597100695,0.007259843514731271,0.06980238681281059,0.06980238681281059
69,1,1,1,1,0,1,1,0,0,1,0,0,1,0,1,0,0,1,1,0.8359972625718463,0.6468608243449303,0.002583528294433392,0.028476690845760766,0.028476690845760766
2,0,1,0,0,0,1,1,0,0,1,0,0,0,0,0,0,0,1,1,0.33077845002550144,0.9544211124058478,0.01918286543259826,0.13658902706858933,0.13658902706858933
19,0,1,0,1,1,1,0,0,0,0,0,0,0,0,0,0,0,0,0,-1.4690635696708516,0.7929113200145855,0.0070048485392757275,0.06782398836650938,0.06782398836650938
12,1,1,0,0,0,1,1,0,0,0,0,0,1,0,1,0,0,1,1,0.6531878238215242,0.8388580793219884,0.009318867014819062,0.08479678961103854,0.08479678961103854
9,0,1,0,0,0,1,0,0,0,0,0,0,0,0,0,0,0,0,0,-1.4757111856254088,0.8645756330248363,0.010901071741709328,0.09522425637547682,0.09522425637547682
27,0,1,0,0,0,1,0,1,1,0,1,1,1,1,0,1,0,1,0,0.561783104446363,0.7546760980475697,0.005479040808994945,0.05537422178102336,0.05537422178102336
27,1,1,0,0,1,1,1,0,0,0,0,1,0,0,1,0,0,1,1,0.48865932894623415,0.7546760980475697,0.005479040808994945,0.05537422178102336,0.05537422178102336
1,1,1,0,1,1,1,1,0,0,0,0,0,1,1,0,0,0,0,0,0.8094067987536177,0.9743124842439652,0.02235010364622835,0.1468274853100915,0.1468274853100915
24,0,0,1,0,0,1,0,0,0,0,0,0,0,0,0,0,0,0,1,-1.4790349936026874,0.7677256072562019,0.005964174846469762,0.05945002834593771,0.05945002834593771
14,1,1,1,0,0,1,1,0,0,0,0,0,0,0,1,0,0,1,1,0.3374260659800587,0.8240576612486123,0.008508086494505379,0.07909398048302463,0.07909398048302463
32,1,0,1,0,0,1,1,0,0,1,0,0,0,0,0,0,0,1,1,0.31914512210502655,0.7355303895625583,0.00482771692436557,0.04972004336955682,0.04972004336955682
11,0,0,0,0,0,1,0,0,0,0,0,0,0,0,0,1,0,0,0,-1.4890064175345232,0.8469074549655476,0.009789108115316166,0.08799046091721618,0.08799046091721618
1,0,1,0,0,0,1,0,0,0,0,0,0,0,0,1,0,0,0,1,-1.322816018670594,0.9743124842439652,0.02235010364622835,0.1468274853100915,0.1468274853100915
38,0,1,1,0,1,1,1,0,1,0,0,0,0,0,1,0,0,0,1,0.5202355047303808,0.7158758576100376,0.0042276442662364,0.04431696426317133,0.04431696426317133
9,0,0,0,1,1,1,0,0,0,0,0,0,0,0,0,0,1,0,0,-1.4973159374777196,0.8645756330248363,0.010901071741709328,0.09522425637547682,0.09522425637547682
54,0,1,0,1,1,1,0,1,1,1,0,1,0,0,1,0,1,0,1,0.028311924093150503,0.6752256920763566,0.003180258311786613,0.03441034838970081,0.03441034838970081
29,0,0,0,0,0,1,0,1,0,0,0,0,1,1,1,1,0,0,1,0.20613565087755453,0.746664964341879,0.005198070769814978,0.05296124339833497,0.05296124339833497
44,0,1,1,1,0,1,1,0,0,0,1,0,1,0,1,0,0,1,1,0.8110687027422568,0.6989597866938809,0.0037619201221218337,0.03998903582240876,0.03998903582240876
59,0,1,0,1,1,1,0,1,1,1,1,1,1,1,0,0,1,1,1,0.7296354072989315,0.6649614286359096,0.0029526183444970946,0.03217256791019485,0.03217256791019485
3,1,0,0,0,0,1,0,1,0,0,0,0,0,1,0,0,0,1,1,-0.3157022015551832,0.9373188893787414,0.017092860770546496,0.12812771737333695,0.12812771737333695
18,0,0,0,1,1,1,0,1,1,1,0,1,0,0,0,1,0,0,1,-0.10962610696391091,0.798585597100695,0.007259843514731271,0.06980238681281059,0.06980238681281059
67,0,1,1,0,0,1,0,0,0,0,0,0,0,0,1,0,1,0,0,-1.3194922106933153,0.6502545080837984,0.0026497095459112013,0.029145652408135048,0.029145652408135048
22,1,0,0,1,1,1,0,1,0,1,0,1,0,0,0,0,0,1,0,-0.32068791352110104,0.7772239626242997,0.006339847981342745,0.0625297608539006,0.0625297608539006
33,0,1,0,0,1,0,0,1,1,0,0,1,0,0,0,1,0,0,0,-1.0220113967268822,0.732029255003116,0.004715929386838689,0.04872789424351476,0.04872789424351476
5,0,1,0,0,0,1,0,0,0,0,0,0,0,0,0,0,0,0,0,-1.4906683215231624,0.9085818526659613,0.014256987321705751,0.11453932573635439,0.11453932573635439
2,0,0,0,0,0,1,0,0,0,0,0,0,0,0,0,0,0,0,0,-1.4906683215231624,0.9544211124058478,0.01918286543259826,0.13658902706858933,0.13658902706858933
72,0,1,0,1,1,1,0,1,1,1,1,1,1,1,1,0,1,0,0,0.8276877426286497,0.6419575496164033,0.002490279067928491,0.027529416300707155,0.027529416300707155
9,0,1,0,0,1,1,0,0,0,0,0,0,0,0,0,0,0,0,0,-1.4757111856254088,0.8645756330248363,0.010901071741709328,0.09522425637547682,0.09522425637547682
67,0,1,0,1,1,1,0,0,0,0,0,0,0,0,1,0,1,0,0,-1.2796065149659726,0.6502545080837984,0.0026497095459112013,0.029145652408135048,0.029145652408135048
16,1,0,0,1,0,1,1,0,0,0,0,0,1,0,1,0,0,1,1,0.6698068637079171,0.8107173068575363,0.007832475449686212,0.07414442618478301,0.07414442618478301
8,0,0,0,0,0,1,0,0,0,0,0,0,0,0,0,0,0,0,1,-1.465739761693573,0.8743368175545859,0.01156705087089483,0.09935054964947354,0.09935054964947354
5,1,1,0,0,0,0,0,1,1,1,1,1,0,0,0,0,0,0,1,-0.7162210628172524,0.9085818526659613,0.014256987321705751,0.11453932573635439,0.11453932573635439
23,1,1,0,1,1,1,0,1,0,0,0,0,0,0,1,1,0,0,1,-0.5467068559760446,0.7723876776489026,0.006146116983133188,0.060949762364490456,0.060949762364490456
1,1,1,0,0,0,1,1,0,0,0,0,0,1,0,0,0,0,1,1,0.49032123293487334,0.9743124842439652,0.02235010364622835,0.1468274853100915,0.1468274853100915
50,1,0,1,1,0,1,1,0,0,0,0,0,0,0,0,0,0,1,1,0.20779755486619372,0.6841504128114664,0.003389643293482253,0.03644129666249096,0.03644129666249096
17,0,1,0,0,0,1,0,0,0,0,0,0,0,0,0,0,1,0,0,-1.5072873614095552,0.8045134998853144,0.007534869537132169,0.07190499047148602,0.07190499047148602
68,0,0,0,1,0,1,1,0,1,1,1,0,1,1,1,0,1,0,1,1.5290112258344308,0.6485447168747005,0.0026161967996319807,0.028807250213664037,0.028807250213664037
1,1,1,0,0,0,1,1,0,0,0,0,0,1,0,1,0,0,1,0,0.6548497278101634,0.9743124842439652,0.02235010364622835,0.1468274853100915,0.1468274853100915
25,0,0,1,1,0,1,1,0,0,0,0,0,0,0,0,0,0,1,1,0.14963091526381853,0.7632263722784222,0.005792955912006608,0.05802443652851541,0.05802443652851541
67,0,1,0,0,0,0,0,1,1,0,1,1,1,0,0,1,0,0,1,-0.5134687762032588,0.6502545080837984,0.0026497095459112013,0.029145652408135048,0.029145652408135048
32,0,1,0,0,0,1,0,0,0,0,0,0,0,0,0,1,0,0,0,-1.477373089614048,0.7355303895625583,0.00482771692436557,0.04972004336955682,0.04972004336955682
67,0,0,1,1,0,1,1,0,1,1,0,0,1,1,1,1,0,1,1,1.3561732110159443,0.6502545080837984,0.0026497095459112013,0.029145652408135048,0.029145652408135048
72,0,1,1,1,0,0,0,1,1,1,1,1,1,1,0,0,1,0,1,-0.011573771634192596,0.6419575496164033,0.002490279067928491,0.027529416300707155,0.027529416300707155
71,1,1,0,1,0,1,1,0,0,1,1,1,1,1,1,0,1,0,1,1.4558874503343018,0.6435679119154606,0.0025205988088756303,0.02783802704790539,0.02783802704790539
1,0,1,0,0,1,1,0,1,0,1,0,0,0,0,0,0,0,1,1,-0.49518783232822666,0.9743124842439652,0.02235010364622835,0.1468274853100915,0.1468274853100915
46,1,1,0,0,0,0,0,1,0,1,0,0,0,0,0,0,0,0,0,-1.146654195874829,0.6938140321924815,0.003628947567853564,0.038730988089776375,0.038730988089776375
2,1,0,1,0,0,0,0,1,0,0,1,0,0,0,0,0,0,1,1,-1.1433303878975505,0.9544211124058478,0.01918286543259826,0.13658902706858933,0.13658902706858933
1,1,0,0,0,0,1,0,1,0,0,0,0,0,0,0,0,0,0,1,-0.644759191305763,0.9743124842439652,0.02235010364622835,0.1468274853100915,0.1468274853100915
48,0,0,0,1,0,1,0,1,0,1,1,0,0,1,0,1,0,1,1,0.028311924093150503,0.6888828979881829,0.003505164885370563,0.03755076913789834,0.03755076913789834
61,0,0,0,1,0,1,1,0,0,0,1,1,1,1,1,1,0,0,1,1.279725627538537,0.6611010360108607,0.002870516527482457,0.031357744906887475,0.031357744906887475
32,1,0,0,1,0,1,1,0,0,1,0,0,0,1,0,0,0,0,0,0.6432163998896885,0.7355303895625583,0.00482771692436557,0.04972004336955682,0.04972004336955682
2,0,0,0,0,0,1,0,1,0,0,0,0,0,0,0,0,0,1,0,-0.6763353670899094,0.9544211124058478,0.01918286543259826,0.13658902706858933,0.13658902706858933
3,1,0,0,0,0,1,0,0,0,0,0,0,0,0,0,0,0,1,0,-1.4973159374777196,0.9373188893787414,0.017092860770546496,0.12812771737333695,0.12812771737333695
5,1,0,0,0,0,1,1,0,0,0,0,1,0,1,0,0,0,0,1,0.6847639996056708,0.9085818526659613,0.014256987321705751,0.11453932573635439,0.11453932573635439
71,0,0,0,1,1,1,0,1,1,1,1,1,1,1,1,0,1,0,0,0.8343353585832071,0.6435679119154606,0.0025205988088756303,0.02783802704790539,0.02783802704790539
37,0,1,0,1,0,1,0,1,1,0,0,0,0,0,1,0,0,0,1,-0.32401172149837965,0.7189405920832638,0.0043169072108659315,0.0451328504105416,0.0451328504105416
65,0,1,0,1,1,1,1,0,0,0,1,1,1,1,1,0,1,0,1,1.3063160913567655,0.6537547892731487,0.002719403042122667,0.02984713825493901,0.02984713825493901
67,0,0,0,0,1,1,1,0,0,1,0,1,1,1,1,1,0,0,1,1.3894112907887302,0.6502545080837984,0.0026497095459112013,0.029145652408135048,0.029145652408135048
49,1,1,0,0,1,1,1,0,0,0,0,0,0,0,1,0,0,0,0,0.34573558592325515,0.6864927538867036,0.0034464244917631367,0.03698759780359384,0.03698759780359384
50,0,1,0,1,1,1,0,1,1,0,0,1,1,0,1,0,1,0,1,0.18951661099116163,0.6841504128114664,0.003389643293482253,0.03644129666249096,0.03644129666249096
25,0,1,0,1,1,1,0,0,0,0,0,0,0,0,0,1,0,1,0,-1.5023016494436374,0.7632263722784222,0.005792955912006608,0.05802443652851541,0.05802443652851541
17,1,0,0,0,1,1,0,1,0,0,1,0,0,0,1,1,0,0,1,-0.2974212576801508,0.8045134998853144,0.007534869537132169,0.07190499047148602,0.07190499047148602
64,0,0,0,1,1,1,0,0,0,0,0,0,0,0,1,0,1,0,1,-1.3543921944547406,0.6555468612609421,0.002755656035094927,0.030210834407233156,0.030210834407233156
25,0,1,0,1,0,0,0,1,0,0,1,0,1,0,0,1,0,0,1,-0.8873971736470995,0.7632263722784222,0.005792955912006608,0.05802443652851541,0.05802443652851541
23,1,1,1,0,0,1,1,0,0,1,1,0,1,1,1,0,0,1,1,1.3827636748341734,0.7723876776489026,0.006146116983133188,0.060949762364490456,0.060949762364490456
24,0,1,1,1,0,0,0,1,0,0,1,1,0,0,0,0,0,0,0,-1.015363780772325,0.7677256072562019,0.005964174846469762,0.05945002834593771,0.05945002834593771
37,0,0,0,0,0,1,1,0,0,0,1,0,1,1,1,0,0,1,1,1.171701868276983,0.7189405920832638,0.0043169072108659315,0.0451328504105416,0.0451328504105416
21,0,0,0,0,0,1,1,0,0,0,0,0,0,0,0,0,0,1,1,0.12802616341150802,0.7822470612896891,0.006546583090128551,0.06419686154369075,0.06419686154369075
1,0,1,0,0,0,1,0,1,0,0,0,0,0,0,0,0,0,0,1,-0.6314639593966487,0.9743124842439652,0.02235010364622835,0.1468274853100915,0.1468274853100915
10,0,0,0,0,0,1,1,0,0,0,0,0,0,0,1,0,0,0,1,0.36401652979828725,0.8554585264638187,0.010313003097985489,0.09145336847937524,0.09145336847937524
6,1,1,0,0,0,1,1,0,0,1,0,0,0,1,0,0,0,1,1,0.651525919832885,0.8962011910421149,0.01321361285882388,0.10892151775419001,0.10892151775419001
51,0,1,0,1,0,1,1,0,1,1,0,0,0,1,1,1,0,0,1,1.050382877106315,0.681854139199785,0.003334724055742794,0.03591111081215892,0.03591111081215892
10,0,0,0,0,0,1,0,0,0,0,0,0,0,0,0,0,0,0,1,-1.470725473659491,0.8554585264638187,0.010313003097985489,0.09145336847937524,0.09145336847937524
6,0,0,0,0,0,0,0,1,1,1,0,1,0,1,0,0,0,0,0,-0.4602878485668014,0.8962011910421149,0.01321361285882388,0.10892151775419001,0.10892151775419001
47,0,1,0,1,1,1,0,1,1,1,1,1,1,1,1,0,1,0,1,0.8542782064468784,0.6913226781406935,0.0035659686558325962,0.038131613989117574,0.038131613989117574
61,0,0,0,1,1,1,0,1,1,1,1,1,0,1,1,1,0,1,1,0.48533552096895577,0.6611010360108607,0.002870516527482457,0.031357744906887475,0.031357744906887475
52,0,0,0,0,0,0,0,1,1,1,1,0,1,1,0,0,1,0,1,-0.20103082633907196,0.6796022882225629,0.00328157591746785,0.03539633014558485,0.03539633014558485
35,0,0,0,1,1,1,0,1,1,1,0,0,0,0,1,0,0,0,1,-0.1777641704981218,0.7253108322429414,0.004507451042951911,0.04686012202126277,0.04686012202126277
71,0,1,0,1,0,1,1,0,0,1,1,0,1,1,1,1,0,0,1,1.3594970189932232,0.6435679119154606,0.0025205988088756303,0.02783802704790539,0.02783802704790539
6,1,0,0,0,0,1,0,1,1,1,0,0,0,0,0,0,0,1,0,-0.28412602577103657,0.8962011910421149,0.01321361285882388,0.10892151775419001,0.10892151775419001
45,0,1,0,1,0,1,0,1,1,0,1,0,0,0,0,0,1,0,0,-0.38217836110075487,0.6963590108821652,0.0036942216775406023,0.039349803973645514,0.039349803973645514
2,1,0,1,0,0,1,1,0,0,0,0,0,1,0,1,0,0,1,1,0.6897497115715884,0.9544211124058478,0.01918286543259826,0.13658902706858933,0.13658902706858933
4,1,0,0,0,0,1,0,1,0,1,0,0,1,1,0,0,0,0,1,0.12802616341150802,0.9221895280070969,0.015517187361763772,0.12087777811840728,0.12087777811840728
2,0,1,0,0,0,0,0,1,0,0,0,0,0,0,0,0,0,0,0,-1.3460826745115442,0.9544211124058478,0.01918286543259826,0.13658902706858933,0.13658902706858933
4,1,1,0,0,0,1,1,0,0,0,0,0,1,0,0,0,0,1,0,0.4338164973211373,0.9221895280070969,0.015517187361763772,0.12087777811840728,0.12087777811840728
51,0,1,0,0,0,1,0,1,1,0,0,1,0,0,1,1,0,0,0,-0.1628070346003683,0.681854139199785,0.003334724055742794,0.03591111081215892,0.03591111081215892
60,0,1,0,1,1,1,0,0,0,0,0,0,0,0,1,1,0,0,0,-1.357716002432019,0.6630148153227823,0.0029109829180785306,0.031759872056746574,0.031759872056746574
9,0,1,0,0,0,1,0,0,0,0,0,0,0,0,0,1,0,0,1,-1.4840207055686052,0.8645756330248363,0.010901071741709328,0.09522425637547682,0.09522425637547682
3,1,1,0,0,0,1,1,0,0,1,1,0,1,1,1,0,0,0,1,1.347863691072748,0.9373188893787414,0.017092860770546496,0.12812771737333695,0.12812771737333695
17,0,1,0,0,0,1,1,0,0,0,1,1,0,1,1,0,0,0,1,1.0254543172767256,0.8045134998853144,0.007534869537132169,0.07190499047148602,0.07190499047148602
8,1,0,0,0,0,1,1,0,0,0,0,0,1,0,1,0,0,1,1,0.7396068312307671,0.8743368175545859,0.01156705087089483,0.09935054964947354,0.09935054964947354
46,0,1,0,1,1,1,0,1,1,0,1,1,1,1,0,0,1,0,0,0.5385164486054129,0.6938140321924815,0.003628947567853564,0.038730988089776375,0.038730988089776375
68,0,0,0,0,0,1,0,1,1,1,1,1,1,1,0,0,1,0,1,0.5867116642759524,0.6485447168747005,0.0026161967996319807,0.028807250213664037,0.028807250213664037
1,1,1,0,0,0,1,0,1,0,0,0,0,1,0,0,0,0,0,1,-0.3755307451461976,0.9743124842439652,0.02235010364622835,0.1468274853100915,0.1468274853100915
4,0,0,0,1,0,1,0,0,0,0,0,0,0,0,0,1,0,0,0,-1.4723873776481302,0.9221895280070969,0.015517187361763772,0.12087777811840728,0.12087777811840728
1,1,0,0,0,0,0,0,1,0,0,0,0,0,0,0,0,0,0,1,-1.3194922106933153,0.9743124842439652,0.02235010364622835,0.1468274853100915,0.1468274853100915
28,0,1,0,0,1,1,0,1,0,1,0,1,0,0,0,1,0,0,1,-0.3456164733506904,0.7506071373425116,0.0053347764644180165,0.05414016114784159,0.05414016114784159
39,0,0,0,0,0,1,0,1,0,1,0,0,1,0,0,1,0,0,1,-0.20601653830498978,0.7128864964214463,0.00414205349534239,0.043530572366621945,0.043530572366621945
11,0,1,0,0,0,1,1,0,0,0,1,0,0,1,0,0,0,1,0,0.664821151741999,0.8469074549655476,0.009789108115316166,0.08799046091721618,0.08799046091721618
71,0,0,0,1,0,0,0,1,0,1,1,1,1,1,0,0,1,0,1,-0.11294991494118954,0.6435679119154606,0.0025205988088756303,0.02783802704790539,0.02783802704790539
2,0,1,0,0,1,1,0,0,0,0,0,0,0,0,0,0,0,0,0,-1.4757111856254088,0.9544211124058478,0.01918286543259826,0.13658902706858933,0.13658902706858933
30,1,1,1,1,0,1,1,0,0,1,1,0,0,0,0,0,0,0,1,0.4936450409121522,0.7428424163487329,0.0050683354621543905,0.051833777579476825,0.051833777579476825
17,0,0,0,0,0,1,0,0,0,0,0,0,0,0,0,1,0,0,0,-1.4840207055686052,0.8045134998853144,0.007534869537132169,0.07190499047148602,0.07190499047148602
55,0,0,0,1,0,1,1,0,0,1,1,0,1,0,1,0,0,0,1,0.9855686215493825,0.6730980579890953,0.0031319345818057722,0.033937922764987416,0.033937922764987416
58,0,0,0,0,0,1,1,0,1,0,0,0,0,0,1,0,0,0,1,0.4986307528780698,0.6669419291751147,0.0029954745981990286,0.0325962586220786,0.0325962586220786
5,1,0,0,0,0,1,0,1,1,0,0,1,0,0,0,0,0,1,0,-0.35226408930524744,0.9085818526659613,0.014256987321705751,0.11453932573635439,0.11453932573635439
1,1,0,1,0,0,1,0,0,0,0,0,0,0,0,0,0,0,1,1,-1.5072873614095552,0.9743124842439652,0.02235010364622835,0.1468274853100915,0.1468274853100915
9,0,1,1,0,0,1,1,0,0,0,0,0,0,0,1,0,0,1,1,0.30751179418455127,0.8645756330248363,0.010901071741709328,0.09522425637547682,0.09522425637547682
26,0,1,0,0,0,1,0,1,0,0,0,1,0,0,0,0,0,0,0,-0.520116392157816,0.7588796606729277,0.005631521405658712,0.05666748667997901,0.05666748667997901
50,0,0,0,0,0,1,0,0,0,0,0,0,0,0,0,0,1,0,0,-1.5089492653981946,0.6841504128114664,0.003389643293482253,0.03644129666249096,0.03644129666249096
72,0,0,0,1,0,1,1,0,1,1,1,1,1,1,1,0,1,0,1,1.6237397531868707,0.6419575496164033,0.002490279067928491,0.027529416300707155,0.027529416300707155
43,0,0,0,0,1,1,1,0,1,1,0,1,1,1,0,1,0,0,1,1.3694684429250588,0.7016186635948665,0.003832182002392298,0.04064972482294138,0.04064972482294138
56,0,1,0,0,0,1,0,0,0,0,0,0,0,0,1,0,1,0,1,-1.2912398428864473,0.6710090587453561,0.003085072619735503,0.03347844798497823,0.03347844798497823
1,0,0,0,0,0,1,0,0,0,0,0,0,0,0,0,0,0,0,0,-1.5189206893300304,0.9743124842439652,0.02235010364622835,0.1468274853100915,0.1468274853100915
72,1,1,0,1,1,1,1,0,0,1,1,0,1,1,1,0,1,1,1,1.2830494355158157,0.6419575496164033,0.002490279067928491,0.027529416300707155,0.027529416300707155
72,0,1,0,1,0,1,1,0,1,1,0,1,0,1,1,0,1,0,1,1.1883209081633759,0.6419575496164033,0.002490279067928491,0.027529416300707155,0.027529416300707155
36,0,1,0,1,0,1,1,0,0,0,0,0,1,1,1,0,0,1,1,1.0171447973335292,0.7220842981429184,0.004410087057617903,0.045979950318991825,0.045979950318991825
5,0,1,0,0,0,1,0,1,0,0,1,1,1,1,0,0,0,0,0,0.34407368193461596,0.9085818526659613,0.014256987321705751,0.11453932573635439,0.11453932573635439
13,1,0,0,0,0,1,1,0,0,1,1,0,0,0,1,0,0,1,1,0.6531878238215242,0.8312566322761956,0.008894046614766308,0.0818402613059327,0.0818402613059327
44,0,0,1,0,0,1,1,0,0,1,1,0,0,1,0,1,0,0,0,0.8094067987536177,0.6989597866938809,0.0037619201221218337,0.03998903582240876,0.03998903582240876
70,0,0,1,1,1,1,1,0,0,1,1,1,1,1,1,1,0,1,1,1.432620794493352,0.6452021175658147,0.002551672337160255,0.02815370280249474,0.02815370280249474
44,0,1,0,0,0,1,0,0,0,0,0,0,0,0,0,1,0,0,0,-1.505625457420916,0.6989597866938809,0.0037619201221218337,0.03998903582240876,0.03998903582240876
32,1,0,1,1,0,1,1,0,0,0,0,0,1,0,1,0,0,0,1,0.7030449434807029,0.7355303895625583,0.00482771692436557,0.04972004336955682,0.04972004336955682
69,0,0,0,1,0,1,0,0,0,0,0,0,0,0,1,0,1,0,1,-1.3244779226592331,0.6468608243449303,0.002583528294433392,0.028476690845760766,0.028476690845760766
16,1,0,1,0,0,1,0,1,0,0,0,1,1,0,0,0,0,1,0,-0.1794260744867612,0.8107173068575363,0.007832475449686212,0.07414442618478301,0.07414442618478301
68,0,1,1,1,1,1,0,0,0,0,0,0,0,0,0,1,0,0,0,-1.505625457420916,0.6485447168747005,0.0026161967996319807,0.028807250213664037,0.028807250213664037
16,0,1,0,0,0,1,1,0,0,0,0,0,0,0,0,0,0,0,1,0.1712356671161295,0.8107173068575363,0.007832475449686212,0.07414442618478301,0.07414442618478301
68,0,1,0,1,1,1,0,1,1,1,0,1,1,1,0,0,1,0,0,0.6000068961850665,0.6485447168747005,0.0026161967996319807,0.028807250213664037,0.028807250213664037
4,0,1,0,0,0,1,0,0,0,0,0,0,0,0,0,0,0,0,0,-1.522244497307309,0.9221895280070969,0.015517187361763772,0.12087777811840728,0.12087777811840728
26,0,0,0,1,1,0,0,1,1,1,0,1,0,0,0,0,0,0,0,-0.86246861381751,0.7588796606729277,0.005631521405658712,0.05666748667997901,0.05666748667997901
29,1,0,0,0,0,0,0,1,0,1,0,0,0,0,0,0,0,1,1,-1.1366827719429933,0.746664964341879,0.005198070769814978,0.05296124339833497,0.05296124339833497
5,0,1,0,0,1,1,0,0,0,0,0,0,0,0,0,0,0,0,0,-1.477373089614048,0.9085818526659613,0.014256987321705751,0.11453932573635439,0.11453932573635439
70,0,1,0,1,0,1,1,0,0,1,1,0,1,0,1,1,0,0,1,1.0038495654244146,0.6452021175658147,0.002551672337160255,0.02815370280249474,0.02815370280249474
24,0,1,0,1,0,1,0,1,1,0,0,1,1,1,0,1,0,0,0,0.31914512210502655,0.7677256072562019,0.005964174846469762,0.05945002834593771,0.05945002834593771
72,0,0,1,1,0,1,0,1,1,1,1,1,0,1,1,0,1,0,0,0.4537593451848091,0.6419575496164033,0.002490279067928491,0.027529416300707155,0.027529416300707155
1,0,1,0,0,0,1,1,0,0,0,0,1,0,0,0,0,0,0,1,0.3158213141277477,0.9743124842439652,0.02235010364622835,0.1468274853100915,0.1468274853100915
70,0,1,0,1,0,0,0,1,0,1,1,1,0,1,0,1,0,0,1,-0.456964040589523,0.6452021175658147,0.002551672337160255,0.02815370280249474,0.02815370280249474
36,0,0,0,1,1,1,0,0,0,0,0,0,0,0,0,0,0,0,0,-1.5155968813527516,0.7220842981429184,0.004410087057617903,0.045979950318991825,0.045979950318991825
38,1,0,1,0,0,1,1,0,0,0,0,1,1,1,1,0,0,1,1,1.15508282839059,0.7158758576100376,0.0042276442662364,0.04431696426317133,0.04431696426317133
17,1,0,0,0,0,1,1,0,0,0,0,0,0,0,0,0,0,1,1,0.1728975711047687,0.8045134998853144,0.007534869537132169,0.07190499047148602,0.07190499047148602
41,0,0,0,1,1,1,1,0,0,1,1,1,1,1,1,1,0,0,1,1.4725064902206948,0.7071206594283597,0.003981008341391358,0.042040010297382246,0.042040010297382246
1,1,0,0,0,0,1,0,1,0,0,0,0,0,0,0,0,0,1,1,-0.6480829992830416,0.9743124842439652,0.02235010364622835,0.1468274853100915,0.1468274853100915
2,1,1,0,0,0,0,0,1,0,0,0,1,0,0,0,0,0,0,0,-1.1616113317725827,0.9544211124058478,0.01918286543259826,0.13658902706858933,0.13658902706858933
14,0,1,0,0,0,1,1,0,0,0,1,0,0,0,0,0,0,1,0,0.38728318563923747,0.8240576612486123,0.008508086494505379,0.07909398048302463,0.07909398048302463
2,1,1,1,0,0,1,1,0,0,1,1,1,0,1,0,0,0,0,1,1.007173373401693,0.9544211124058478,0.01918286543259826,0.13658902706858933,0.13658902706858933
1,1,1,0,0,0,1,0,0,0,0,0,0,0,0,0,0,0,0,0,-1.4956540334890804,0.9743124842439652,0.02235010364622835,0.1468274853100915,0.1468274853100915
13,0,1,0,1,1,1,0,1,0,1,1,1,1,0,1,0,0,1,1,0.26596419446856895,0.8312566322761956,0.008894046614766308,0.0818402613059327,0.0818402613059327
6,0,1,0,0,0,1,0,0,0,0,0,0,0,0,0,0,0,0,0,-1.5239064012959482,0.8962011910421149,0.01321361285882388,0.10892151775419001,0.10892151775419001
4,1,0,0,0,0,1,1,0,0,1,0,0,0,0,0,0,0,0,1,0.39393080159379473,0.9221895280070969,0.015517187361763772,0.12087777811840728,0.12087777811840728
5,1,0,0,1,1,1,1,0,0,1,0,1,1,1,0,0,0,0,1,1.141787596481476,0.9085818526659613,0.014256987321705751,0.11453932573635439,0.11453932573635439
15,0,0,0,1,0,1,1,0,1,0,1,0,1,1,0,0,0,1,0,1.2282066038907191,0.817222359631732,0.00815567933565363,0.07653518145581295,0.07653518145581295
47,0,0,0,0,0,1,1,0,1,0,0,0,0,0,0,0,0,0,0,0.3540451058664516,0.6913226781406935,0.0035659686558325962,0.038131613989117574,0.038131613989117574
8,0,0,0,0,0,1,0,1,0,0,1,1,0,1,0,0,0,0,0,-0.02320709955466792,0.8743368175545859,0.01156705087089483,0.09935054964947354,0.09935054964947354
17,0,1,0,0,0,0,0,1,0,0,0,0,0,0,0,0,0,0,1,-1.3012112668182831,0.8045134998853144,0.007534869537132169,0.07190499047148602,0.07190499047148602
15,0,1,0,1,1,1,1,0,1,0,0,0,0,0,0,0,0,0,0,0.34241177794597627,0.817222359631732,0.00815567933565363,0.07653518145581295,0.07653518145581295
26,0,0,0,0,0,1,1,0,1,0,1,1,0,1,0,1,0,0,1,1.0321019332312824,0.7588796606729277,0.005631521405658712,0.05666748667997901,0.05666748667997901
23,0,0,0,0,0,1,0,1,1,0,0,0,0,0,1,0,0,1,0,-0.3456164733506904,0.7723876776489026,0.006146116983133188,0.060949762364490456,0.060949762364490456
4,0,0,1,0,0,1,1,0,0,1,0,0,0,0,0,0,0,1,0,0.26430229047992976,0.9221895280070969,0.015517187361763772,0.12087777811840728,0.12087777811840728
29,0,1,0,0,1,1,0,0,0,0,0,0,0,0,0,1,0,0,0,-1.493992129500441,0.746664964341879,0.005198070769814978,0.05296124339833497,0.05296124339833497
25,0,0,0,0,0,1,0,0,0,0,0,0,0,0,0,0,0,0,0,-1.5205825933186699,0.7632263722784222,0.005792955912006608,0.05802443652851541,0.05802443652851541
9,1,1,0,0,0,1,0,1,0,0,0,0,0,0,0,0,0,0,0,-0.6597163272035164,0.8645756330248363,0.010901071741709328,0.09522425637547682,0.09522425637547682
18,1,1,0,1,0,1,0,1,0,0,1,0,0,0,0,0,0,0,1,-0.5068211602487017,0.798585597100695,0.007259843514731271,0.06980238681281059,0.06980238681281059
3,0,1,1,0,0,1,1,0,0,0,0,0,1,1,1,0,0,1,1,0.9988638534584966,0.9373188893787414,0.017092860770546496,0.12812771737333695,0.12812771737333695
69,0,0,0,1,1,0,0,1,1,1,1,1,0,0,0,0,1,0,0,-0.616506823498895,0.6468608243449303,0.002583528294433392,0.028476690845760766,0.028476690845760766
14,0,1,0,0,0,1,0,0,0,0,0,0,0,0,0,1,0,0,0,-1.5106111693868338,0.8240576612486123,0.008508086494505379,0.07909398048302463,0.07909398048302463
19,0,1,0,0,0,1,0,1,0,0,0,0,1,1,1,0,0,0,0,0.15960233919565417,0.7929113200145855,0.0070048485392757275,0.06782398836650938,0.06782398836650938
39,0,1,1,0,0,1,1,0,0,1,0,0,0,1,1,0,0,1,0,0.8609258224014357,0.7128864964214463,0.00414205349534239,0.043530572366621945,0.043530572366621945
31,0,1,0,0,0,1,1,0,0,1,1,0,1,1,0,0,0,1,1,1.2165732759702441,0.7391329118702427,0.004945042598351195,0.05075440110013929,0.05075440110013929
24,0,1,0,1,1,1,0,0,0,0,0,0,0,0,0,1,0,0,0,-1.4806968975913266,0.7677256072562019,0.005964174846469762,0.05945002834593771,0.05945002834593771
14,0,1,0,1,0,1,0,1,0,0,0,1,0,0,0,0,0,0,0,-0.5317497200782911,0.8240576612486123,0.008508086494505379,0.07909398048302463,0.07909398048302463
64,0,0,0,1,0,1,0,1,1,1,1,1,0,1,0,0,1,0,1,0.3174832181163869,0.6555468612609421,0.002755656035094927,0.030210834407233156,0.030210834407233156
50,0,0,0,0,0,1,0,0,0,0,0,0,0,0,0,1,0,0,1,-1.5106111693868338,0.6841504128114664,0.003389643293482253,0.03644129666249096,0.03644129666249096
52,0,1,0,1,1,1,0,1,0,1,1,1,1,0,0,1,0,1,1,0.1313499713887864,0.6796022882225629,0.00328157591746785,0.03539633014558485,0.03539633014558485
28,0,1,0,0,0,1,1,0,0,1,0,0,1,1,1,1,0,1,0,1.176687580242901,0.7506071373425116,0.0053347764644180165,0.05414016114784159,0.05414016114784159
21,0,0,0,0,0,1,0,0,0,0,0,0,0,0,0,0,1,0,1,-1.4607540497276552,0.7822470612896891,0.006546583090128551,0.06419686154369075,0.06419686154369075
25,1,1,0,0,1,1,1,0,0,1,0,0,1,1,0,0,0,1,1,1.033763837219922,0.7632263722784222,0.005792955912006608,0.05802443652851541,0.05802443652851541
17,0,0,0,1,0,1,0,0,0,0,0,0,0,0,0,1,0,0,0,-1.5106111693868338,0.8045134998853144,0.007534869537132169,0.07190499047148602,0.07190499047148602
58,0,1,0,1,0,0,0,1,0,0,0,0,1,1,0,1,0,0,1,-0.6580544232148772,0.6669419291751147,0.0029954745981990286,0.0325962586220786,0.0325962586220786
17,1,1,1,1,0,1,1,0,0,0,0,0,0,1,0,0,0,0,0,0.5551354884918058,0.8045134998853144,0.007534869537132169,0.07190499047148602,0.07190499047148602
51,0,0,0,1,0,1,0,0,0,0,0,0,0,0,1,0,1,0,0,-1.306196978784201,0.681854139199785,0.003334724055742794,0.03591111081215892,0.03591111081215892
72,0,1,0,1,1,0,0,1,1,0,1,1,1,0,0,0,1,0,0,-0.5284259121010125,0.6419575496164033,0.002490279067928491,0.027529416300707155,0.027529416300707155
52,1,1,0,1,0,1,1,0,1,0,0,0,1,0,0,0,0,1,0,0.6415544959010488,0.6796022882225629,0.00328157591746785,0.03539633014558485,0.03539633014558485
27,0,0,0,0,0,1,0,0,0,0,0,0,0,0,0,0,1,0,1,-1.5023016494436374,0.7546760980475697,0.005479040808994945,0.05537422178102336,0.05537422178102336
3,0,0,0,0,0,1,0,0,0,0,0,0,0,0,0,0,0,0,0,-1.4890064175345232,0.9373188893787414,0.017092860770546496,0.12812771737333695,0.12812771737333695
64,0,0,0,1,0,1,0,1,1,1,1,1,0,1,1,0,1,0,1,0.5484878725372485,0.6555468612609421,0.002755656035094927,0.030210834407233156,0.030210834407233156
45,0,0,0,1,0,1,1,0,0,0,0,1,1,1,0,0,1,0,1,1.0104971813789718,0.6963590108821652,0.0036942216775406023,0.039349803973645514,0.039349803973645514
3,1,1,1,1,0,0,0,1,0,0,0,0,1,0,0,0,0,0,1,-0.942240005272196,0.9373188893787414,0.017092860770546496,0.12812771737333695,0.12812771737333695
71,0,0,0,1,0,1,0,1,0,1,1,1,1,1,1,0,1,0,1,0.6149640320828202,0.6435679119154606,0.0025205988088756303,0.02783802704790539,0.02783802704790539
1,1,0,1,0,0,0,0,1,0,0,0,0,0,0,0,0,0,0,0,-1.3211541146819548,0.9743124842439652,0.02235010364622835,0.1468274853100915,0.1468274853100915
58,0,0,0,1,1,1,0,0,0,0,0,0,0,0,0,0,1,0,0,-1.4790349936026874,0.6669419291751147,0.0029954745981990286,0.0325962586220786,0.0325962586220786
34,0,1,0,1,1,1,1,0,0,1,1,0,1,0,0,0,0,1,1,0.8326734545945673,0.7286243341114813,0.004609291590527576,0.04777537654084685,0.04777537654084685
8,1,0,0,0,0,1,0,1,1,0,0,0,0,0,0,0,0,1,1,-0.49684973631686585,0.8743368175545859,0.01156705087089483,0.09935054964947354,0.09935054964947354
15,0,0,0,1,1,1,0,0,0,0,0,0,0,0,0,0,0,0,0,-1.4956540334890804,0.817222359631732,0.00815567933565363,0.07653518145581295,0.07653518145581295
66,0,1,0,1,1,0,0,1,0,0,1,1,1,1,0,0,1,0,0,-0.33730695340749395,0.6519909407703324,0.0026840999053434323,0.029492182160968494,0.029492182160968494
12,0,1,1,0,0,0,0,1,0,1,0,0,0,0,0,0,0,0,1,-1.1782303716589755,0.8388580793219884,0.009318867014819062,0.08479678961103854,0.08479678961103854
58,0,1,0,0,0,1,0,0,0,0,0,0,0,0,0,0,1,0,1,-1.5172587853413912,0.6669419291751147,0.0029954745981990286,0.0325962586220786,0.0325962586220786
3,0,0,0,1,1,1,0,0,0,0,0,0,0,0,0,0,1,0,0,-1.5189206893300304,0.9373188893787414,0.017092860770546496,0.12812771737333695,0.12812771737333695
43,1,0,1,1,0,0,0,1,0,1,1,0,1,1,0,0,0,0,0,-0.30739268161198674,0.7016186635948665,0.003832182002392298,0.04064972482294138,0.04064972482294138
9,0,0,0,0,0,1,1,0,0,1,1,0,0,0,0,0,0,1,0,0.5235593127076592,0.8645756330248363,0.010901071741709328,0.09522425637547682,0.09522425637547682
3,0,0,0,0,0,1,0,0,0,0,0,0,0,0,0,1,0,0,0,-1.4806968975913266,0.9373188893787414,0.017092860770546496,0.12812771737333695,0.12812771737333695
22,1,0,0,1,1,1,0,1,0,1,0,0,1,1,0,1,0,0,1,0.1562785312183758,0.7772239626242997,0.006339847981342745,0.0625297608539006,0.0625297608539006
40,0,1,0,1,0,1,1,0,0,1,1,0,1,1,1,1,0,0,1,1.3694684429250588,0.7099691459680679,0.004059910336396862,0.04277208089669704,0.04277208089669704
68,0,0,0,0,0,1,0,0,0,0,0,0,0,0,1,0,1,0,0,-1.306196978784201,0.6485447168747005,0.0026161967996319807,0.028807250213664037,0.028807250213664037
54,1,1,0,1,0,1,1,0,0,1,1,0,1,1,1,0,0,1,1,1.3129637073113227,0.6752256920763566,0.003180258311786613,0.03441034838970081,0.03441034838970081
50,0,0,0,0,0,1,0,1,0,1,0,1,1,1,1,0,1,0,1,0.49198313692351253,0.6841504128114664,0.003389643293482253,0.03644129666249096,0.03644129666249096
1,0,1,0,0,0,1,0,1,0,0,0,0,0,1,0,0,0,1,1,-0.3173641055438224,0.9743124842439652,0.02235010364622835,0.1468274853100915,0.1468274853100915
72,0,0,0,1,0,1,0,1,1,1,1,1,1,1,1,0,1,0,0,0.772844911003553,0.6419575496164033,0.002490279067928491,0.027529416300707155,0.027529416300707155
40,0,1,0,0,1,1,0,0,0,0,0,0,0,0,0,1,0,0,1,-1.4757111856254088,0.7099691459680679,0.004059910336396862,0.04277208089669704,0.04277208089669704
72,0,0,0,1,1,1,1,0,1,1,1,1,1,1,1,0,1,0,1,1.7550301682893743,0.6419575496164033,0.002490279067928491,0.027529416300707155,0.027529416300707155
6,0,0,0,0,0,1,0,0,0,0,0,0,0,0,0,0,0,0,0,-1.4890064175345232,0.8962011910421149,0.01321361285882388,0.10892151775419001,0.10892151775419001
5,0,0,0,0,0,1,0,0,0,0,0,0,0,0,0,0,0,0,1,-1.5006397454549982,0.9085818526659613,0.014256987321705751,0.11453932573635439,0.11453932573635439
48,0,1,0,1,0,1,0,1,0,1,1,0,0,1,1,1,0,0,1,0.19117851497980082,0.6888828979881829,0.003505164885370563,0.03755076913789834,0.03755076913789834
1,1,0,0,0,0,1,1,0,0,0,0,0,1,1,1,0,0,1,1,0.9656257736857107,0.9743124842439652,0.02235010364622835,0.1468274853100915,0.1468274853100915
64,0,0,0,1,1,1,0,1,1,0,0,1,1,0,0,1,0,0,0,0.033297636059068096,0.6555468612609421,0.002755656035094927,0.030210834407233156,0.030210834407233156
17,0,0,0,0,0,1,0,0,0,0,0,0,0,0,0,1,0,0,0,-1.487344513545884,0.8045134998853144,0.007534869537132169,0.07190499047148602,0.07190499047148602
40,0,1,0,1,0,1,1,0,0,1,1,0,0,0,0,0,0,1,1,0.5052783688326271,0.7099691459680679,0.004059910336396862,0.04277208089669704,0.04277208089669704
41,0,0,0,1,1,0,0,1,1,0,1,0,0,0,0,1,0,0,0,-0.9771399890336213,0.7071206594283597,0.003981008341391358,0.042040010297382246,0.042040010297382246
51,0,1,1,0,0,1,1,0,0,1,0,0,0,0,1,1,0,0,1,0.49198313692351253,0.681854139199785,0.003334724055742794,0.03591111081215892,0.03591111081215892
41,0,1,0,1,0,1,1,0,0,1,0,0,0,0,1,0,0,1,1,0.5135878887758235,0.7071206594283597,0.003981008341391358,0.042040010297382246,0.042040010297382246
1,1,0,0,1,1,1,0,1,0,0,1,0,0,0,0,0,0,0,0,-0.4769068884531943,0.9743124842439652,0.02235010364622835,0.1468274853100915,0.1468274853100915
2,0,0,0,0,0,1,0,0,0,0,0,0,0,0,0,0,0,0,1,-1.4740492816367694,0.9544211124058478,0.01918286543259826,0.13658902706858933,0.13658902706858933
68,0,1,0,0,0,1,1,0,0,1,1,0,0,0,0,1,0,0,0,0.49198313692351253,0.6485447168747005,0.0026161967996319807,0.028807250213664037,0.028807250213664037
24,0,0,0,1,1,1,0,0,0,0,0,0,0,0,1,0,1,0,0,-1.3327874426024295,0.7677256072562019,0.005964174846469762,0.05945002834593771,0.05945002834593771
70,0,1,0,1,0,1,0,1,1,0,1,1,0,1,1,0,1,0,0,0.4155355534461052,0.6452021175658147,0.002551672337160255,0.02815370280249474,0.02815370280249474
3,0,1,0,0,0,0,0,1,0,0,0,1,0,0,0,0,0,1,1,-1.1649351397498613,0.9373188893787414,0.017092860770546496,0.12812771737333695,0.12812771737333695
2,0,1,0,0,0,1,0,1,0,0,0,0,0,0,0,0,0,0,0,-0.6613782311921559,0.9544211124058478,0.01918286543259826,0.13658902706858933,0.13658902706858933
3,0,1,0,1,0,0,0,1,0,1,0,0,0,0,0,0,0,0,0,-1.163273235761222,0.9373188893787414,0.017092860770546496,0.12812771737333695,0.12812771737333695
7,1,0,0,0,0,1,0,1,0,0,0,1,1,1,1,0,0,1,1,0.32745464204822305,0.8848383086630132,0.012329368360988486,0.10389128471090825,0.10389128471090825
13,0,0,0,0,0,1,0,1,1,0,0,0,1,1,0,0,0,1,1,0.23771182666170118,0.8312566322761956,0.008894046614766308,0.0818402613059327,0.0818402613059327
7,0,1,0,0,0,1,0,0,0,0,0,0,0,0,0,0,0,0,0,-1.4640778577049338,0.8848383086630132,0.012329368360988486,0.10389128471090825,0.10389128471090825
12,0,1,0,1,1,1,0,1,0,0,0,0,1,0,0,0,0,0,1,-0.2824641217823974,0.8388580793219884,0.009318867014819062,0.08479678961103854,0.08479678961103854
53,0,1,0,1,1,1,1,0,0,1,1,0,1,1,1,1,0,1,1,1.3445398830954693,0.6773932996244997,0.003230113874366814,0.03489628604896822,0.03489628604896822
12,1,0,0,0,0,1,1,0,0,0,0,0,1,1,1,0,0,1,1,0.977259101606186,0.8388580793219884,0.009318867014819062,0.08479678961103854,0.08479678961103854
63,0,1,0,1,1,1,0,0,0,0,0,0,0,0,0,0,1,0,0,-1.5039635534322768,0.6573679996492523,0.0027928980105273514,0.030583600220822293,0.030583600220822293
15,0,0,0,0,0,1,0,1,1,1,1,1,1,1,0,0,0,0,0,0.6531878238215242,0.817222359631732,0.00815567933565363,0.07653518145581295,0.07653518145581295
36,0,1,0,1,1,1,0,1,1,1,0,0,0,0,0,1,0,0,0,-0.37054503318027976,0.7220842981429184,0.004410087057617903,0.045979950318991825,0.045979950318991825
4,0,1,1,1,0,0,0,1,0,0,1,0,0,0,0,0,0,1,1,-1.1599494277839435,0.9221895280070969,0.015517187361763772,0.12087777811840728,0.12087777811840728
24,0,0,0,1,1,1,0,0,0,0,0,0,0,0,0,0,1,0,0,-1.4989778414663588,0.7677256072562019,0.005964174846469762,0.05945002834593771,0.05945002834593771
61,0,0,0,0,0,0,0,1,1,1,1,1,0,0,0,1,0,0,0,-0.7012639269194987,0.6611010360108607,0.002870516527482457,0.031357744906887475,0.031357744906887475
16,0,1,0,0,0,1,0,1,0,1,0,0,0,0,1,0,0,1,0,-0.3157022015551832,0.8107173068575363,0.007832475449686212,0.07414442618478301,0.07414442618478301
65,0,1,0,1,1,1,0,0,0,0,0,0,0,0,0,0,1,0,1,-1.493992129500441,0.6537547892731487,0.002719403042122667,0.02984713825493901,0.02984713825493901
26,0,0,0,1,1,1,0,0,0,0,0,0,0,0,0,0,1,0,0,-1.5006397454549982,0.7588796606729277,0.005631521405658712,0.05666748667997901,0.05666748667997901
16,0,1,0,0,0,1,0,1,0,0,0,1,0,0,0,0,0,0,1,-0.5101449682259801,0.8107173068575363,0.007832475449686212,0.07414442618478301,0.07414442618478301
54,1,0,0,1,0,1,1,0,1,1,0,0,1,1,1,1,0,0,0,1.387749386800091,0.6752256920763566,0.003180258311786613,0.03441034838970081,0.03441034838970081
1,1,1,0,0,0,1,0,0,0,0,0,0,0,0,0,0,0,0,0,-1.4856826095572444,0.9743124842439652,0.02235010364622835,0.1468274853100915,0.1468274853100915
5,0,1,0,0,1,1,0,0,0,0,0,0,0,0,0,0,1,0,0,-1.4740492816367694,0.9085818526659613,0.014256987321705751,0.11453932573635439,0.11453932573635439
19,0,0,0,0,0,0,0,1,0,1,0,0,0,1,0,0,0,1,1,-0.834216246010642,0.7929113200145855,0.0070048485392757275,0.06782398836650938,0.06782398836650938
10,0,1,0,0,0,1,0,1,1,0,0,0,0,0,1,0,0,0,1,-0.34229266537341174,0.8554585264638187,0.010313003097985489,0.09145336847937524,0.09145336847937524
23,1,0,0,1,1,1,1,0,0,1,1,1,0,0,0,0,0,1,0,0.6315830719692132,0.7723876776489026,0.006146116983133188,0.060949762364490456,0.060949762364490456
3,1,1,0,0,0,1,0,1,0,0,0,0,1,0,0,0,0,0,0,-0.32068791352110104,0.9373188893787414,0.017092860770546496,0.12812771737333695,0.12812771737333695
72,0,0,0,0,0,1,1,0,0,1,1,1,1,1,1,0,1,0,1,1.5556016896526592,0.6419575496164033,0.002490279067928491,0.027529416300707155,0.027529416300707155
10,1,1,1,1,0,1,1,0,0,0,0,0,0,1,1,0,0,1,1,0.7263115993216531,0.8554585264638187,0.010313003097985489,0.09145336847937524,0.09145336847937524
10,0,0,0,1,1,1,0,1,0,1,1,0,0,0,0,0,0,0,1,-0.30739268161198674,0.8554585264638187,0.010313003097985489,0.09145336847937524,0.09145336847937524
11,0,1,0,1,0,1,0,0,0,0,0,0,0,0,0,1,0,0,1,-1.470725473659491,0.8469074549655476,0.009789108115316166,0.08799046091721618,0.08799046091721618
37,1,0,1,0,0,1,1,0,1,1,0,0,1,1,1,0,0,0,1,1.3943970027546482,0.7189405920832638,0.0043169072108659315,0.0451328504105416,0.0451328504105416
17,0,1,0,1,1,1,0,1,1,0,0,1,0,0,1,1,0,0,1,-0.08968325910023936,0.8045134998853144,0.007534869537132169,0.07190499047148602,0.07190499047148602
36,0,0,0,1,1,1,1,0,1,0,1,0,1,1,1,0,0,0,1,1.3196113232658802,0.7220842981429184,0.004410087057617903,0.045979950318991825,0.045979950318991825
17,0,1,1,0,0,1,1,0,0,1,1,0,1,1,0,0,0,1,1,1.2298685078793583,0.8045134998853144,0.007534869537132169,0.07190499047148602,0.07190499047148602
66,0,0,1,1,1,1,1,0,1,1,0,1,1,1,1,1,0,0,1,1.5223636098798734,0.6519909407703324,0.0026840999053434323,0.029492182160968494,0.029492182160968494
61,0,1,0,1,1,1,0,1,1,1,1,1,1,1,0,1,0,0,0,0.6681449597192779,0.6611010360108607,0.002870516527482457,0.031357744906887475,0.031357744906887475
22,0,1,0,0,0,1,1,0,0,1,0,0,1,1,0,0,0,0,1,0.9440210218334002,0.7772239626242997,0.006339847981342745,0.0625297608539006,0.0625297608539006
1,0,1,0,0,0,0,0,1,0,0,0,0,0,0,0,0,0,1,1,-1.3427588665342656,0.9743124842439652,0.02235010364622835,0.1468274853100915,0.1468274853100915
6,0,0,0,0,0,1,1,0,0,0,0,0,0,0,0,0,0,0,0,0.19117851497980082,0.8962011910421149,0.01321361285882388,0.10892151775419001,0.10892151775419001
31,1,1,0,0,0,1,1,0,0,1,0,1,0,0,0,0,0,1,1,0.4537593451848091,0.7391329118702427,0.004945042598351195,0.05075440110013929,0.05075440110013929
68,0,0,0,1,1,1,0,1,1,1,1,1,1,1,0,0,1,0,1,0.6714687676965563,0.6485447168747005,0.0026161967996319807,0.028807250213664037,0.028807250213664037
34,1,0,0,1,1,1,1,0,0,0,1,0,1,0,1,0,0,1,0,0.7529020631398816,0.7286243341114813,0.004609291590527576,0.04777537654084685,0.04777537654084685
52,0,0,0,1,1,1,1,0,0,1,1,1,0,0,0,0,0,0,0,0.6980592315147849,0.6796022882225629,0.00328157591746785,0.03539633014558485,0.03539633014558485
10,0,0,0,0,1,1,1,0,0,0,1,1,1,0,0,0,0,1,1,0.8742210543105496,0.8554585264638187,0.010313003097985489,0.09145336847937524,0.09145336847937524
29,1,1,0,1,1,1,1,0,0,0,0,0,0,0,0,0,0,1,1,0.19782613093435808,0.746664964341879,0.005198070769814978,0.05296124339833497,0.05296124339833497
72,0,0,0,1,1,1,0,0,0,0,0,0,0,0,0,0,1,0,0,-1.4856826095572444,0.6419575496164033,0.002490279067928491,0.027529416300707155,0.027529416300707155
47,0,1,0,1,1,1,0,0,0,0,0,0,0,0,0,1,0,0,0,-1.487344513545884,0.6913226781406935,0.0035659686558325962,0.038131613989117574,0.038131613989117574
24,0,1,0,1,1,1,0,1,1,0,0,0,1,1,1,1,0,0,0,0.3324403540141406,0.7677256072562019,0.005964174846469762,0.05945002834593771,0.05945002834593771
65,0,1,0,0,0,1,0,0,0,0,0,0,0,0,1,1,0,0,0,-1.3294636346251512,0.6537547892731487,0.002719403042122667,0.02984713825493901,0.02984713825493901
4,0,0,0,0,0,1,1,0,0,0,0,1,1,1,1,0,0,0,1,1.1982923320952117,0.9221895280070969,0.015517187361763772,0.12087777811840728,0.12087777811840728
12,1,1,1,1,0,1,1,0,0,1,0,0,1,1,1,0,0,1,1,1.2149113719816045,0.8388580793219884,0.009318867014819062,0.08479678961103854,0.08479678961103854
1,1,1,0,0,0,1,1,0,1,0,0,0,0,0,1,0,0,1,1,0.561783104446363,0.9743124842439652,0.02235010364622835,0.1468274853100915,0.1468274853100915
33,1,1,0,0,0,1,1,0,0,0,0,0,0,0,0,0,0,1,0,0.11473093150239348,0.732029255003116,0.004715929386838689,0.04872789424351476,0.04872789424351476
34,0,0,0,0,0,1,1,0,0,1,1,1,1,1,0,0,0,1,1,1.3395541711295513,0.7286243341114813,0.004609291590527576,0.04777537654084685,0.04777537654084685
14,0,0,0,1,0,1,0,0,0,0,0,0,0,0,0,0,1,0,0,-1.4757111856254088,0.8240576612486123,0.008508086494505379,0.07909398048302463,0.07909398048302463
4,1,0,0,0,0,1,1,0,0,0,0,0,0,1,0,0,0,1,1,0.4770260010257593,0.9221895280070969,0.015517187361763772,0.12087777811840728,0.12087777811840728
13,0,1,0,1,1,1,0,0,0,0,0,0,0,0,0,1,0,0,0,-1.4890064175345232,0.8312566322761956,0.008894046614766308,0.0818402613059327,0.0818402613059327
65,0,0,0,1,1,1,0,1,0,1,0,1,1,1,1,0,1,0,1,0.48533552096895577,0.6537547892731487,0.002719403042122667,0.02984713825493901,0.02984713825493901
23,0,1,0,1,1,1,0,1,1,0,0,1,0,0,0,1,0,0,0,-0.2525498499868899,0.7723876776489026,0.006146116983133188,0.060949762364490456,0.060949762364490456
55,0,1,0,1,0,1,0,1,1,1,1,0,0,0,0,0,1,1,0,-0.20601653830498978,0.6730980579890953,0.0031319345818057722,0.033937922764987416,0.033937922764987416
49,0,1,0,1,0,1,1,0,0,1,0,0,1,1,0,0,1,1,1,0.9972019494698574,0.6864927538867036,0.0034464244917631367,0.03698759780359384,0.03698759780359384
60,0,1,0,1,0,1,1,0,0,1,1,0,1,1,1,1,0,0,0,1.2531351637203083,0.6630148153227823,0.0029109829180785306,0.031759872056746574,0.031759872056746574
69,0,0,0,1,1,1,0,0,0,0,0,0,0,0,0,1,0,0,1,-1.477373089614048,0.6468608243449303,0.002583528294433392,0.028476690845760766,0.028476690845760766
40,0,1,0,0,0,1,1,0,0,0,0,0,1,0,1,0,0,1,1,0.6681449597192779,0.7099691459680679,0.004059910336396862,0.04277208089669704,0.04277208089669704
67,0,1,0,1,0,1,0,1,1,1,0,1,0,1,0,0,1,0,1,0.14630710728654012,0.6502545080837984,0.0026497095459112013,0.029145652408135048,0.029145652408135048
35,1,1,1,0,0,1,1,0,0,0,0,0,1,1,1,0,0,1,1,1.0188067013221684,0.7253108322429414,0.004507451042951911,0.04686012202126277,0.04686012202126277
19,1,1,0,1,1,1,1,0,0,0,0,1,1,1,1,1,0,1,1,1.2016161400724905,0.7929113200145855,0.0070048485392757275,0.06782398836650938,0.06782398836650938
13,0,0,0,1,1,1,0,0,0,0,0,0,0,0,0,0,1,0,0,-1.4607540497276552,0.8312566322761956,0.008894046614766308,0.0818402613059327,0.0818402613059327
41,0,0,0,0,1,1,1,0,0,1,0,0,1,0,1,0,0,0,1,0.7878020469013067,0.7071206594283597,0.003981008341391358,0.042040010297382246,0.042040010297382246
4,0,0,0,0,0,0,0,1,1,0,1,0,0,0,0,0,0,0,0,-0.9904352209427356,0.9221895280070969,0.015517187361763772,0.12087777811840728,0.12087777811840728
24,0,0,0,1,1,1,0,1,1,0,0,1,0,0,0,0,0,1,0,-0.32068791352110104,0.7677256072562019,0.005964174846469762,0.05945002834593771,0.05945002834593771
5,0,0,0,0,0,0,0,1,0,1,0,0,1,1,0,0,0,0,1,-0.4602878485668014,0.9085818526659613,0.014256987321705751,0.11453932573635439,0.11453932573635439
5,0,0,0,0,0,1,0,1,0,1,0,0,0,1,1,0,0,1,1,-0.026530907531946316,0.9085818526659613,0.014256987321705751,0.11453932573635439,0.11453932573635439
1,1,0,0,1,1,1,1,0,0,0,0,0,0,0,0,0,0,0,1,0.14298329930926126,0.9743124842439652,0.02235010364622835,0.1468274853100915,0.1468274853100915
72,0,0,0,1,1,1,0,1,1,1,1,1,1,0,1,0,1,0,0,0.5119259847871843,0.6419575496164033,0.002490279067928491,0.027529416300707155,0.027529416300707155
24,0,0,0,0,0,1,0,1,0,0,1,0,0,0,0,0,0,0,1,-0.5151306801918982,0.7677256072562019,0.005964174846469762,0.05945002834593771,0.05945002834593771
42,0,0,0,1,0,1,0,1,1,0,1,1,1,1,1,0,1,0,0,0.6498640158442452,0.7043380877631116,0.0039051573709433167,0.0413329850998293,0.0413329850998293
4,0,0,0,0,0,1,0,0,0,0,0,0,0,0,0,0,0,0,0,-1.487344513545884,0.9221895280070969,0.015517187361763772,0.12087777811840728,0.12087777811840728
68,0,1,0,0,0,1,1,0,1,1,1,1,1,1,1,1,0,0,1,1.7417349363802603,0.6485447168747005,0.0026161967996319807,0.028807250213664037,0.028807250213664037
33,0,0,0,1,1,1,0,0,0,0,0,0,0,0,0,1,0,0,0,-1.4856826095572444,0.732029255003116,0.004715929386838689,0.04872789424351476,0.04872789424351476
1,1,0,1,0,0,1,1,0,0,0,0,0,0,0,0,0,0,1,1,0.15960233919565417,0.9743124842439652,0.02235010364622835,0.1468274853100915,0.1468274853100915
31,1,1,0,0,0,1,1,0,0,1,1,0,1,1,1,1,0,1,1,1.284711339504455,0.7391329118702427,0.004945042598351195,0.05075440110013929,0.05075440110013929
4,1,0,0,0,0,1,1,0,0,1,0,0,0,0,1,0,0,0,0,0.4371403052984162,0.9221895280070969,0.015517187361763772,0.12087777811840728,0.12087777811840728
69,0,1,1,1,0,1,1,0,0,1,1,1,1,1,1,0,1,1,1,1.500758858027563,0.6468608243449303,0.002583528294433392,0.028476690845760766,0.028476690845760766
38,0,1,1,0,0,1,1,0,0,0,0,0,1,1,1,0,0,1,0,0.9955400454812182,0.7158758576100376,0.0042276442662364,0.04431696426317133,0.04431696426317133
3,0,0,0,1,1,1,1,0,0,1,0,1,0,0,0,0,0,1,1,0.5052783688326271,0.9373188893787414,0.017092860770546496,0.12812771737333695,0.12812771737333695
48,0,0,0,1,1,1,0,1,0,1,0,1,1,1,1,0,1,1,0,0.4936450409121522,0.6888828979881829,0.003505164885370563,0.03755076913789834,0.03755076913789834
15,0,0,0,1,0,1,0,0,0,0,0,0,0,0,1,0,1,0,0,-1.3161684027160367,0.817222359631732,0.00815567933565363,0.07653518145581295,0.07653518145581295
25,0,0,0,0,0,1,0,0,0,0,0,0,0,0,0,1,0,0,0,-1.4923302255118018,0.7632263722784222,0.005792955912006608,0.05802443652851541,0.05802443652851541
1,1,0,1,0,0,1,1,0,0,0,0,0,1,0,0,0,0,1,0,0.4537593451848091,0.9743124842439652,0.02235010364622835,0.1468274853100915,0.1468274853100915
48,0,0,0,0,0,0,0,1,1,1,0,0,1,0,0,0,0,1,1,-0.6647020391694345,0.6888828979881829,0.003505164885370563,0.03755076913789834,0.03755076913789834
1,0,1,0,0,0,1,0,0,0,0,0,0,0,0,0,0,0,0,0,-1.4790349936026874,0.9743124842439652,0.02235010364622835,0.1468274853100915,0.1468274853100915
1,0,1,0,0,0,1,0,0,0,0,0,0,0,0,0,0,0,1,0,-1.5155968813527516,0.9743124842439652,0.02235010364622835,0.1468274853100915,0.1468274853100915
37,0,0,0,0,0,1,1,0,0,1,1,0,0,0,0,1,0,1,0,0.5069402728212663,0.7189405920832638,0.0043169072108659315,0.0451328504105416,0.0451328504105416
66,0,1,1,1,0,1,1,0,0,1,1,1,1,1,1,1,0,0,1,1.4143398506183196,0.6519909407703324,0.0026840999053434323,0.029492182160968494,0.029492182160968494
26,0,0,0,1,0,0,0,1,1,1,1,0,1,0,0,1,0,0,0,-0.5633258958624375,0.7588796606729277,0.005631521405658712,0.05666748667997901,0.05666748667997901
63,0,1,0,1,0,1,0,1,1,1,0,1,1,0,0,1,0,0,0,0.19948803492299727,0.6573679996492523,0.0027928980105273514,0.030583600220822293,0.030583600220822293
10,1,1,0,0,0,0,0,1,0,0,1,0,0,0,0,0,0,0,0,-1.1732446596930577,0.8554585264638187,0.010313003097985489,0.09145336847937524,0.09145336847937524
2,1,0,0,0,0,1,0,1,1,0,0,0,1,1,0,0,0,1,1,0.19782613093435808,0.9544211124058478,0.01918286543259826,0.13658902706858933,0.13658902706858933
18,0,1,1,1,0,1,0,1,1,0,0,0,0,1,0,0,0,0,1,-0.18939749841859688,0.798585597100695,0.007259843514731271,0.06980238681281059,0.06980238681281059
64,0,0,0,1,0,1,0,0,0,0,0,0,0,0,1,0,1,0,0,-1.3045350747955617,0.6555468612609421,0.002755656035094927,0.030210834407233156,0.030210834407233156
9,1,0,1,0,0,1,1,0,0,0,0,0,0,1,1,0,0,1,1,0.6531878238215242,0.8645756330248363,0.010901071741709328,0.09522425637547682,0.09522425637547682
28,0,0,0,0,1,1,0,0,0,0,0,0,0,0,0,0,0,0,0,-1.4806968975913266,0.7506071373425116,0.0053347764644180165,0.05414016114784159,0.05414016114784159
1,0,0,0,0,0,1,1,0,0,0,1,0,0,0,0,0,0,1,0,0.35736891384373,0.9743124842439652,0.02235010364622835,0.1468274853100915,0.1468274853100915
4,1,1,0,0,0,1,1,0,0,0,0,0,0,1,1,0,0,1,1,0.6930735195488672,0.9221895280070969,0.015517187361763772,0.12087777811840728,0.12087777811840728
38,1,1,1,0,0,1,0,1,0,1,1,1,1,0,0,1,0,0,1,0.17788328307068677,0.7158758576100376,0.0042276442662364,0.04431696426317133,0.04431696426317133
66,0,1,0,1,0,1,1,0,0,1,1,0,0,1,1,1,0,1,0,1.0138209893562502,0.6519909407703324,0.0026840999053434323,0.029492182160968494,0.029492182160968494
1,0,0,0,0,0,1,1,0,0,0,0,0,0,0,0,0,0,1,1,0.18120709104796517,0.9743124842439652,0.02235010364622835,0.1468274853100915,0.1468274853100915
18,0,0,0,1,0,1,0,1,0,0,0,1,0,0,0,0,0,0,1,-0.48189260041911236,0.798585597100695,0.007259843514731271,0.06980238681281059,0.06980238681281059
51,1,1,1,0,0,1,1,0,0,0,1,0,1,1,1,0,0,1,1,1.0969161887882148,0.681854139199785,0.003334724055742794,0.03591111081215892,0.03591111081215892
1,1,1,0,0,0,1,0,1,0,0,0,0,0,0,0,0,0,0,0,-0.6148449195102558,0.9743124842439652,0.02235010364622835,0.1468274853100915,0.1468274853100915
12,0,1,0,0,1,1,0,0,0,0,0,0,0,0,0,0,1,0,0,-1.5106111693868338,0.8388580793219884,0.009318867014819062,0.08479678961103854,0.08479678961103854
41,1,0,0,0,0,1,1,0,0,1,1,0,1,1,1,0,0,1,1,1.3794398668568946,0.7071206594283597,0.003981008341391358,0.042040010297382246,0.042040010297382246
12,0,1,0,0,0,1,0,0,0,0,0,0,0,0,1,0,0,1,0,-1.322816018670594,0.8388580793219884,0.009318867014819062,0.08479678961103854,0.08479678961103854
55,0,0,0,1,1,1,0,0,0,0,0,0,0,0,0,0,1,0,0,-1.4790349936026874,0.6730980579890953,0.0031319345818057722,0.033937922764987416,0.033937922764987416
7,0,0,0,0,0,1,1,0,0,0,0,0,0,0,1,0,0,1,1,0.3507212978891727,0.8848383086630132,0.012329368360988486,0.10389128471090825,0.10389128471090825
12,1,0,0,0,0,1,1,0,0,0,1,1,0,1,0,0,0,1,1,0.8177163186968142,0.8388580793219884,0.009318867014819062,0.08479678961103854,0.08479678961103854
68,0,0,0,1,1,1,0,1,1,1,1,1,1,1,1,0,1,0,0,0.7711830070149137,0.6485447168747005,0.0026161967996319807,0.028807250213664037,0.028807250213664037
5,1,0,1,0,0,1,1,0,0,0,0,0,1,0,1,0,0,0,1,0.6099783201169027,0.9085818526659613,0.014256987321705751,0.11453932573635439,0.11453932573635439
49,0,0,1,0,0,1,0,1,0,0,0,0,0,0,0,0,0,0,0,-0.6979401189422203,0.6864927538867036,0.0034464244917631367,0.03698759780359384,0.03698759780359384
40,0,1,0,0,0,0,0,1,1,1,1,0,1,1,0,1,0,0,0,-0.0913451630888788,0.7099691459680679,0.004059910336396862,0.04277208089669704,0.04277208089669704
16,0,0,0,0,0,1,0,0,0,0,0,0,0,0,0,1,0,0,0,-1.4856826095572444,0.8107173068575363,0.007832475449686212,0.07414442618478301,0.07414442618478301
10,1,1,0,0,0,1,1,0,0,0,0,0,0,0,1,0,0,0,1,0.3108356021618301,0.8554585264638187,0.010313003097985489,0.09145336847937524,0.09145336847937524
72,0,0,0,1,0,1,1,0,0,1,1,0,1,1,1,1,0,1,1,1.2149113719816045,0.6419575496164033,0.002490279067928491,0.027529416300707155,0.027529416300707155
2,0,0,1,0,0,1,1,0,0,0,0,0,0,1,1,0,0,1,1,0.6398925919124097,0.9544211124058478,0.01918286543259826,0.13658902706858933,0.13658902706858933
23,0,1,0,1,1,1,0,0,0,0,0,0,0,0,0,0,1,0,0,-1.459092145739016,0.7723876776489026,0.006146116983133188,0.060949762364490456,0.060949762364490456
71,0,0,1,0,0,1,1,0,0,1,1,0,1,1,1,1,0,1,1,1.3661446349477804,0.6435679119154606,0.0025205988088756303,0.02783802704790539,0.02783802704790539
11,1,0,0,1,0,1,1,0,0,0,1,0,1,1,1,0,0,1,1,1.1534209244019509,0.8469074549655476,0.009789108115316166,0.08799046091721618,0.08799046091721618
1,1,1,0,0,0,1,0,1,0,0,0,0,0,0,0,0,0,0,1,-0.6863067910217452,0.9743124842439652,0.02235010364622835,0.1468274853100915,0.1468274853100915
16,1,0,0,0,0,1,0,1,0,1,0,1,0,0,0,0,0,0,1,-0.3622355132370833,0.8107173068575363,0.007832475449686212,0.07414442618478301,0.07414442618478301
1,1,0,0,0,0,1,1,0,0,0,0,0,0,1,1,0,0,0,1,0.68642590359431,0.9743124842439652,0.02235010364622835,0.1468274853100915,0.1468274853100915
12,0,1,0,1,0,1,1,0,0,1,0,0,0,1,0,0,0,0,1,0.6731306716851955,0.8388580793219884,0.009318867014819062,0.08479678961103854,0.08479678961103854
54,0,0,0,0,0,0,0,1,1,0,0,1,0,1,0,1,0,0,0,-0.6879686950103844,0.6752256920763566,0.003180258311786613,0.03441034838970081,0.03441034838970081
68,0,0,0,1,0,1,1,0,0,1,1,1,0,0,1,0,1,0,0,0.8443067825150427,0.6485447168747005,0.0026161967996319807,0.028807250213664037,0.028807250213664037
4,1,0,0,1,1,1,0,1,0,0,0,0,0,0,1,0,0,0,0,-0.46361165654408004,0.9221895280070969,0.015517187361763772,0.12087777811840728,0.12087777811840728
1,1,0,0,0,1,1,0,1,0,0,1,0,0,1,0,0,0,1,0,-0.18607369044131825,0.9743124842439652,0.02235010364622835,0.1468274853100915,0.1468274853100915
27,0,1,0,0,0,1,0,1,1,0,0,1,0,0,0,0,0,0,0,-0.3771926491348368,0.7546760980475697,0.005479040808994945,0.05537422178102336,0.05537422178102336
21,0,1,0,0,0,1,0,0,0,0,0,0,0,0,0,0,0,0,1,-1.4906683215231624,0.7822470612896891,0.006546583090128551,0.06419686154369075,0.06419686154369075
13,1,1,0,0,0,1,1,0,0,0,1,0,1,0,0,0,0,1,1,0.6116402241055419,0.8312566322761956,0.008894046614766308,0.0818402613059327,0.0818402613059327
64,0,0,1,0,0,1,0,1,0,1,1,1,0,1,1,0,0,0,0,0.32745464204822305,0.6555468612609421,0.002755656035094927,0.030210834407233156,0.030210834407233156
1,1,0,0,0,0,1,0,1,1,1,0,0,0,0,0,0,0,1,1,-0.3289974334642975,0.9743124842439652,0.02235010364622835,0.1468274853100915,0.1468274853100915
57,0,1,0,1,0,0,0,1,0,1,1,1,1,1,0,0,1,0,1,-0.24257842605505425,0.6689574203086703,0.003039606595789443,0.03303139376725084,0.03303139376725084
21,1,0,0,1,0,1,1,0,1,0,1,0,1,1,1,0,0,1,1,1.2996684754022088,0.7822470612896891,0.006546583090128551,0.06419686154369075,0.06419686154369075
19,0,1,0,0,0,1,0,0,0,0,0,0,0,0,0,0,1,0,0,-1.5006397454549982,0.7929113200145855,0.0070048485392757275,0.06782398836650938,0.06782398836650938
31,0,1,0,1,0,1,1,0,0,0,1,0,1,1,0,1,0,1,1,0.9639638696970715,0.7391329118702427,0.004945042598351195,0.05075440110013929,0.05075440110013929
52,0,1,0,0,0,1,0,1,1,1,1,1,1,1,1,0,1,0,1,0.812730606730896,0.6796022882225629,0.00328157591746785,0.03539633014558485,0.03539633014558485
46,0,0,0,0,0,1,1,0,0,1,1,0,0,1,1,1,0,1,1,0.9755971976175468,0.6938140321924815,0.003628947567853564,0.038730988089776375,0.038730988089776375
11,0,0,1,0,0,1,0,1,1,0,0,0,0,0,1,0,0,1,1,-0.30573077762334727,0.8469074549655476,0.009789108115316166,0.08799046091721618,0.08799046091721618
53,0,0,0,1,1,0,0,1,1,1,1,0,0,1,0,0,0,0,1,-0.5350735280555695,0.6773932996244997,0.003230113874366814,0.03489628604896822,0.03489628604896822
11,1,0,0,1,1,1,0,0,0,0,0,0,0,0,0,0,0,0,1,-1.5139349773641124,0.8469074549655476,0.009789108115316166,0.08799046091721618,0.08799046091721618
57,0,1,1,0,0,1,1,0,0,1,0,1,1,1,1,0,0,0,1,1.3329065551749946,0.6689574203086703,0.003039606595789443,0.03303139376725084,0.03303139376725084
2,1,0,1,0,0,1,1,0,0,0,0,0,0,0,1,0,0,0,1,0.3540451058664516,0.9544211124058478,0.01918286543259826,0.13658902706858933,0.13658902706858933
2,1,0,1,0,0,1,0,1,1,1,0,0,0,0,0,0,0,0,0,-0.3306593374529367,0.9544211124058478,0.01918286543259826,0.13658902706858933,0.13658902706858933
71,0,0,0,1,1,1,0,0,0,0,0,0,0,0,0,0,1,0,0,-1.4923302255118018,0.6435679119154606,0.0025205988088756303,0.02783802704790539,0.02783802704790539
1,0,0,0,1,1,1,0,0,0,0,0,0,0,0,0,0,0,0,1,-1.5089492653981946,0.9743124842439652,0.02235010364622835,0.1468274853100915,0.1468274853100915
68,0,1,0,1,0,1,0,0,0,0,0,0,0,0,1,0,1,0,0,-1.3211541146819548,0.6485447168747005,0.0026161967996319807,0.028807250213664037,0.028807250213664037
72,0,1,0,1,0,1,0,1,1,1,1,1,1,1,0,0,1,0,0,0.6531878238215242,0.6419575496164033,0.002490279067928491,0.027529416300707155,0.027529416300707155
2,0,0,0,0,0,1,0,0,0,0,0,0,0,0,0,0,0,0,0,-1.5122730733754732,0.9544211124058478,0.01918286543259826,0.13658902706858933,0.13658902706858933
1,1,1,1,1,0,1,1,0,0,0,0,0,1,1,1,0,0,1,1,1.007173373401693,0.9743124842439652,0.02235010364622835,0.1468274853100915,0.1468274853100915
41,0,0,0,0,0,1,0,1,1,0,1,1,1,1,0,1,0,0,1,0.500292656866709,0.7071206594283597,0.003981008341391358,0.042040010297382246,0.042040010297382246
72,0,1,0,1,1,1,0,0,0,0,0,0,0,0,1,0,1,0,0,-1.3045350747955617,0.6419575496164033,0.002490279067928491,0.027529416300707155,0.027529416300707155
6,1,1,0,1,0,1,1,0,0,0,0,0,0,0,1,0,0,1,1,0.3557070098550908,0.8962011910421149,0.01321361285882388,0.10892151775419001,0.10892151775419001
4,1,0,0,1,1,1,1,0,0,0,1,0,0,0,0,0,0,1,1,0.29754037025271557,0.9221895280070969,0.015517187361763772,0.12087777811840728,0.12087777811840728
12,1,1,0,0,0,1,1,0,0,0,0,0,1,1,1,0,0,1,1,1.0387495491858396,0.8388580793219884,0.009318867014819062,0.08479678961103854,0.08479678961103854
58,0,0,0,1,0,1,0,1,1,0,0,1,0,1,1,1,0,1,1,0.11971664346831155,0.6669419291751147,0.0029954745981990286,0.0325962586220786,0.0325962586220786
7,0,0,0,0,0,1,0,0,0,0,0,0,0,0,0,0,0,0,0,-1.4674016656822124,0.8848383086630132,0.012329368360988486,0.10389128471090825,0.10389128471090825
65,0,0,0,1,0,1,0,1,1,0,1,0,0,0,0,0,0,0,1,-0.32068791352110104,0.6537547892731487,0.002719403042122667,0.02984713825493901,0.02984713825493901
1,0,1,0,0,0,1,1,0,0,0,0,0,0,0,0,0,0,0,1,0.19284041896844,0.9743124842439652,0.02235010364622835,0.1468274853100915,0.1468274853100915
56,0,1,0,1,0,1,0,0,0,0,0,0,0,0,0,1,0,0,0,-1.4906683215231624,0.6710090587453561,0.003085072619735503,0.03347844798497823,0.03347844798497823
4,0,1,0,0,0,1,0,0,0,0,0,0,0,0,0,0,0,0,0,-1.522244497307309,0.9221895280070969,0.015517187361763772,0.12087777811840728,0.12087777811840728
58,0,0,0,1,1,1,0,1,0,0,0,0,0,0,0,1,0,0,1,-0.6879686950103844,0.6669419291751147,0.0029954745981990286,0.0325962586220786,0.0325962586220786
62,0,1,0,1,0,1,1,0,0,0,1,1,1,1,1,0,1,0,1,1.422649370561516,0.6592190846564381,0.0028311702861325673,0.03096578220998969,0.03096578220998969
26,0,1,0,0,0,1,0,1,1,1,0,0,0,0,1,1,0,1,0,-0.1079642029752717,0.7588796606729277,0.005631521405658712,0.05666748667997901,0.05666748667997901
62,0,1,0,0,0,1,1,0,1,1,1,0,0,0,1,0,0,0,0,0.8609258224014357,0.6592190846564381,0.0028311702861325673,0.03096578220998969,0.03096578220998969
58,0,0,0,1,1,1,1,0,1,1,0,0,1,1,0,1,0,0,0,1.1451114044587545,0.6669419291751147,0.0029954745981990286,0.0325962586220786,0.0325962586220786
68,0,0,0,1,0,1,0,1,1,1,1,1,1,1,1,0,1,1,1,0.8941639021742215,0.6485447168747005,0.0026161967996319807,0.028807250213664037,0.028807250213664037
61,0,0,0,1,1,1,1,0,1,1,1,0,0,1,1,1,0,0,1,1.193306620129294,0.6611010360108607,0.002870516527482457,0.031357744906887475,0.031357744906887475
42,0,0,0,0,0,1,0,1,0,0,1,1,1,1,1,0,1,0,1,0.4537593451848091,0.7043380877631116,0.0039051573709433167,0.0413329850998293,0.0413329850998293
18,0,1,0,0,0,1,1,0,0,0,0,0,1,0,1,0,0,0,0,0.6482021118556061,0.798585597100695,0.007259843514731271,0.06980238681281059,0.06980238681281059
56,0,0,0,0,0,1,0,0,0,0,0,0,0,0,0,0,1,0,1,-1.5039635534322768,0.6710090587453561,0.003085072619735503,0.03347844798497823,0.03347844798497823
4,1,0,0,0,0,1,1,0,0,1,0,0,0,1,1,0,0,1,1,0.8027591827990604,0.9221895280070969,0.015517187361763772,0.12087777811840728,0.12087777811840728
4,0,0,0,0,0,1,0,0,0,0,0,0,0,0,0,0,0,0,0,-1.4740492816367694,0.9221895280070969,0.015517187361763772,0.12087777811840728,0.12087777811840728
35,0,0,0,0,1,1,0,1,1,1,0,0,0,0,0,1,0,0,0,-0.30573077762334727,0.7253108322429414,0.004507451042951911,0.04686012202126277,0.04686012202126277
64,0,0,0,1,1,1,1,0,1,0,0,1,0,0,1,0,0,0,1,0.7312973112875707,0.6555468612609421,0.002755656035094927,0.030210834407233156,0.030210834407233156
31,0,0,0,0,0,1,0,0,0,0,0,0,0,0,0,1,0,0,0,-1.4574302417503764,0.7391329118702427,0.004945042598351195,0.05075440110013929,0.05075440110013929
67,0,0,1,1,0,1,0,0,0,0,0,0,0,0,0,0,1,0,1,-1.487344513545884,0.6502545080837984,0.0026497095459112013,0.029145652408135048,0.029145652408135048
4,1,0,0,0,0,1,0,1,0,1,0,0,0,0,0,0,0,0,0,-0.46859736850999784,0.9221895280070969,0.015517187361763772,0.12087777811840728,0.12087777811840728
70,0,0,1,1,0,1,1,0,1,1,1,1,1,1,1,0,1,1,1,1.6237397531868707,0.6452021175658147,0.002551672337160255,0.02815370280249474,0.02815370280249474
3,1,1,0,0,0,1,0,1,0,0,0,0,1,0,0,0,0,0,0,-0.3788545531234762,0.9373188893787414,0.017092860770546496,0.12812771737333695,0.12812771737333695
53,1,1,1,1,0,1,1,0,0,1,0,0,1,1,1,0,0,1,1,1.2331923158566371,0.6773932996244997,0.003230113874366814,0.03489628604896822,0.03489628604896822
2,0,1,0,1,1,1,0,1,1,1,0,1,0,0,0,0,1,0,0,-0.17610226650948257,0.9544211124058478,0.01918286543259826,0.13658902706858933,0.13658902706858933
29,0,0,0,1,1,1,1,0,0,0,0,0,1,1,0,0,0,0,1,0.7645353910603565,0.746664964341879,0.005198070769814978,0.05296124339833497,0.05296124339833497
47,0,0,0,0,0,0,0,1,1,0,1,1,0,0,0,0,1,0,0,-0.7610924705105133,0.6913226781406935,0.0035659686558325962,0.038131613989117574,0.038131613989117574
68,1,0,0,1,1,1,1,0,0,0,0,0,1,0,1,1,0,1,1,0.6049926081509845,0.6485447168747005,0.0026161967996319807,0.028807250213664037,0.028807250213664037
12,0,1,0,0,1,1,0,1,1,0,0,0,1,1,0,0,0,0,1,0.16791185913885065,0.8388580793219884,0.009318867014819062,0.08479678961103854,0.08479678961103854
8,0,0,0,1,1,1,0,1,0,1,0,1,0,0,0,0,0,0,0,-0.2824641217823974,0.8743368175545859,0.01156705087089483,0.09935054964947354,0.09935054964947354
54,0,1,0,1,0,1,1,0,1,1,1,0,1,1,1,0,0,1,0,1.4874636261184484,0.6752256920763566,0.003180258311786613,0.03441034838970081,0.03441034838970081
69,0,1,0,1,1,1,1,0,0,1,0,1,1,0,0,0,1,0,1,0.9091210380719752,0.6468608243449303,0.002583528294433392,0.028476690845760766,0.028476690845760766
26,0,0,0,0,0,1,0,1,1,1,0,0,1,0,1,0,0,0,1,0.1562785312183758,0.7588796606729277,0.005631521405658712,0.05666748667997901,0.05666748667997901
72,0,0,0,1,0,1,1,0,1,1,1,1,0,0,1,0,1,0,1,1.0703257249699862,0.6419575496164033,0.002490279067928491,0.027529416300707155,0.027529416300707155
70,0,0,0,0,0,0,0,1,1,0,1,1,1,1,0,0,1,0,1,-0.21432605824818624,0.6452021175658147,0.002551672337160255,0.02815370280249474,0.02815370280249474
1,1,1,0,0,1,1,0,1,1,0,0,0,0,0,0,0,0,0,0,-0.4719211764872765,0.9743124842439652,0.02235010364622835,0.1468274853100915,0.1468274853100915
10,1,1,0,0,0,1,1,0,0,0,0,0,1,1,0,0,0,1,1,0.8210401266740925,0.8554585264638187,0.010313003097985489,0.09145336847937524,0.09145336847937524
28,0,0,0,1,1,1,1,0,0,0,0,0,0,0,0,1,0,0,1,0.18619280301388322,0.7506071373425116,0.0053347764644180165,0.05414016114784159,0.05414016114784159
1,1,1,0,0,0,1,1,0,0,0,0,0,0,0,0,0,0,1,1,0.16624995515021143,0.9743124842439652,0.02235010364622835,0.1468274853100915,0.1468274853100915
21,0,0,0,1,0,1,1,0,0,0,0,0,1,1,1,0,0,1,1,0.9805829095834644,0.7822470612896891,0.006546583090128551,0.06419686154369075,0.06419686154369075
51,1,1,1,1,0,1,1,0,1,0,1,0,1,0,1,0,0,0,1,0.9639638696970715,0.681854139199785,0.003334724055742794,0.03591111081215892,0.03591111081215892
53,0,0,0,1,1,1,0,0,0,0,0,0,0,0,0,1,0,0,0,-1.5039635534322768,0.6773932996244997,0.003230113874366814,0.03489628604896822,0.03489628604896822
53,0,1,0,0,1,1,1,0,1,1,1,0,0,1,0,1,0,1,0,1.0354257412085612,0.6773932996244997,0.003230113874366814,0.03489628604896822,0.03489628604896822
24,1,1,0,1,0,1,1,0,0,0,1,0,1,1,1,0,0,1,1,1.204939948049769,0.7677256072562019,0.005964174846469762,0.05945002834593771,0.05945002834593771
70,0,0,0,1,0,1,0,1,1,1,1,1,1,1,1,0,1,0,1,0.9972019494698574,0.6452021175658147,0.002551672337160255,0.02815370280249474,0.02815370280249474
61,0,1,0,0,0,1,1,0,1,1,1,0,1,1,1,1,0,1,1,1.427635082527434,0.6611010360108607,0.002870516527482457,0.031357744906887475,0.031357744906887475
11,0,0,0,0,0,1,0,1,1,0,0,1,0,0,0,1,0,0,1,-0.33896885739613314,0.8469074549655476,0.009789108115316166,0.08799046091721618,0.08799046091721618
2,0,1,0,0,0,1,1,0,0,0,0,0,0,0,0,0,0,0,1,0.2161070748093902,0.9544211124058478,0.01918286543259826,0.13658902706858933,0.13658902706858933
25,0,1,0,0,0,1,0,0,0,0,0,0,0,0,0,1,0,0,1,-1.505625457420916,0.7632263722784222,0.005792955912006608,0.05802443652851541,0.05802443652851541
41,0,0,0,0,0,1,0,1,0,1,0,0,0,0,1,1,0,0,1,-0.2824641217823974,0.7071206594283597,0.003981008341391358,0.042040010297382246,0.042040010297382246
18,1,1,0,1,0,1,1,0,0,0,0,0,1,1,1,0,0,1,1,0.9938781414925789,0.798585597100695,0.007259843514731271,0.06980238681281059,0.06980238681281059
72,1,1,1,1,0,1,1,0,0,1,1,0,1,1,1,0,1,0,1,1.3079779953454052,0.6419575496164033,0.002490279067928491,0.027529416300707155,0.027529416300707155
71,0,0,0,1,1,1,0,1,1,1,1,1,1,1,1,0,1,0,1,0.8559401104355175,0.6435679119154606,0.0025205988088756303,0.02783802704790539,0.02783802704790539
34,0,0,0,1,1,1,0,1,1,1,1,0,0,0,0,1,0,0,1,-0.1328927628048611,0.7286243341114813,0.004609291590527576,0.04777537654084685,0.04777537654084685
29,0,1,0,0,0,1,1,0,0,0,1,1,1,1,0,0,0,0,1,1.1301542685610007,0.746664964341879,0.005198070769814978,0.05296124339833497,0.05296124339833497
40,0,1,1,1,0,1,1,0,1,1,1,1,1,0,0,1,0,0,1,1.1085495167086903,0.7099691459680679,0.004059910336396862,0.04277208089669704,0.04277208089669704
36,0,1,0,1,0,0,0,1,1,0,1,0,0,0,0,1,0,0,0,-0.9788018930222605,0.7220842981429184,0.004410087057617903,0.045979950318991825,0.045979950318991825
46,0,0,0,1,0,1,1,0,0,1,0,1,1,1,1,1,0,1,1,1.2747399155726193,0.6938140321924815,0.003628947567853564,0.038730988089776375,0.038730988089776375
58,0,0,0,0,0,1,1,0,1,1,1,0,1,1,1,1,0,1,1,1.427635082527434,0.6669419291751147,0.0029954745981990286,0.0325962586220786,0.0325962586220786
39,0,1,0,0,0,1,1,0,0,1,0,0,0,0,1,1,0,0,0,0.5518116805145274,0.7128864964214463,0.00414205349534239,0.043530572366621945,0.043530572366621945
4,1,1,0,1,1,1,0,1,0,0,0,1,0,1,0,0,0,0,0,-0.1112880109525501,0.9221895280070969,0.015517187361763772,0.12087777811840728,0.12087777811840728
52,0,0,0,1,1,1,1,0,0,1,1,0,1,0,1,1,0,0,1,1.0271162212653648,0.6796022882225629,0.00328157591746785,0.03539633014558485,0.03539633014558485
70,0,1,1,1,0,1,1,0,0,1,1,0,1,1,1,1,0,1,1,1.3295827471977157,0.6452021175658147,0.002551672337160255,0.02815370280249474,0.02815370280249474
65,0,1,1,1,0,1,1,0,0,0,0,0,0,0,0,1,0,0,1,0.20447374688891534,0.6537547892731487,0.002719403042122667,0.02984713825493901,0.02984713825493901
1,0,1,0,0,0,1,0,1,0,0,0,0,0,0,0,0,0,0,1,-0.6597163272035164,0.9743124842439652,0.02235010364622835,0.1468274853100915,0.1468274853100915
70,0,0,0,1,0,1,1,0,0,0,1,0,1,1,1,1,0,1,1,1.0919304768222973,0.6452021175658147,0.002551672337160255,0.02815370280249474,0.02815370280249474
29,0,0,1,1,1,0,0,1,0,1,1,0,0,0,0,0,0,0,1,-0.9688304690904248,0.746664964341879,0.005198070769814978,0.05296124339833497,0.05296124339833497
1,1,1,0,0,0,1,1,0,0,0,0,0,1,1,0,0,0,1,1,0.8559401104355175,0.9743124842439652,0.02235010364622835,0.1468274853100915,0.1468274853100915
67,0,0,0,0,0,1,0,1,1,0,1,1,1,1,1,0,1,0,1,0.6797782876397527,0.6502545080837984,0.0026497095459112013,0.029145652408135048,0.029145652408135048
1,0,0,0,0,0,1,0,0,0,0,0,0,0,0,0,0,0,0,1,-1.505625457420916,0.9743124842439652,0.02235010364622835,0.1468274853100915,0.1468274853100915
26,1,0,0,0,0,1,1,0,0,0,0,0,1,1,0,0,0,0,1,0.7977734708331423,0.7588796606729277,0.005631521405658712,0.05666748667997901,0.05666748667997901
30,0,0,0,1,1,1,0,0,0,0,0,0,0,0,1,0,1,0,1,-1.3194922106933153,0.7428424163487329,0.0050683354621543905,0.051833777579476825,0.051833777579476825
48,0,0,0,1,0,1,1,0,0,0,1,1,1,1,0,0,0,0,1,1.171701868276983,0.6888828979881829,0.003505164885370563,0.03755076913789834,0.03755076913789834
55,0,0,0,1,1,1,0,1,1,1,0,0,0,0,0,0,0,1,0,-0.30240696964606867,0.6730980579890953,0.0031319345818057722,0.033937922764987416,0.033937922764987416
7,1,1,0,0,0,1,1,0,0,0,0,0,0,1,1,0,0,0,1,0.6781163836511135,0.8848383086630132,0.012329368360988486,0.10389128471090825,0.10389128471090825
37,0,1,0,0,0,1,1,0,1,0,0,0,1,0,1,0,0,1,1,0.8758829582991894,0.7189405920832638,0.0043169072108659315,0.0451328504105416,0.0451328504105416
31,0,0,0,1,0,1,1,0,0,1,0,0,0,1,0,0,0,0,1,0.6332449759578523,0.7391329118702427,0.004945042598351195,0.05075440110013929,0.05075440110013929
4,0,1,0,0,0,1,0,1,0,0,0,0,0,0,0,0,0,1,1,-0.62814015141937,0.9221895280070969,0.015517187361763772,0.12087777811840728,0.12087777811840728
72,0,1,0,1,1,1,0,0,0,0,0,0,0,0,1,0,1,0,1,-1.3194922106933153,0.6419575496164033,0.002490279067928491,0.027529416300707155,0.027529416300707155
5,1,1,1,0,0,1,1,0,0,0,0,0,1,1,0,0,0,1,1,0.8841924782423858,0.9085818526659613,0.014256987321705751,0.11453932573635439,0.11453932573635439
1,0,1,0,1,1,1,0,0,0,0,0,0,0,0,0,0,0,0,0,-1.4989778414663588,0.9743124842439652,0.02235010364622835,0.1468274853100915,0.1468274853100915
15,0,0,1,0,0,1,1,0,0,0,0,0,1,1,0,0,0,1,1,0.8875162862196642,0.817222359631732,0.00815567933565363,0.07653518145581295,0.07653518145581295
8,0,1,0,1,1,1,0,1,1,0,0,0,0,0,0,0,0,0,1,-0.44865452064632655,0.8743368175545859,0.01156705087089483,0.09935054964947354,0.09935054964947354
35,0,0,0,0,0,1,0,0,0,0,0,0,0,0,0,1,0,0,0,-1.4524445297844586,0.7253108322429414,0.004507451042951911,0.04686012202126277,0.04686012202126277
56,0,0,1,0,0,1,1,0,0,1,1,0,1,1,1,0,0,1,0,1.3279208432090766,0.6710090587453561,0.003085072619735503,0.03347844798497823,0.03347844798497823
42,1,1,0,1,0,1,1,0,0,0,1,1,1,1,1,0,0,0,1,1.374454154890977,0.7043380877631116,0.0039051573709433167,0.0413329850998293,0.0413329850998293
65,0,1,1,1,1,1,1,0,1,1,0,0,0,0,1,0,0,1,1,0.6963973275261456,0.6537547892731487,0.002719403042122667,0.02984713825493901,0.02984713825493901
2,0,0,0,1,1,1,0,0,0,0,0,0,0,0,0,1,0,0,0,-1.4790349936026874,0.9544211124058478,0.01918286543259826,0.13658902706858933,0.13658902706858933
65,0,1,1,1,0,1,1,0,1,0,0,0,1,1,1,1,0,1,1,1.194968524117933,0.6537547892731487,0.002719403042122667,0.02984713825493901,0.02984713825493901
18,0,0,0,0,0,1,1,0,0,0,0,0,0,0,1,0,0,1,1,0.3108356021618301,0.798585597100695,0.007259843514731271,0.06980238681281059,0.06980238681281059
23,0,0,0,0,0,1,0,1,1,0,1,0,1,1,1,1,0,1,1,0.45708315316208753,0.7723876776489026,0.006146116983133188,0.060949762364490456,0.060949762364490456
4,1,0,0,0,0,1,0,1,0,0,0,0,0,0,0,0,0,0,1,-0.6480829992830416,0.9221895280070969,0.015517187361763772,0.12087777811840728,0.12087777811840728
70,0,1,0,1,0,1,0,0,0,0,0,0,0,0,0,0,1,0,0,-1.493992129500441,0.6452021175658147,0.002551672337160255,0.02815370280249474,0.02815370280249474
4,0,0,0,0,0,1,0,1,0,0,0,0,0,0,1,0,0,1,0,-0.46859736850999784,0.9221895280070969,0.015517187361763772,0.12087777811840728,0.12087777811840728
19,0,1,0,0,0,1,0,1,0,0,0,0,0,0,0,0,0,0,1,-0.6580544232148772,0.7929113200145855,0.0070048485392757275,0.06782398836650938,0.06782398836650938
18,0,0,0,0,0,1,1,0,0,1,1,0,0,0,0,0,0,1,0,0.4321545933324981,0.798585597100695,0.007259843514731271,0.06980238681281059,0.06980238681281059
38,0,0,1,1,0,1,1,0,1,0,0,0,0,1,0,0,0,1,1,0.6199497440487383,0.7158758576100376,0.0042276442662364,0.04431696426317133,0.04431696426317133
2,1,1,0,0,0,1,1,0,0,0,0,0,0,0,1,0,0,0,1,0.28092133036632266,0.9544211124058478,0.01918286543259826,0.13658902706858933,0.13658902706858933
47,0,1,0,0,0,1,1,0,1,1,0,0,1,0,1,1,0,0,0,0.9972019494698574,0.6913226781406935,0.0035659686558325962,0.038131613989117574,0.038131613989117574
52,0,0,0,1,1,1,0,0,0,0,0,0,0,0,0,0,1,0,0,-1.4856826095572444,0.6796022882225629,0.00328157591746785,0.03539633014558485,0.03539633014558485
9,0,1,0,0,0,1,0,1,0,0,0,0,0,1,1,0,0,0,0,-0.1628070346003683,0.8645756330248363,0.010901071741709328,0.09522425637547682,0.09522425637547682
26,0,0,0,1,0,1,0,1,1,1,1,1,1,1,1,1,0,0,1,0.8409829745377638,0.7588796606729277,0.005631521405658712,0.05666748667997901,0.05666748667997901
8,1,1,0,1,1,1,0,1,0,0,1,0,0,0,0,0,0,1,1,-0.456964040589523,0.8743368175545859,0.01156705087089483,0.09935054964947354,0.09935054964947354
44,0,1,0,1,0,1,0,1,0,1,1,1,1,0,0,1,0,1,1,0.20447374688891534,0.6989597866938809,0.0037619201221218337,0.03998903582240876,0.03998903582240876
3,0,0,0,0,0,0,0,1,0,1,0,0,0,0,0,0,0,0,0,-1.1832160836248933,0.9373188893787414,0.017092860770546496,0.12812771737333695,0.12812771737333695
2,0,1,0,0,0,1,0,1,0,0,0,0,0,0,0,0,0,0,1,-0.6048734955784199,0.9544211124058478,0.01918286543259826,0.13658902706858933,0.13658902706858933
9,1,0,0,1,1,1,1,0,0,0,0,0,1,0,1,0,0,0,1,0.6831020956170311,0.8645756330248363,0.010901071741709328,0.09522425637547682,0.09522425637547682
1,1,1,1,0,0,1,1,0,0,0,0,0,0,0,1,0,0,1,1,0.3507212978891727,0.9743124842439652,0.02235010364622835,0.1468274853100915,0.1468274853100915
25,0,1,0,0,0,1,1,0,1,0,0,0,0,0,0,0,0,0,0,0.3158213141277477,0.7632263722784222,0.005792955912006608,0.05802443652851541,0.05802443652851541
2,0,0,1,1,0,1,1,0,0,0,0,0,0,0,0,0,0,1,1,0.14963091526381853,0.9544211124058478,0.01918286543259826,0.13658902706858933,0.13658902706858933
43,1,1,0,0,0,1,1,0,1,0,0,0,0,0,0,0,0,1,1,0.34573558592325515,0.7016186635948665,0.003832182002392298,0.04064972482294138,0.04064972482294138
1,1,0,0,0,0,1,0,0,0,0,0,0,0,0,0,0,0,0,0,-1.459092145739016,0.9743124842439652,0.02235010364622835,0.1468274853100915,0.1468274853100915
58,0,0,0,1,0,1,1,0,0,1,1,0,0,1,1,1,0,1,1,0.9805829095834644,0.6669419291751147,0.0029954745981990286,0.0325962586220786,0.0325962586220786
59,0,0,0,1,1,1,0,1,1,0,1,1,1,0,1,0,1,0,1,0.38728318563923747,0.6649614286359096,0.0029526183444970946,0.03217256791019485,0.03217256791019485
44,0,1,0,0,0,0,0,1,1,0,1,0,1,1,0,1,0,1,1,-0.3589117052598047,0.6989597866938809,0.0037619201221218337,0.03998903582240876,0.03998903582240876
66,0,1,0,0,0,1,1,0,0,1,0,1,1,1,1,1,0,1,1,1.3113018033226835,0.6519909407703324,0.0026840999053434323,0.029492182160968494,0.029492182160968494
68,0,1,0,1,1,1,0,0,0,0,0,0,0,0,0,0,1,0,0,-1.4906683215231624,0.6485447168747005,0.0026161967996319807,0.028807250213664037,0.028807250213664037
9,0,1,0,0,0,0,0,1,0,0,0,0,0,0,0,0,0,1,1,-1.3244779226592331,0.8645756330248363,0.010901071741709328,0.09522425637547682,0.09522425637547682
19,0,1,0,0,0,1,1,0,1,0,1,0,0,0,1,0,0,1,1,0.6631592477533598,0.7929113200145855,0.0070048485392757275,0.06782398836650938,0.06782398836650938
4,0,1,0,0,0,1,0,0,0,0,0,0,0,0,0,0,0,0,0,-1.4973159374777196,0.9221895280070969,0.015517187361763772,0.12087777811840728,0.12087777811840728
70,0,0,0,0,0,1,1,0,1,1,1,1,1,1,1,0,1,0,1,1.6237397531868707,0.6452021175658147,0.002551672337160255,0.02815370280249474,0.02815370280249474
1,0,1,0,0,0,1,0,1,0,0,0,0,0,0,0,0,0,0,1,-0.6613782311921559,0.9743124842439652,0.02235010364622835,0.1468274853100915,0.1468274853100915
8,0,0,0,0,0,1,1,0,0,0,0,0,0,0,1,0,0,1,1,0.34739748991189434,0.8743368175545859,0.01156705087089483,0.09935054964947354,0.09935054964947354
53,0,1,0,0,0,1,0,0,0,0,0,0,0,0,1,0,1,0,0,-1.3361112505797081,0.6773932996244997,0.003230113874366814,0.03489628604896822,0.03489628604896822
51,0,1,1,0,0,1,0,0,0,0,0,0,0,0,1,1,0,0,0,-1.322816018670594,0.681854139199785,0.003334724055742794,0.03591111081215892,0.03591111081215892
11,0,1,0,1,1,1,0,0,0,0,0,0,0,0,0,0,0,0,0,-1.4574302417503764,0.8469074549655476,0.009789108115316166,0.08799046091721618,0.08799046091721618
60,0,1,0,1,1,1,1,0,1,0,1,1,1,1,1,0,1,1,1,1.5223636098798734,0.6630148153227823,0.0029109829180785306,0.031759872056746574,0.031759872056746574
17,0,1,0,0,0,1,0,1,1,1,0,0,0,0,0,0,0,0,1,-0.30905458560062593,0.8045134998853144,0.007534869537132169,0.07190499047148602,0.07190499047148602
3,1,1,0,0,0,1,0,1,0,0,0,0,0,0,0,0,0,1,1,-0.7145591588286132,0.9373188893787414,0.017092860770546496,0.12812771737333695,0.12812771737333695
70,1,1,0,1,0,1,1,0,1,1,1,1,1,1,0,1,0,0,1,1.4858017221298092,0.6452021175658147,0.002551672337160255,0.02815370280249474,0.02815370280249474
1,0,1,0,0,0,1,0,0,0,0,0,0,0,0,0,0,0,0,0,-1.5072873614095552,0.9743124842439652,0.02235010364622835,0.1468274853100915,0.1468274853100915
43,0,1,1,0,0,1,1,0,0,0,0,0,1,0,1,0,0,1,1,0.6664830557306382,0.7016186635948665,0.003832182002392298,0.04064972482294138,0.04064972482294138
16,0,0,0,1,0,1,0,0,0,0,0,0,0,0,0,0,0,0,0,-1.5023016494436374,0.8107173068575363,0.007832475449686212,0.07414442618478301,0.07414442618478301
57,0,0,0,1,1,1,0,1,1,1,0,0,0,0,0,1,0,1,0,-0.3771926491348368,0.6689574203086703,0.003039606595789443,0.03303139376725084,0.03303139376725084
37,0,1,0,1,1,1,0,0,0,0,0,0,0,0,0,1,0,0,0,-1.4956540334890804,0.7189405920832638,0.0043169072108659315,0.0451328504105416,0.0451328504105416
72,0,0,0,1,0,1,1,0,1,1,1,1,1,1,1,0,1,0,0,1.5722207295390522,0.6419575496164033,0.002490279067928491,0.027529416300707155,0.027529416300707155
11,1,0,1,0,0,1,1,0,0,0,0,0,0,1,1,0,0,0,1,0.664821151741999,0.8469074549655476,0.009789108115316166,0.08799046091721618,0.08799046091721618
50,1,0,1,1,0,1,1,0,0,1,1,0,1,0,1,0,0,1,1,1.0055114694130538,0.6841504128114664,0.003389643293482253,0.03644129666249096,0.03644129666249096
5,1,1,1,0,0,1,0,1,0,0,1,0,0,0,0,0,0,1,0,-0.48023069643047295,0.9085818526659613,0.014256987321705751,0.11453932573635439,0.11453932573635439
1,1,1,0,1,0,1,1,0,0,0,0,0,0,0,1,0,0,0,1,0.32579273805958336,0.9743124842439652,0.02235010364622835,0.1468274853100915,0.1468274853100915
16,1,1,0,0,0,1,0,0,0,0,0,0,0,0,0,0,0,0,1,-1.4989778414663588,0.8107173068575363,0.007832475449686212,0.07414442618478301,0.07414442618478301
2,0,1,1,1,0,1,1,0,0,0,1,0,0,0,0,0,0,1,1,0.3124975061504693,0.9544211124058478,0.01918286543259826,0.13658902706858933,0.13658902706858933
17,0,0,0,0,0,1,0,1,0,0,1,1,1,0,1,0,0,0,1,0.13965949133198285,0.8045134998853144,0.007534869537132169,0.07190499047148602,0.07190499047148602
16,0,0,0,0,0,1,0,0,0,0,0,0,0,0,0,1,0,0,0,-1.5106111693868338,0.8107173068575363,0.007832475449686212,0.07414442618478301,0.07414442618478301
15,1,0,0,0,0,1,0,1,0,0,1,0,0,1,0,0,0,1,1,-0.1777641704981218,0.817222359631732,0.00815567933565363,0.07653518145581295,0.07653518145581295
10,0,0,0,0,0,1,0,0,0,0,0,0,0,0,0,1,0,0,1,-1.4956540334890804,0.8554585264638187,0.010313003097985489,0.09145336847937524,0.09145336847937524
46,1,0,0,0,1,1,1,0,1,1,0,1,1,1,0,1,0,0,1,1.3428779791068302,0.6938140321924815,0.003628947567853564,0.038730988089776375,0.038730988089776375
64,0,1,0,1,1,1,1,0,0,1,1,1,1,1,1,0,1,0,1,1.4758302981979736,0.6555468612609421,0.002755656035094927,0.030210834407233156,0.030210834407233156
1,0,0,0,0,0,1,1,0,0,1,0,0,0,0,1,0,0,0,1,0.4770260010257593,0.9743124842439652,0.02235010364622835,0.1468274853100915,0.1468274853100915
25,0,1,0,1,1,1,0,1,0,1,1,0,0,0,0,1,0,0,0,-0.37054503318027976,0.7632263722784222,0.005792955912006608,0.05802443652851541,0.05802443652851541
71,0,1,0,1,1,1,1,0,1,1,1,1,1,0,0,0,1,0,0,1.176687580242901,0.6435679119154606,0.0025205988088756303,0.02783802704790539,0.02783802704790539
8,1,1,0,0,0,1,0,1,0,0,0,0,0,0,0,0,0,0,1,-0.6530687112489594,0.8743368175545859,0.01156705087089483,0.09935054964947354,0.09935054964947354
72,0,0,0,1,1,1,1,0,1,1,1,1,1,1,0,0,1,0,1,1.4575493543229414,0.6419575496164033,0.002490279067928491,0.027529416300707155,0.027529416300707155
49,0,0,0,1,0,0,0,1,1,0,0,0,1,0,0,0,0,0,0,-0.8026400702264956,0.6864927538867036,0.0034464244917631367,0.03698759780359384,0.03698759780359384
29,0,1,0,1,1,0,0,1,1,1,1,1,0,1,0,1,0,0,1,-0.3140402975665438,0.746664964341879,0.005198070769814978,0.05296124339833497,0.05296124339833497
72,0,1,0,1,0,1,1,0,1,1,1,1,0,1,1,0,1,0,0,1.3561732110159443,0.6419575496164033,0.002490279067928491,0.027529416300707155,0.027529416300707155
31,1,1,0,1,0,1,1,0,0,1,1,0,1,0,1,0,0,1,0,0.9639638696970715,0.7391329118702427,0.004945042598351195,0.05075440110013929,0.05075440110013929
50,0,0,0,0,0,1,1,0,0,0,0,0,1,1,1,0,0,1,1,1.0271162212653648,0.6841504128114664,0.003389643293482253,0.03644129666249096,0.03644129666249096
71,0,1,0,1,0,1,0,1,1,0,1,1,1,1,1,0,1,1,0,0.6116402241055419,0.6435679119154606,0.0025205988088756303,0.02783802704790539,0.02783802704790539
70,0,1,1,1,0,1,0,1,1,1,1,1,1,1,1,0,1,0,0,0.8393210705491246,0.6452021175658147,0.002551672337160255,0.02815370280249474,0.02815370280249474
71,0,1,0,0,0,1,1,0,1,0,0,1,0,1,1,1,0,0,0,1.0919304768222973,0.6435679119154606,0.0025205988088756303,0.02783802704790539,0.02783802704790539
61,0,1,0,1,1,1,0,1,1,1,1,1,0,0,0,0,1,0,1,0.10808331554783622,0.6611010360108607,0.002870516527482457,0.031357744906887475,0.031357744906887475
32,1,1,0,0,0,1,1,0,0,0,0,1,1,1,0,0,0,1,1,1.0437352611517576,0.7355303895625583,0.00482771692436557,0.04972004336955682,0.04972004336955682
1,1,0,0,0,1,1,1,0,0,0,0,0,0,1,0,0,0,1,1,0.49198313692351253,0.9743124842439652,0.02235010364622835,0.1468274853100915,0.1468274853100915
68,0,1,0,0,0,1,1,0,1,1,1,0,0,1,1,0,1,0,1,1.239839931811194,0.6485447168747005,0.0026161967996319807,0.028807250213664037,0.028807250213664037
62,0,1,0,0,0,1,0,0,0,0,0,0,0,0,1,0,1,0,0,-1.3759969463070514,0.6592190846564381,0.0028311702861325673,0.03096578220998969,0.03096578220998969
7,0,0,0,0,1,1,1,0,0,0,0,0,0,0,0,0,0,1,1,0.20779755486619372,0.8848383086630132,0.012329368360988486,0.10389128471090825,0.10389128471090825
20,1,1,0,0,0,1,1,0,0,0,0,0,1,0,1,0,0,1,1,0.6797782876397527,0.7874709741517664,0.006767715032425889,0.0659587290124013,0.0659587290124013
6,0,1,0,1,1,1,0,0,0,0,0,0,0,0,0,1,0,0,0,-1.5072873614095552,0.8962011910421149,0.01321361285882388,0.10892151775419001,0.10892151775419001
33,0,0,1,0,0,0,0,1,1,1,1,0,1,1,0,0,0,0,1,-0.1777641704981218,0.732029255003116,0.004715929386838689,0.04872789424351476,0.04872789424351476
28,0,1,0,1,1,1,1,0,0,0,0,0,1,1,1,1,0,0,0,0.9107829420606144,0.7506071373425116,0.0053347764644180165,0.05414016114784159,0.05414016114784159
27,0,1,0,0,0,1,0,0,0,0,0,0,0,0,0,0,1,0,0,-1.493992129500441,0.7546760980475697,0.005479040808994945,0.05537422178102336,0.05537422178102336
7,0,1,0,0,0,1,0,1,0,0,0,0,0,0,0,0,0,0,0,-0.6946163109649417,0.8848383086630132,0.012329368360988486,0.10389128471090825,0.10389128471090825
26,1,1,0,0,0,1,1,0,0,0,0,1,0,0,1,0,0,1,1,0.52189740871902,0.7588796606729277,0.005631521405658712,0.05666748667997901,0.05666748667997901
5,1,1,1,0,0,1,1,0,0,1,0,0,0,1,1,0,0,1,1,0.8310115506059281,0.9085818526659613,0.014256987321705751,0.11453932573635439,0.11453932573635439
30,0,1,1,0,0,1,1,0,1,0,0,0,0,1,1,0,0,0,1,0.8542782064468784,0.7428424163487329,0.0050683354621543905,0.051833777579476825,0.051833777579476825
63,0,1,0,0,0,1,1,0,0,1,0,0,0,1,1,1,0,0,0,0.8526163024582392,0.6573679996492523,0.0027928980105273514,0.030583600220822293,0.030583600220822293
1,1,1,0,0,0,1,0,1,0,1,0,0,0,0,0,0,0,1,1,-0.46693546452135865,0.9743124842439652,0.02235010364622835,0.1468274853100915,0.1468274853100915
53,0,0,0,0,1,1,0,1,0,1,1,1,1,1,1,1,0,1,1,0.6581735357874418,0.6773932996244997,0.003230113874366814,0.03489628604896822,0.03489628604896822
14,1,0,0,1,1,1,1,0,0,1,0,1,0,1,0,0,0,0,1,0.8260258386400106,0.8240576612486123,0.008508086494505379,0.07909398048302463,0.07909398048302463
21,0,0,0,0,0,1,1,0,0,1,0,1,1,1,0,0,0,0,1,1.141787596481476,0.7822470612896891,0.006546583090128551,0.06419686154369075,0.06419686154369075
17,0,1,0,0,0,1,0,0,0,0,0,0,0,0,0,1,0,0,0,-1.4906683215231624,0.8045134998853144,0.007534869537132169,0.07190499047148602,0.07190499047148602
16,0,1,0,1,1,1,0,0,0,0,0,0,0,0,0,0,1,0,0,-1.4723873776481302,0.8107173068575363,0.007832475449686212,0.07414442618478301,0.07414442618478301
35,0,0,0,0,0,1,0,1,0,0,1,0,0,1,0,0,0,1,1,-0.08968325910023936,0.7253108322429414,0.004507451042951911,0.04686012202126277,0.04686012202126277
32,0,0,1,0,0,1,1,0,0,0,0,0,0,1,0,0,0,1,1,0.48865932894623415,0.7355303895625583,0.00482771692436557,0.04972004336955682,0.04972004336955682
28,0,0,0,1,1,1,0,0,0,0,0,0,0,0,0,0,0,0,1,-1.5039635534322768,0.7506071373425116,0.0053347764644180165,0.05414016114784159,0.05414016114784159
1,0,0,0,0,0,1,0,0,0,0,0,0,0,0,0,0,0,0,1,-1.477373089614048,0.9743124842439652,0.02235010364622835,0.1468274853100915,0.1468274853100915
59,0,1,0,0,0,0,0,1,0,0,0,1,1,1,0,0,0,1,1,-0.435359288737212,0.6649614286359096,0.0029526183444970946,0.03217256791019485,0.03217256791019485
72,0,0,0,1,1,1,0,0,0,0,0,0,0,0,1,1,0,0,1,-1.37932075428433,0.6419575496164033,0.002490279067928491,0.027529416300707155,0.027529416300707155
36,1,1,0,0,0,1,0,1,0,1,0,1,0,1,0,1,0,0,1,0.020002404149954044,0.7220842981429184,0.004410087057617903,0.045979950318991825,0.045979950318991825
40,0,0,0,0,0,1,0,1,1,1,0,0,1,0,0,0,0,0,0,0.010030980218117914,0.7099691459680679,0.004059910336396862,0.04277208089669704,0.04277208089669704
40,0,1,0,1,1,1,1,0,0,0,1,0,0,0,1,0,0,1,1,0.5451640645599701,0.7099691459680679,0.004059910336396862,0.04277208089669704,0.04277208089669704
9,1,0,0,0,1,1,0,1,0,0,1,1,1,1,0,0,0,0,1,0.26928800244584783,0.8645756330248363,0.010901071741709328,0.09522425637547682,0.09522425637547682
63,0,1,0,1,1,1,0,1,1,1,1,1,1,0,0,0,1,0,0,0.322468930082305,0.6573679996492523,0.0027928980105273514,0.030583600220822293,0.030583600220822293
3,0,0,0,0,0,1,1,0,0,0,0,0,1,0,0,0,0,1,1,0.52189740871902,0.9373188893787414,0.017092860770546496,0.12812771737333695,0.12812771737333695
40,0,1,0,1,1,0,0,1,0,1,1,1,1,1,0,1,0,0,0,-0.149511802691254,0.7099691459680679,0.004059910336396862,0.04277208089669704,0.04277208089669704
8,0,1,0,1,0,1,1,0,1,0,0,0,0,0,0,0,0,0,1,0.3390879699686979,0.8743368175545859,0.01156705087089483,0.09935054964947354,0.09935054964947354
34,0,1,1,1,0,1,1,0,1,0,0,1,1,0,0,1,0,0,0,0.8426448785264035,0.7286243341114813,0.004609291590527576,0.04777537654084685,0.04777537654084685
5,1,1,0,0,0,0,0,1,1,0,1,1,0,0,0,0,0,0,0,-0.8242448220788064,0.9085818526659613,0.014256987321705751,0.11453932573635439,0.11453932573635439
9,1,1,1,0,0,1,1,0,0,1,0,0,1,1,1,0,0,0,1,1.1517590204133117,0.8645756330248363,0.010901071741709328,0.09522425637547682,0.09522425637547682
9,0,1,0,1,0,1,0,1,0,1,1,0,0,1,1,0,0,0,1,0.14132139532062207,0.8645756330248363,0.010901071741709328,0.09522425637547682,0.09522425637547682
31,0,1,0,1,1,1,0,1,0,0,0,0,0,1,1,0,0,0,0,-0.1694546505549253,0.7391329118702427,0.004945042598351195,0.05075440110013929,0.05075440110013929
50,0,0,0,1,0,1,0,0,0,0,0,0,0,0,0,1,0,0,1,-1.493992129500441,0.6841504128114664,0.003389643293482253,0.03644129666249096,0.03644129666249096
2,1,0,0,0,0,1,1,0,1,1,0,1,0,0,0,0,0,1,1,0.7130163674125386,0.9544211124058478,0.01918286543259826,0.13658902706858933,0.13658902706858933
1,1,0,0,0,0,1,0,1,0,0,0,0,0,0,0,0,0,1,1,-0.6364496713625665,0.9743124842439652,0.02235010364622835,0.1468274853100915,0.1468274853100915
8,1,1,0,0,0,1,1,0,0,0,0,0,0,0,0,0,0,0,1,0.1762213790820471,0.8743368175545859,0.01156705087089483,0.09935054964947354,0.09935054964947354
9,0,0,0,0,0,0,0,1,0,1,0,0,0,1,0,0,0,1,0,-0.799316262249217,0.8645756330248363,0.010901071741709328,0.09522425637547682,0.09522425637547682
2,1,0,1,0,0,1,1,0,0,0,0,0,0,0,0,0,0,0,1,0.17954518705932596,0.9544211124058478,0.01918286543259826,0.13658902706858933,0.13658902706858933
3,1,0,0,0,0,1,0,1,1,1,0,0,0,0,0,0,0,1,0,-0.3140402975665438,0.9373188893787414,0.017092860770546496,0.12812771737333695,0.12812771737333695
25,0,1,0,1,0,1,1,0,0,0,0,1,1,1,0,0,0,0,1,1.0271162212653648,0.7632263722784222,0.005792955912006608,0.05802443652851541,0.05802443652851541
1,0,1,1,0,0,1,0,1,0,0,0,0,0,0,0,0,0,1,0,-0.6148449195102558,0.9743124842439652,0.02235010364622835,0.1468274853100915,0.1468274853100915
45,0,0,0,1,1,1,0,1,1,1,1,1,1,0,1,0,0,0,0,0.5484878725372485,0.6963590108821652,0.0036942216775406023,0.039349803973645514,0.039349803973645514
51,1,1,1,1,1,1,1,0,0,1,1,0,0,0,1,0,0,1,1,0.6448783038783277,0.681854139199785,0.003334724055742794,0.03591111081215892,0.03591111081215892
55,0,0,0,1,1,1,0,0,0,0,0,0,0,0,0,0,0,0,0,-1.4890064175345232,0.6730980579890953,0.0031319345818057722,0.033937922764987416,0.033937922764987416
38,0,0,0,0,0,1,0,1,1,1,1,0,0,0,1,0,0,0,1,0.04493096397954342,0.7158758576100376,0.0042276442662364,0.04431696426317133,0.04431696426317133
2,1,1,0,0,0,1,0,1,0,0,0,0,0,0,0,0,0,0,0,-0.6298020554080092,0.9544211124058478,0.01918286543259826,0.13658902706858933,0.13658902706858933
38,0,1,0,1,1,1,0,0,0,0,0,0,0,0,0,0,0,1,0,-1.5023016494436374,0.7158758576100376,0.0042276442662364,0.04431696426317133,0.04431696426317133
34,0,1,0,0,0,1,0,1,0,1,0,0,0,0,0,0,0,1,1,-0.49851164030550527,0.7286243341114813,0.004609291590527576,0.04777537654084685,0.04777537654084685
70,0,0,0,1,0,1,1,0,0,0,1,0,1,1,1,1,0,1,1,1.2282066038907191,0.6452021175658147,0.002551672337160255,0.02815370280249474,0.02815370280249474
13,0,0,0,0,0,1,0,1,1,0,0,1,0,0,0,1,0,0,0,-0.32068791352110104,0.8312566322761956,0.008894046614766308,0.0818402613059327,0.0818402613059327
39,1,1,0,0,0,1,1,0,0,0,0,0,0,0,1,0,0,1,0,0.34739748991189434,0.7128864964214463,0.00414205349534239,0.043530572366621945,0.043530572366621945
61,0,0,0,0,0,1,1,0,0,1,1,0,1,1,1,1,0,1,1,1.301330379390848,0.6611010360108607,0.002870516527482457,0.031357744906887475,0.031357744906887475
12,1,0,0,0,0,1,1,0,0,0,1,0,1,1,1,0,0,0,1,1.175025676254262,0.8388580793219884,0.009318867014819062,0.08479678961103854,0.08479678961103854
41,0,1,0,0,0,1,1,0,0,1,0,1,1,1,0,0,1,0,1,1.158406636367869,0.7071206594283597,0.003981008341391358,0.042040010297382246,0.042040010297382246
21,0,1,0,0,0,1,1,0,0,0,0,0,0,0,1,0,0,1,1,0.2958784662640764,0.7822470612896891,0.006546583090128551,0.06419686154369075,0.06419686154369075
55,0,1,1,0,0,0,0,1,0,0,1,0,1,1,0,1,0,0,1,-0.4902021203623088,0.6730980579890953,0.0031319345818057722,0.033937922764987416,0.033937922764987416
69,0,1,0,1,0,0,0,1,1,0,1,1,1,1,0,0,1,0,0,-0.15117370667989322,0.6468608243449303,0.002583528294433392,0.028476690845760766,0.028476690845760766
26,1,1,1,1,1,1,1,0,0,1,1,0,1,1,1,0,0,1,0,1.3611589229818624,0.7588796606729277,0.005631521405658712,0.05666748667997901,0.05666748667997901
69,0,0,1,1,0,1,1,0,1,1,0,0,0,1,0,1,0,0,0,0.7479163511739636,0.6468608243449303,0.002583528294433392,0.028476690845760766,0.028476690845760766
18,1,0,1,1,0,0,0,1,0,0,1,0,1,1,0,0,0,1,1,-0.5467068559760446,0.798585597100695,0.007259843514731271,0.06980238681281059,0.06980238681281059
47,0,1,0,1,1,1,0,1,0,1,0,0,0,0,1,0,0,1,0,-0.35060218531660825,0.6913226781406935,0.0035659686558325962,0.038131613989117574,0.038131613989117574
72,0,0,0,1,1,1,0,1,1,1,1,1,1,1,0,0,1,0,0,0.6814401916283919,0.6419575496164033,0.002490279067928491,0.027529416300707155,0.027529416300707155
33,0,1,1,1,0,0,0,1,0,1,1,1,1,0,0,0,0,1,1,-0.49186402435094806,0.732029255003116,0.004715929386838689,0.04872789424351476,0.04872789424351476
2,1,0,0,1,1,0,0,1,0,0,0,0,0,0,0,0,0,0,1,-1.3427588665342656,0.9544211124058478,0.01918286543259826,0.13658902706858933,0.13658902706858933
72,0,0,0,1,1,1,0,1,1,1,1,1,1,1,1,0,1,0,0,0.8692353423446321,0.6419575496164033,0.002490279067928491,0.027529416300707155,0.027529416300707155
37,0,1,1,1,0,1,1,0,0,0,0,0,0,0,0,0,0,0,1,0.24768325059353682,0.7189405920832638,0.0043169072108659315,0.0451328504105416,0.0451328504105416
62,0,0,1,1,1,1,1,0,0,1,1,0,0,1,1,0,0,0,1,1.0404114531744788,0.6592190846564381,0.0028311702861325673,0.03096578220998969,0.03096578220998969
71,0,0,0,1,0,1,0,0,0,0,0,0,0,0,0,0,1,0,0,-1.493992129500441,0.6435679119154606,0.0025205988088756303,0.02783802704790539,0.02783802704790539
23,0,1,0,0,1,1,0,1,0,1,0,1,0,0,0,0,0,0,1,-0.3157022015551832,0.7723876776489026,0.006146116983133188,0.060949762364490456,0.060949762364490456
16,0,0,0,0,0,1,0,0,0,0,0,0,0,0,0,1,0,0,0,-1.4856826095572444,0.8107173068575363,0.007832475449686212,0.07414442618478301,0.07414442618478301
9,0,1,0,0,0,1,0,1,1,0,1,1,1,0,0,0,0,0,1,0.1562785312183758,0.8645756330248363,0.010901071741709328,0.09522425637547682,0.09522425637547682
17,0,1,0,1,1,1,0,0,0,0,0,0,0,0,1,0,1,0,1,-1.3178303067046762,0.8045134998853144,0.007534869537132169,0.07190499047148602,0.07190499047148602
4,1,0,0,0,0,1,0,0,0,0,0,0,0,0,0,0,0,0,0,-1.4574302417503764,0.9221895280070969,0.015517187361763772,0.12087777811840728,0.12087777811840728
1,1,0,1,1,0,1,0,1,1,0,0,0,0,0,0,0,0,1,1,-0.5068211602487017,0.9743124842439652,0.02235010364622835,0.1468274853100915,0.1468274853100915
24,0,0,0,1,0,1,1,0,0,0,1,0,0,0,1,0,0,0,1,0.4936450409121522,0.7677256072562019,0.005964174846469762,0.05945002834593771,0.05945002834593771
1,0,0,1,0,0,1,1,0,0,0,0,0,0,0,0,0,0,1,1,0.21444517082075099,0.9743124842439652,0.02235010364622835,0.1468274853100915,0.1468274853100915
72,0,1,1,0,0,1,1,0,1,1,1,1,1,1,1,0,1,0,0,1.6287254651527883,0.6419575496164033,0.002490279067928491,0.027529416300707155,0.027529416300707155
72,0,0,0,1,0,1,0,0,0,0,0,0,0,0,1,0,1,1,0,-1.3377731545683478,0.6419575496164033,0.002490279067928491,0.027529416300707155,0.027529416300707155
11,0,0,0,0,1,1,0,0,0,0,0,0,0,0,0,0,0,0,0,-1.4989778414663588,0.8469074549655476,0.009789108115316166,0.08799046091721618,0.08799046091721618
9,1,1,0,0,0,1,0,0,0,0,0,0,0,0,0,0,0,0,0,-1.4806968975913266,0.8645756330248363,0.010901071741709328,0.09522425637547682,0.09522425637547682
2,1,0,1,1,0,1,0,1,0,1,0,0,0,0,0,0,0,0,0,-0.4868783123850302,0.9544211124058478,0.01918286543259826,0.13658902706858933,0.13658902706858933
60,0,0,1,1,0,1,1,0,0,0,1,0,1,1,1,1,0,0,1,1.1866590041747367,0.6630148153227823,0.0029109829180785306,0.031759872056746574,0.031759872056746574
29,1,1,1,1,0,1,1,0,0,1,1,0,0,1,1,0,0,1,1,1.033763837219922,0.746664964341879,0.005198070769814978,0.05296124339833497,0.05296124339833497
49,0,0,0,0,0,1,0,1,0,0,1,1,1,1,0,0,1,0,1,0.3208070260936658,0.6864927538867036,0.0034464244917631367,0.03698759780359384,0.03698759780359384
30,0,0,1,0,0,1,1,0,0,1,1,0,1,1,1,0,0,1,1,1.3063160913567655,0.7428424163487329,0.0050683354621543905,0.051833777579476825,0.051833777579476825
53,0,0,0,1,0,1,0,0,0,0,0,0,0,0,0,1,0,0,0,-1.5205825933186699,0.6773932996244997,0.003230113874366814,0.03489628604896822,0.03489628604896822
39,0,1,0,0,1,1,0,0,0,0,0,0,0,0,1,0,1,0,0,-1.322816018670594,0.7128864964214463,0.00414205349534239,0.043530572366621945,0.043530572366621945
9,0,0,0,0,0,1,0,0,0,0,0,0,0,0,0,0,0,0,0,-1.5205825933186699,0.8645756330248363,0.010901071741709328,0.09522425637547682,0.09522425637547682
39,0,1,0,0,0,1,1,0,0,0,1,1,0,0,0,1,0,1,0,0.5684307204009204,0.7128864964214463,0.00414205349534239,0.043530572366621945,0.043530572366621945
8,0,1,1,0,0,1,1,0,0,0,0,0,0,0,0,0,0,1,1,0.16292614717293305,0.8743368175545859,0.01156705087089483,0.09935054964947354,0.09935054964947354
51,0,0,0,1,1,1,1,0,0,0,1,0,0,1,1,1,0,1,1,0.8426448785264035,0.681854139199785,0.003334724055742794,0.03591111081215892,0.03591111081215892
71,0,1,0,1,1,1,0,0,0,0,0,0,0,0,1,0,1,0,0,-1.311182690750119,0.6435679119154606,0.0025205988088756303,0.02783802704790539,0.02783802704790539
71,0,1,1,0,0,1,0,0,0,0,0,0,0,0,1,0,1,0,1,-1.334449346591069,0.6435679119154606,0.0025205988088756303,0.02783802704790539,0.02783802704790539
70,0,0,1,1,0,1,0,0,0,0,0,0,0,0,0,0,1,0,1,-1.5039635534322768,0.6452021175658147,0.002551672337160255,0.02815370280249474,0.02815370280249474
1,1,0,1,0,0,0,0,1,0,0,0,0,0,0,0,0,0,1,0,-1.3145064987273976,0.9743124842439652,0.02235010364622835,0.1468274853100915,0.1468274853100915
38,0,1,0,1,0,0,0,1,1,1,0,1,1,1,0,0,1,0,1,-0.15948322662308967,0.7158758576100376,0.0042276442662364,0.04431696426317133,0.04431696426317133
28,0,0,0,1,0,1,1,0,0,1,1,0,0,1,0,0,0,0,0,0.8343353585832071,0.7506071373425116,0.0053347764644180165,0.05414016114784159,0.05414016114784159
32,0,0,0,1,0,1,0,0,0,0,0,0,0,0,0,0,0,0,0,-1.5089492653981946,0.7355303895625583,0.00482771692436557,0.04972004336955682,0.04972004336955682
49,0,1,1,1,0,1,0,1,0,1,0,0,0,0,0,0,1,0,0,-0.49851164030550527,0.6864927538867036,0.0034464244917631367,0.03698759780359384,0.03698759780359384
37,0,0,0,1,1,1,0,0,0,0,0,0,0,0,1,0,1,0,1,-1.3527302904661012,0.7189405920832638,0.0043169072108659315,0.0451328504105416,0.0451328504105416
10,0,0,0,0,0,1,0,1,0,0,1,1,0,0,0,0,0,1,0,-0.35060218531660825,0.8554585264638187,0.010313003097985489,0.09145336847937524,0.09145336847937524
67,0,1,0,1,0,1,1,0,1,1,1,0,1,1,1,1,0,0,0,1.4990969540389238,0.6502545080837984,0.0026497095459112013,0.029145652408135048,0.029145652408135048
7,0,1,0,0,0,0,0,1,0,0,1,1,0,0,0,1,0,0,1,-0.9738161810563427,0.8848383086630132,0.012329368360988486,0.10389128471090825,0.10389128471090825
51,0,0,0,0,0,1,1,0,0,0,0,0,1,1,0,1,0,0,0,0.75622587111716,0.681854139199785,0.003334724055742794,0.03591111081215892,0.03591111081215892
9,1,0,0,0,0,1,0,1,0,0,0,0,0,0,0,0,0,1,0,-0.6530687112489594,0.8645756330248363,0.010901071741709328,0.09522425637547682,0.09522425637547682
9,0,0,0,0,0,1,1,0,0,0,0,0,1,1,0,0,0,0,1,0.7844782389240282,0.8645756330248363,0.010901071741709328,0.09522425637547682,0.09522425637547682
4,0,1,0,0,0,1,0,1,0,0,0,1,0,0,0,0,0,0,1,-0.46527356053271945,0.9221895280070969,0.015517187361763772,0.12087777811840728,0.12087777811840728
71,0,1,0,1,0,1,1,0,1,1,1,0,1,0,1,0,1,1,1,1.1368018845155579,0.6435679119154606,0.0025205988088756303,0.02783802704790539,0.02783802704790539
50,1,0,0,1,1,1,1,0,0,0,0,0,1,0,1,0,0,0,1,0.651525919832885,0.6841504128114664,0.003389643293482253,0.03644129666249096,0.03644129666249096
24,0,0,1,1,1,1,1,0,0,0,1,0,1,1,0,0,1,1,1,1.0553685890722326,0.7677256072562019,0.005964174846469762,0.05945002834593771,0.05945002834593771
22,0,1,0,1,0,1,0,1,1,0,0,0,1,0,0,1,0,0,1,-0.16779274656628612,0.7772239626242997,0.006339847981342745,0.0625297608539006,0.0625297608539006
44,0,1,0,0,0,1,1,0,1,1,1,0,1,1,1,0,0,1,1,1.5522778816753808,0.6989597866938809,0.0037619201221218337,0.03998903582240876,0.03998903582240876
33,0,0,0,1,1,1,0,0,0,0,0,0,0,0,1,0,0,0,0,-1.3477445785001834,0.732029255003116,0.004715929386838689,0.04872789424351476,0.04872789424351476
1,1,0,0,0,0,1,1,0,0,0,0,0,0,0,1,0,0,1,1,0.34241177794597627,0.9743124842439652,0.02235010364622835,0.1468274853100915,0.1468274853100915
54,1,0,0,1,0,1,0,1,0,0,0,0,1,1,1,1,0,0,1,0.17788328307068677,0.6752256920763566,0.003180258311786613,0.03441034838970081,0.03441034838970081
42,1,1,0,0,0,1,1,0,0,1,0,0,1,1,1,0,0,1,1,1.2282066038907191,0.7043380877631116,0.0039051573709433167,0.0413329850998293,0.0413329850998293
1,1,0,0,0,0,1,0,1,0,0,0,0,0,0,0,0,0,1,0,-0.6314639593966487,0.9743124842439652,0.02235010364622835,0.1468274853100915,0.1468274853100915
1,0,0,0,0,0,1,0,0,0,0,0,0,0,0,0,0,0,0,0,-1.4723873776481302,0.9743124842439652,0.02235010364622835,0.1468274853100915,0.1468274853100915
30,0,1,0,0,0,1,0,1,1,1,0,1,1,0,0,1,0,1,0,0.18619280301388322,0.7428424163487329,0.0050683354621543905,0.051833777579476825,0.051833777579476825
1,0,0,0,0,0,0,0,1,0,0,0,1,0,0,0,0,0,0,0,-1.1383446759316327,0.9743124842439652,0.02235010364622835,0.1468274853100915,0.1468274853100915
16,0,1,0,1,1,1,0,1,1,1,0,1,1,1,1,0,0,1,0,0.6681449597192779,0.8107173068575363,0.007832475449686212,0.07414442618478301,0.07414442618478301
1,1,1,0,0,0,1,0,0,0,0,0,0,0,0,0,0,0,0,1,-1.4856826095572444,0.9743124842439652,0.02235010364622835,0.1468274853100915,0.1468274853100915
9,1,1,0,1,0,0,0,1,0,0,0,1,1,0,0,0,0,0,0,-0.8026400702264956,0.8645756330248363,0.010901071741709328,0.09522425637547682,0.09522425637547682
46,1,1,1,1,0,1,1,0,0,0,1,0,1,1,1,0,0,1,1,1.2032780440611297,0.6938140321924815,0.003628947567853564,0.038730988089776375,0.038730988089776375
1,1,1,0,0,0,1,1,0,0,0,0,0,0,0,0,0,0,1,1,0.14298329930926126,0.9743124842439652,0.02235010364622835,0.1468274853100915,0.1468274853100915
71,0,1,0,1,0,1,0,1,1,0,0,1,0,0,0,0,1,0,0,-0.34229266537341174,0.6435679119154606,0.0025205988088756303,0.02783802704790539,0.02783802704790539
43,0,1,0,0,0,1,1,0,0,0,0,0,0,0,1,0,0,0,1,0.3507212978891727,0.7016186635948665,0.003832182002392298,0.04064972482294138,0.04064972482294138
50,0,1,0,1,0,0,0,1,1,0,0,1,1,0,0,1,0,0,1,-0.6763353670899094,0.6841504128114664,0.003389643293482253,0.03644129666249096,0.03644129666249096
13,1,0,0,0,0,1,1,0,0,0,0,0,0,0,1,0,0,0,1,0.3390879699686979,0.8312566322761956,0.008894046614766308,0.0818402613059327,0.0818402613059327
19,1,1,0,1,1,1,1,0,0,1,0,1,1,1,0,1,0,0,0,1.170039964288344,0.7929113200145855,0.0070048485392757275,0.06782398836650938,0.06782398836650938
41,0,0,0,0,0,1,1,0,0,0,1,0,1,1,1,0,0,0,0,1.1052257087314112,0.7071206594283597,0.003981008341391358,0.042040010297382246,0.042040010297382246
1,1,0,1,0,0,1,1,0,0,0,0,0,0,0,0,0,0,1,1,0.2111213628434726,0.9743124842439652,0.02235010364622835,0.1468274853100915,0.1468274853100915
24,1,0,0,0,0,0,0,1,0,1,1,0,1,1,0,0,0,0,1,-0.35392599329388685,0.7677256072562019,0.005964174846469762,0.05945002834593771,0.05945002834593771
40,0,0,0,1,0,1,0,1,0,1,0,0,1,0,1,1,0,0,0,-0.029854715509224947,0.7099691459680679,0.004059910336396862,0.04277208089669704,0.04277208089669704
3,0,0,0,1,1,1,0,1,0,1,1,0,1,0,1,0,0,0,1,0.14464520329790093,0.9373188893787414,0.017092860770546496,0.12812771737333695,0.12812771737333695
37,0,0,0,0,0,1,0,1,1,0,0,0,1,0,1,1,0,0,0,-0.004926155679635335,0.7189405920832638,0.0043169072108659315,0.0451328504105416,0.0451328504105416
67,1,0,0,1,1,1,1,0,1,0,1,1,1,1,1,0,1,0,1,1.4608731623002198,0.6502545080837984,0.0026497095459112013,0.029145652408135048,0.029145652408135048
32,0,0,0,1,1,1,1,0,0,1,0,0,1,1,1,0,0,1,1,1.1318161725496398,0.7355303895625583,0.00482771692436557,0.04972004336955682,0.04972004336955682
6,1,0,0,1,0,1,0,1,0,0,0,1,0,0,0,0,0,1,1,-0.520116392157816,0.8962011910421149,0.01321361285882388,0.10892151775419001,0.10892151775419001
32,0,0,0,1,1,1,1,0,1,0,0,0,1,0,1,0,0,1,0,0.8243639346513709,0.7355303895625583,0.00482771692436557,0.04972004336955682,0.04972004336955682
59,0,0,0,0,0,1,1,0,0,1,1,0,0,0,1,0,0,1,1,0.613302128094181,0.6649614286359096,0.0029526183444970946,0.03217256791019485,0.03217256791019485
30,0,0,0,1,0,1,0,1,0,1,1,1,0,1,0,1,0,0,0,0.18120709104796517,0.7428424163487329,0.0050683354621543905,0.051833777579476825,0.051833777579476825
20,1,1,0,0,1,1,0,0,0,0,0,0,0,0,0,0,0,1,1,-1.5089492653981946,0.7874709741517664,0.006767715032425889,0.0659587290124013,0.0659587290124013
27,0,0,0,1,1,1,0,0,0,0,0,0,0,0,1,0,1,1,0,-1.339435058556987,0.7546760980475697,0.005479040808994945,0.05537422178102336,0.05537422178102336
20,1,0,1,0,0,1,1,0,1,0,0,0,0,0,1,0,0,1,1,0.4770260010257593,0.7874709741517664,0.006767715032425889,0.0659587290124013,0.0659587290124013
9,0,1,0,0,1,1,0,0,0,0,0,0,0,0,0,1,0,0,0,-1.4856826095572444,0.8645756330248363,0.010901071741709328,0.09522425637547682,0.09522425637547682
68,0,0,0,1,1,1,0,1,1,1,1,0,1,0,1,1,0,0,1,0.2726118104231262,0.6485447168747005,0.0026161967996319807,0.028807250213664037,0.028807250213664037
69,0,0,0,1,1,1,0,1,1,0,0,1,0,0,1,0,1,0,0,-0.11294991494118954,0.6468608243449303,0.002583528294433392,0.028476690845760766,0.028476690845760766
26,0,1,0,0,0,1,1,0,0,0,1,1,0,0,1,0,0,0,1,0.6482021118556061,0.7588796606729277,0.005631521405658712,0.05666748667997901,0.05666748667997901
69,0,1,0,1,1,1,0,0,0,0,0,0,0,0,0,0,1,0,0,-1.4923302255118018,0.6468608243449303,0.002583528294433392,0.028476690845760766,0.028476690845760766
11,0,1,0,0,0,1,0,0,0,0,0,0,0,0,0,0,1,0,0,-1.4757111856254088,0.8469074549655476,0.009789108115316166,0.08799046091721618,0.08799046091721618
1,0,1,0,0,0,1,0,1,0,0,0,0,0,0,1,0,0,0,0,-0.46693546452135865,0.9743124842439652,0.02235010364622835,0.1468274853100915,0.1468274853100915
10,0,1,0,1,1,1,0,0,0,0,0,0,0,0,0,1,0,0,0,-1.4740492816367694,0.8554585264638187,0.010313003097985489,0.09145336847937524,0.09145336847937524
55,0,0,0,1,1,1,0,1,1,1,0,1,0,1,1,1,0,0,1,0.36401652979828725,0.6730980579890953,0.0031319345818057722,0.033937922764987416,0.033937922764987416
44,0,1,0,0,0,1,0,1,1,0,0,1,1,0,0,1,0,1,0,0.020002404149954044,0.6989597866938809,0.0037619201221218337,0.03998903582240876,0.03998903582240876
46,1,1,1,1,0,1,1,0,0,0,0,0,0,1,0,0,0,1,1,0.5185736007417416,0.6938140321924815,0.003628947567853564,0.038730988089776375,0.038730988089776375
69,0,1,0,1,1,1,0,1,1,1,1,0,0,0,0,0,1,0,1,-0.16779274656628612,0.6468608243449303,0.002583528294433392,0.028476690845760766,0.028476690845760766
11,0,1,1,0,0,1,1,0,0,0,0,0,0,1,0,0,0,1,1,0.45542124917344834,0.8469074549655476,0.009789108115316166,0.08799046091721618,0.08799046091721618
11,1,0,0,1,0,1,1,0,0,1,0,0,1,1,1,0,0,1,1,1.2365161238339155,0.8469074549655476,0.009789108115316166,0.08799046091721618,0.08799046091721618
29,0,1,0,0,0,1,0,1,0,0,1,0,0,0,0,0,0,0,0,-0.5267640081123731,0.746664964341879,0.005198070769814978,0.05296124339833497,0.05296124339833497
57,0,0,0,1,0,1,1,0,1,0,0,0,1,1,1,0,0,1,1,1.158406636367869,0.6689574203086703,0.003039606595789443,0.03303139376725084,0.03303139376725084
28,0,1,0,0,0,1,0,0,0,0,0,0,0,0,0,1,0,0,0,-1.5471730571368985,0.7506071373425116,0.0053347764644180165,0.05414016114784159,0.05414016114784159
42,0,0,0,0,0,1,0,1,1,0,1,0,0,0,0,0,0,0,0,-0.34063076138477255,0.7043380877631116,0.0039051573709433167,0.0413329850998293,0.0413329850998293
2,1,0,0,0,0,1,0,0,0,0,0,0,0,0,0,0,0,0,0,-1.4674016656822124,0.9544211124058478,0.01918286543259826,0.13658902706858933,0.13658902706858933
23,0,1,0,0,1,0,0,1,1,1,0,1,0,0,0,1,0,0,0,-0.8026400702264956,0.7723876776489026,0.006146116983133188,0.060949762364490456,0.060949762364490456
18,0,0,0,1,1,1,0,0,0,0,0,0,0,0,0,0,0,0,0,-1.4740492816367694,0.798585597100695,0.007259843514731271,0.06980238681281059,0.06980238681281059
62,0,1,0,1,1,1,0,0,0,0,0,0,0,0,1,1,0,0,0,-1.3294636346251512,0.6592190846564381,0.0028311702861325673,0.03096578220998969,0.03096578220998969
1,1,0,0,0,0,1,1,0,0,0,0,0,0,0,0,0,0,0,1,0.19948803492299727,0.9743124842439652,0.02235010364622835,0.1468274853100915,0.1468274853100915
16,1,1,0,0,0,1,1,0,0,0,0,1,0,1,1,0,0,0,1,0.8060829907763388,0.8107173068575363,0.007832475449686212,0.07414442618478301,0.07414442618478301
3,1,0,0,0,0,1,1,0,0,0,0,0,1,1,1,0,0,1,1,1.0570304930608718,0.9373188893787414,0.017092860770546496,0.12812771737333695,0.12812771737333695
67,0,1,0,0,0,1,0,1,1,1,1,1,1,1,1,1,0,0,1,0.7977734708331423,0.6502545080837984,0.0026497095459112013,0.029145652408135048,0.029145652408135048
62,0,1,0,0,0,1,0,0,0,0,0,0,0,0,0,0,1,0,1,-1.487344513545884,0.6592190846564381,0.0028311702861325673,0.03096578220998969,0.03096578220998969
57,1,0,0,1,0,1,1,0,0,1,1,0,1,1,1,0,0,0,1,1.3196113232658802,0.6689574203086703,0.003039606595789443,0.03303139376725084,0.03303139376725084
2,0,1,0,0,0,1,1,0,0,0,0,0,0,0,0,0,0,1,1,0.16624995515021143,0.9544211124058478,0.01918286543259826,0.13658902706858933,0.13658902706858933
23,0,0,0,1,1,1,0,1,1,0,1,1,1,0,1,0,1,0,1,0.41054984148018764,0.7723876776489026,0.006146116983133188,0.060949762364490456,0.060949762364490456
25,0,0,0,0,1,0,0,1,1,0,0,1,0,0,0,0,1,0,0,-0.9887733169540964,0.7632263722784222,0.005792955912006608,0.05802443652851541,0.05802443652851541
72,0,0,1,0,0,1,1,0,0,1,1,1,1,1,1,0,1,0,1,1.439268410447909,0.6419575496164033,0.002490279067928491,0.027529416300707155,0.027529416300707155
2,0,0,0,1,0,1,1,0,0,0,0,0,1,0,1,0,0,1,1,0.6398925919124097,0.9544211124058478,0.01918286543259826,0.13658902706858933,0.13658902706858933
8,0,0,0,0,0,1,0,0,0,0,0,0,0,0,0,1,0,0,1,-1.4823588015799658,0.8743368175545859,0.01156705087089483,0.09935054964947354,0.09935054964947354
5,1,0,0,0,0,1,0,1,0,0,0,0,0,0,1,0,0,0,1,-0.4719211764872765,0.9085818526659613,0.014256987321705751,0.11453932573635439,0.11453932573635439
35,0,1,0,0,0,0,0,1,0,0,1,0,1,1,0,0,0,1,0,-0.5184544881691766,0.7253108322429414,0.004507451042951911,0.04686012202126277,0.04686012202126277
24,0,1,0,0,0,1,0,0,0,0,0,0,0,0,1,1,0,1,0,-1.3361112505797081,0.7677256072562019,0.005964174846469762,0.05945002834593771,0.05945002834593771
2,0,0,0,1,1,1,1,0,0,0,0,0,0,0,0,0,0,1,1,0.2277404027298655,0.9544211124058478,0.01918286543259826,0.13658902706858933,0.13658902706858933
72,0,1,0,1,1,1,1,0,1,1,1,1,0,1,1,0,1,0,1,1.3329065551749946,0.6419575496164033,0.002490279067928491,0.027529416300707155,0.027529416300707155
41,0,0,0,0,0,1,1,0,1,1,1,1,1,0,1,0,0,1,1,1.3860874828114518,0.7071206594283597,0.003981008341391358,0.042040010297382246,0.042040010297382246
4,1,1,0,0,1,1,0,1,1,0,0,0,0,0,0,0,0,1,0,-0.5134687762032588,0.9221895280070969,0.015517187361763772,0.12087777811840728,0.12087777811840728
26,0,1,0,0,0,1,1,0,0,1,0,0,0,0,0,1,0,0,0,0.3557070098550908,0.7588796606729277,0.005631521405658712,0.05666748667997901,0.05666748667997901
7,1,1,0,0,0,1,1,0,0,1,0,0,1,1,0,0,0,1,1,0.9789210055948252,0.8848383086630132,0.012329368360988486,0.10389128471090825,0.10389128471090825
1,1,0,0,1,0,1,1,0,0,0,0,0,0,0,0,0,0,1,1,0.13799758734334366,0.9743124842439652,0.02235010364622835,0.1468274853100915,0.1468274853100915
4,0,0,0,1,1,1,0,1,0,1,0,1,0,0,1,0,0,0,1,-0.2093403462822684,0.9221895280070969,0.015517187361763772,0.12087777811840728,0.12087777811840728
48,0,1,0,0,0,1,0,1,0,1,1,1,1,1,0,0,1,0,0,0.46871648108256286,0.6888828979881829,0.003505164885370563,0.03755076913789834,0.03755076913789834
2,1,1,1,0,0,1,1,0,0,0,0,0,1,1,1,0,0,1,1,0.9656257736857107,0.9544211124058478,0.01918286543259826,0.13658902706858933,0.13658902706858933
12,0,0,1,1,0,1,0,1,1,0,1,1,1,1,0,1,0,1,1,0.4786879050143985,0.8388580793219884,0.009318867014819062,0.08479678961103854,0.08479678961103854
60,0,1,0,1,0,1,1,0,1,0,1,1,1,1,1,0,0,0,1,1.48413981814117,0.6630148153227823,0.0029109829180785306,0.031759872056746574,0.031759872056746574
55,0,1,0,0,0,1,0,1,1,0,1,1,0,0,0,0,1,1,1,-0.18607369044131825,0.6730980579890953,0.0031319345818057722,0.033937922764987416,0.033937922764987416
1,0,1,0,0,0,0,0,1,0,0,0,1,0,0,0,0,0,0,0,-1.1848779876135327,0.9743124842439652,0.02235010364622835,0.1468274853100915,0.1468274853100915
1,0,1,0,0,0,1,0,0,0,0,0,0,0,0,0,0,0,0,0,-1.487344513545884,0.9743124842439652,0.02235010364622835,0.1468274853100915,0.1468274853100915
4,1,1,0,0,0,1,1,0,0,0,0,0,0,0,1,0,0,1,1,0.37398795373012295,0.9221895280070969,0.015517187361763772,0.12087777811840728,0.12087777811840728
1,1,1,0,0,0,0,0,1,0,0,0,0,0,0,0,0,0,0,1,-1.3410969625456262,0.9743124842439652,0.02235010364622835,0.1468274853100915,0.1468274853100915
42,0,0,0,0,0,1,0,1,0,0,1,1,0,1,0,0,1,0,0,0.05656429190001827,0.7043380877631116,0.0039051573709433167,0.0413329850998293,0.0413329850998293
1,0,0,0,0,0,1,0,1,1,0,0,0,0,0,0,0,0,0,0,-0.5068211602487017,0.9743124842439652,0.02235010364622835,0.1468274853100915,0.1468274853100915
7,1,1,0,0,0,1,1,0,0,0,1,0,1,0,1,0,0,0,1,0.8160544147081744,0.8848383086630132,0.012329368360988486,0.10389128471090825,0.10389128471090825
3,0,1,0,0,0,1,1,0,0,0,1,0,0,0,0,0,0,0,1,0.29255465828679755,0.9373188893787414,0.017092860770546496,0.12812771737333695,0.12812771737333695
72,0,0,0,1,0,1,0,1,1,1,1,0,1,1,1,0,1,0,1,0.5933592802305098,0.6419575496164033,0.002490279067928491,0.027529416300707155,0.027529416300707155
15,0,1,0,0,0,1,0,1,0,0,0,0,0,0,1,0,0,1,1,-0.5251021041237338,0.817222359631732,0.00815567933565363,0.07653518145581295,0.07653518145581295
4,1,1,0,1,0,1,1,0,0,0,0,0,1,0,0,0,0,1,1,0.5169116967531019,0.9221895280070969,0.015517187361763772,0.12087777811840728,0.12087777811840728
11,0,0,0,0,0,1,0,0,0,0,0,0,0,0,1,1,0,1,0,-1.3161684027160367,0.8469074549655476,0.009789108115316166,0.08799046091721618,0.08799046091721618
5,0,0,0,0,0,1,0,0,0,0,0,0,0,0,1,0,0,0,0,-1.3078588827728401,0.9085818526659613,0.014256987321705751,0.11453932573635439,0.11453932573635439
1,1,0,1,0,0,1,0,1,1,0,1,0,0,0,0,0,0,1,1,-0.2990831616687903,0.9743124842439652,0.02235010364622835,0.1468274853100915,0.1468274853100915
72,0,1,0,1,0,1,1,0,1,0,1,1,1,1,1,0,1,0,1,1.5323350338117097,0.6419575496164033,0.002490279067928491,0.027529416300707155,0.027529416300707155
55,0,0,0,1,0,1,1,0,0,1,0,0,0,0,1,0,0,0,1,0.4304926893438589,0.6730980579890953,0.0031319345818057722,0.033937922764987416,0.033937922764987416
40,0,0,0,1,1,1,0,0,0,0,0,0,0,0,1,0,0,1,1,-1.282930322943251,0.7099691459680679,0.004059910336396862,0.04277208089669704,0.04277208089669704
57,0,0,0,1,0,1,0,0,0,0,0,0,0,0,0,0,1,0,0,-1.4923302255118018,0.6689574203086703,0.003039606595789443,0.03303139376725084,0.03303139376725084
1,1,1,0,0,0,1,1,0,0,0,0,0,1,0,0,0,0,1,1,0.47370219304848044,0.9743124842439652,0.02235010364622835,0.1468274853100915,0.1468274853100915
1,1,1,0,1,0,1,1,0,1,0,0,0,1,1,0,0,0,1,1,1.0038495654244146,0.9743124842439652,0.02235010364622835,0.1468274853100915,0.1468274853100915
1,1,0,0,0,0,0,0,1,0,0,0,0,0,0,0,0,0,0,0,-1.3161684027160367,0.9743124842439652,0.02235010364622835,0.1468274853100915,0.1468274853100915
52,0,1,1,1,1,1,0,1,0,1,1,0,1,1,1,1,0,1,1,0.5335307366394948,0.6796022882225629,0.00328157591746785,0.03539633014558485,0.03539633014558485
41,1,1,1,0,0,1,1,0,0,0,1,0,1,1,1,0,0,1,1,1.1168590366518867,0.7071206594283597,0.003981008341391358,0.042040010297382246,0.042040010297382246
43,0,1,0,1,0,1,0,1,0,0,0,0,1,0,0,1,0,0,1,-0.2808022177937579,0.7016186635948665,0.003832182002392298,0.04064972482294138,0.04064972482294138
47,0,0,0,1,1,1,0,0,0,0,0,0,0,0,0,0,1,0,0,-1.5122730733754732,0.6913226781406935,0.0035659686558325962,0.038131613989117574,0.038131613989117574
3,0,1,0,0,0,1,0,1,0,0,0,0,0,0,1,0,0,0,0,-0.47856879244183376,0.9373188893787414,0.017092860770546496,0.12812771737333695,0.12812771737333695
66,1,1,1,1,1,1,0,1,1,1,1,1,1,0,1,0,1,0,0,0.48533552096895577,0.6519909407703324,0.0026840999053434323,0.029492182160968494,0.029492182160968494
55,0,1,0,1,1,1,0,1,0,0,1,1,0,0,0,0,1,0,1,-0.3173641055438224,0.6730980579890953,0.0031319345818057722,0.033937922764987416,0.033937922764987416
29,0,1,0,0,0,1,0,0,0,0,0,0,0,0,0,1,0,0,0,-1.5189206893300304,0.746664964341879,0.005198070769814978,0.05296124339833497,0.05296124339833497
12,0,0,0,0,1,1,1,0,0,0,0,0,1,0,1,0,0,1,1,0.6398925919124097,0.8388580793219884,0.009318867014819062,0.08479678961103854,0.08479678961103854
66,0,0,0,1,0,1,1,0,0,1,1,0,1,1,1,0,0,1,1,1.3428779791068302,0.6519909407703324,0.0026840999053434323,0.029492182160968494,0.029492182160968494
35,1,1,1,0,0,1,1,0,0,0,1,0,1,1,1,0,0,1,1,1.2165732759702441,0.7253108322429414,0.004507451042951911,0.04686012202126277,0.04686012202126277
10,1,1,1,1,0,1,1,0,0,0,1,0,0,1,1,0,0,1,1,0.8310115506059281,0.8554585264638187,0.010313003097985489,0.09145336847937524,0.09145336847937524
27,0,1,0,1,1,1,1,0,0,0,0,0,0,0,1,0,0,0,1,0.36401652979828725,0.7546760980475697,0.005479040808994945,0.05537422178102336,0.05537422178102336
58,0,0,0,0,0,1,1,0,0,0,0,1,1,1,0,0,0,1,1,1.0138209893562502,0.6669419291751147,0.0029954745981990286,0.0325962586220786,0.0325962586220786
54,1,1,0,1,0,1,1,0,1,1,1,1,1,1,0,0,1,0,0,1.4941112420730056,0.6752256920763566,0.003180258311786613,0.03441034838970081,0.03441034838970081
9,0,1,0,0,0,1,0,0,0,0,0,0,0,0,0,0,0,0,0,-1.493992129500441,0.8645756330248363,0.010901071741709328,0.09522425637547682,0.09522425637547682
2,1,1,0,0,0,1,0,0,0,0,0,0,0,0,0,1,0,0,0,-1.5122730733754732,0.9544211124058478,0.01918286543259826,0.13658902706858933,0.13658902706858933
6,0,1,0,0,0,1,1,0,0,0,0,0,0,0,0,0,0,1,1,0.14298329930926126,0.8962011910421149,0.01321361285882388,0.10892151775419001,0.10892151775419001
26,1,0,1,0,0,1,1,0,0,0,0,0,1,1,0,0,0,1,1,0.8792067662764678,0.7588796606729277,0.005631521405658712,0.05666748667997901,0.05666748667997901
9,0,0,0,0,0,1,0,0,0,0,0,0,0,0,0,0,0,0,0,-1.4806968975913266,0.8645756330248363,0.010901071741709328,0.09522425637547682,0.09522425637547682
8,0,1,0,1,0,1,0,1,0,1,1,0,0,0,0,0,0,0,1,-0.3339831454302153,0.8743368175545859,0.01156705087089483,0.09935054964947354,0.09935054964947354
12,0,1,0,0,0,1,1,0,0,0,0,0,1,0,0,0,0,1,1,0.5534735845031666,0.8388580793219884,0.009318867014819062,0.08479678961103854,0.08479678961103854
15,1,0,0,0,0,1,0,1,0,0,0,0,0,0,1,0,0,1,1,-0.5217782961464552,0.817222359631732,0.00815567933565363,0.07653518145581295,0.07653518145581295
43,0,1,0,1,0,1,0,1,1,0,1,0,1,1,1,1,0,1,1,0.5119259847871843,0.7016186635948665,0.003832182002392298,0.04064972482294138,0.04064972482294138
42,0,1,0,0,0,1,1,0,0,0,0,1,1,1,1,0,0,1,1,1.1800113882201795,0.7043380877631116,0.0039051573709433167,0.0413329850998293,0.0413329850998293
31,1,0,0,0,0,1,0,1,1,0,1,1,0,0,1,0,0,0,0,0.015016692184035979,0.7391329118702427,0.004945042598351195,0.05075440110013929,0.05075440110013929
66,0,0,0,0,1,1,1,0,1,0,1,1,0,0,1,0,1,0,1,0.8692353423446321,0.6519909407703324,0.0026840999053434323,0.029492182160968494,0.029492182160968494
18,1,0,1,0,0,1,1,0,0,1,0,1,0,0,1,0,0,1,1,0.68642590359431,0.798585597100695,0.007259843514731271,0.06980238681281059,0.06980238681281059
1,0,1,0,0,0,1,0,0,0,0,0,0,0,0,0,0,0,0,0,-1.4890064175345232,0.9743124842439652,0.02235010364622835,0.1468274853100915,0.1468274853100915
61,1,1,0,1,0,1,1,0,0,1,0,1,1,0,1,0,1,1,1,0.9739352936289072,0.6611010360108607,0.002870516527482457,0.031357744906887475,0.031357744906887475
10,0,1,0,0,0,1,1,0,0,1,0,0,0,0,1,0,0,1,0,0.500292656866709,0.8554585264638187,0.010313003097985489,0.09145336847937524,0.09145336847937524
1,1,1,1,0,0,1,1,0,0,0,0,0,0,0,0,0,0,1,1,0.2277404027298655,0.9743124842439652,0.02235010364622835,0.1468274853100915,0.1468274853100915
18,0,0,1,0,0,1,1,0,0,1,0,0,0,0,0,0,0,1,1,0.2908927542981583,0.798585597100695,0.007259843514731271,0.06980238681281059,0.06980238681281059
24,1,1,0,1,0,1,1,0,0,1,1,0,1,1,1,0,0,1,1,1.3245970352317982,0.7677256072562019,0.005964174846469762,0.05945002834593771,0.05945002834593771
3,0,0,0,1,1,1,0,0,0,0,0,0,0,0,0,0,0,0,0,-1.5122730733754732,0.9373188893787414,0.017092860770546496,0.12812771737333695,0.12812771737333695
50,0,1,0,0,0,1,0,0,0,0,0,0,0,0,0,1,0,0,0,-1.4840207055686052,0.6841504128114664,0.003389643293482253,0.03644129666249096,0.03644129666249096
1,0,1,0,1,1,1,0,1,0,0,0,0,0,0,0,0,0,1,0,-0.6730115591126309,0.9743124842439652,0.02235010364622835,0.1468274853100915,0.1468274853100915
2,0,1,0,0,0,1,0,1,1,0,0,1,0,0,0,0,0,0,1,-0.343954569362051,0.9544211124058478,0.01918286543259826,0.13658902706858933,0.13658902706858933
17,0,1,0,0,0,1,0,0,0,0,0,0,0,0,0,1,0,0,1,-1.5006397454549982,0.8045134998853144,0.007534869537132169,0.07190499047148602,0.07190499047148602
69,0,1,0,1,1,1,1,0,0,1,1,0,1,1,1,0,1,1,1,1.336230363152273,0.6468608243449303,0.002583528294433392,0.028476690845760766,0.028476690845760766
72,0,1,0,1,0,1,0,1,1,1,1,1,1,1,1,0,1,0,1,0.7944496628558639,0.6419575496164033,0.002490279067928491,0.027529416300707155,0.027529416300707155
3,1,0,0,0,0,1,1,0,0,0,0,0,0,0,1,0,0,1,1,0.31415941013910853,0.9373188893787414,0.017092860770546496,0.12812771737333695,0.12812771737333695
50,0,1,1,1,1,1,0,1,1,1,1,0,0,1,1,0,1,0,1,0.34407368193461596,0.6841504128114664,0.003389643293482253,0.03644129666249096,0.03644129666249096
53,0,0,0,0,0,1,0,0,0,0,0,0,0,0,0,0,1,0,0,-1.4806968975913266,0.6773932996244997,0.003230113874366814,0.03489628604896822,0.03489628604896822
58,0,0,0,1,0,1,1,0,1,1,0,1,1,1,1,0,1,0,1,1.4725064902206948,0.6669419291751147,0.0029954745981990286,0.0325962586220786,0.0325962586220786
46,0,1,0,0,0,0,0,1,1,0,0,0,0,0,0,1,0,0,1,-1.1316970599770755,0.6938140321924815,0.003628947567853564,0.038730988089776375,0.038730988089776375
72,0,1,1,1,0,1,1,0,1,1,1,1,1,1,1,0,0,0,1,1.5988111933572813,0.6419575496164033,0.002490279067928491,0.027529416300707155,0.027529416300707155
1,1,0,1,0,0,1,1,0,0,0,0,0,0,0,1,0,0,1,1,0.3124975061504693,0.9743124842439652,0.02235010364622835,0.1468274853100915,0.1468274853100915
6,0,0,0,1,1,1,1,0,0,1,1,0,1,0,1,0,0,0,1,0.972273389640268,0.8962011910421149,0.01321361285882388,0.10892151775419001,0.10892151775419001
72,0,1,0,1,0,1,0,1,1,1,1,1,0,1,1,0,1,0,0,0.4670545770939232,0.6419575496164033,0.002490279067928491,0.027529416300707155,0.027529416300707155
4,0,1,0,0,0,1,0,1,0,0,0,0,0,1,0,0,0,0,1,-0.3157022015551832,0.9221895280070969,0.015517187361763772,0.12087777811840728,0.12087777811840728
52,0,0,0,1,1,1,0,0,0,0,0,0,0,0,0,0,1,0,0,-1.5106111693868338,0.6796022882225629,0.00328157591746785,0.03539633014558485,0.03539633014558485
2,0,0,0,0,0,1,0,0,0,0,0,0,0,0,0,1,0,0,0,-1.4740492816367694,0.9544211124058478,0.01918286543259826,0.13658902706858933,0.13658902706858933
65,0,0,0,1,0,1,0,0,0,0,0,0,0,0,0,0,1,0,0,-1.5106111693868338,0.6537547892731487,0.002719403042122667,0.02984713825493901,0.02984713825493901
43,1,1,1,1,0,1,1,0,0,1,0,0,1,1,1,0,0,1,1,1.2032780440611297,0.7016186635948665,0.003832182002392298,0.04064972482294138,0.04064972482294138
4,1,1,0,1,0,1,1,0,0,1,0,0,1,1,1,0,0,1,1,1.176687580242901,0.9221895280070969,0.015517187361763772,0.12087777811840728,0.12087777811840728
25,1,1,1,1,0,1,1,0,1,0,0,0,0,1,1,1,0,1,1,0.8060829907763388,0.7632263722784222,0.005792955912006608,0.05802443652851541,0.05802443652851541
51,0,0,0,1,0,1,0,1,0,1,0,1,1,1,1,1,0,0,1,0.46040696113936636,0.681854139199785,0.003334724055742794,0.03591111081215892,0.03591111081215892
12,0,1,0,0,0,1,0,1,0,0,1,0,1,1,1,0,0,0,0,0.33077845002550144,0.8388580793219884,0.009318867014819062,0.08479678961103854,0.08479678961103854
57,1,0,0,1,1,1,0,1,1,0,0,0,1,1,0,1,0,0,1,0.1762213790820471,0.6689574203086703,0.003039606595789443,0.03303139376725084,0.03303139376725084
24,0,0,0,1,1,1,0,0,0,0,0,0,0,0,0,1,0,0,0,-1.4923302255118018,0.7677256072562019,0.005964174846469762,0.05945002834593771,0.05945002834593771
64,0,0,0,1,0,1,0,1,0,0,1,1,0,0,1,1,0,0,0,-0.21432605824818624,0.6555468612609421,0.002755656035094927,0.030210834407233156,0.030210834407233156
4,1,0,0,0,0,1,1,0,0,1,1,1,1,1,0,1,0,1,1,1.357835115004584,0.9221895280070969,0.015517187361763772,0.12087777811840728,0.12087777811840728
26,0,0,0,0,0,1,1,0,0,0,1,0,1,1,1,0,0,0,1,1.1866590041747367,0.7588796606729277,0.005631521405658712,0.05666748667997901,0.05666748667997901
15,0,0,0,1,1,1,0,0,0,0,0,0,0,0,0,0,0,0,0,-1.487344513545884,0.817222359631732,0.00815567933565363,0.07653518145581295,0.07653518145581295
64,0,1,1,1,0,1,0,0,0,0,0,0,0,0,1,0,1,0,0,-1.3012112668182831,0.6555468612609421,0.002755656035094927,0.030210834407233156,0.030210834407233156
36,1,1,1,1,0,1,1,0,0,1,0,0,1,1,1,0,0,1,1,1.0537066850835934,0.7220842981429184,0.004410087057617903,0.045979950318991825,0.045979950318991825
27,0,0,0,1,0,1,1,0,0,0,0,0,1,1,1,0,0,0,0,1.0038495654244146,0.7546760980475697,0.005479040808994945,0.05537422178102336,0.05537422178102336
1,1,1,1,1,0,1,1,0,0,0,0,0,0,0,0,0,0,0,0,0.2011499389116365,0.9743124842439652,0.02235010364622835,0.1468274853100915,0.1468274853100915
35,1,0,0,0,0,1,0,1,1,0,1,1,1,1,1,1,0,0,1,0.7030449434807029,0.7253108322429414,0.004507451042951911,0.04686012202126277,0.04686012202126277
4,1,1,0,0,0,1,1,0,0,0,1,0,0,0,0,0,0,1,1,0.30252608221863364,0.9221895280070969,0.015517187361763772,0.12087777811840728,0.12087777811840728
8,0,0,0,1,1,1,0,1,0,0,0,0,0,0,0,0,0,1,1,-0.6430972873171235,0.8743368175545859,0.01156705087089483,0.09935054964947354,0.09935054964947354
10,0,1,0,0,0,1,0,0,0,0,0,0,0,0,0,0,0,0,1,-1.4890064175345232,0.8554585264638187,0.010313003097985489,0.09145336847937524,0.09145336847937524
2,0,0,0,0,0,1,0,1,0,1,0,0,0,0,0,0,0,0,0,-0.5184544881691766,0.9544211124058478,0.01918286543259826,0.13658902706858933,0.13658902706858933
58,1,0,0,1,0,1,1,0,1,1,1,0,1,1,1,0,1,0,1,1.48413981814117,0.6669419291751147,0.0029954745981990286,0.0325962586220786,0.0325962586220786
51,0,1,0,1,0,1,0,1,1,1,1,1,1,1,0,0,1,0,1,0.613302128094181,0.681854139199785,0.003334724055742794,0.03591111081215892,0.03591111081215892
46,0,0,0,1,1,1,0,0,0,0,0,0,0,0,0,0,1,0,1,-1.5139349773641124,0.6938140321924815,0.003628947567853564,0.038730988089776375,0.038730988089776375
1,0,1,0,0,0,1,0,0,0,0,0,0,0,0,0,0,0,0,1,-1.5006397454549982,0.9743124842439652,0.02235010364622835,0.1468274853100915,0.1468274853100915
46,0,1,0,0,0,1,1,0,0,0,0,0,0,0,1,0,0,0,0,0.26596419446856895,0.6938140321924815,0.003628947567853564,0.038730988089776375,0.038730988089776375
50,0,0,0,1,0,1,1,0,1,1,0,1,1,1,1,0,0,0,1,1.4907874340957272,0.6841504128114664,0.003389643293482253,0.03644129666249096,0.03644129666249096
53,0,1,0,1,1,1,0,1,0,1,0,1,1,0,0,0,0,0,0,0.006707172240839519,0.6773932996244997,0.003230113874366814,0.03489628604896822,0.03489628604896822
61,0,1,0,1,0,1,1,0,0,1,1,1,1,1,1,0,0,1,1,1.6386968890846239,0.6611010360108607,0.002870516527482457,0.031357744906887475,0.031357744906887475
5,0,1,0,0,0,1,0,0,0,0,0,0,0,0,0,0,0,0,0,-1.4674016656822124,0.9085818526659613,0.014256987321705751,0.11453932573635439,0.11453932573635439
47,0,1,0,0,0,1,0,1,1,1,1,1,1,1,0,1,0,0,1,0.7362830232534887,0.6913226781406935,0.0035659686558325962,0.038131613989117574,0.038131613989117574
54,0,0,0,0,0,1,1,0,0,1,1,0,1,0,1,1,0,0,1,0.9955400454812182,0.6752256920763566,0.003180258311786613,0.03441034838970081,0.03441034838970081
19,0,1,0,0,1,0,0,1,0,0,0,0,0,0,0,0,0,0,1,-1.311182690750119,0.7929113200145855,0.0070048485392757275,0.06782398836650938,0.06782398836650938
26,0,0,0,0,1,1,1,0,0,1,1,1,1,1,0,0,1,1,1,1.3511874990500268,0.7588796606729277,0.005631521405658712,0.05666748667997901,0.05666748667997901
70,0,1,0,1,1,1,0,0,0,0,0,0,0,0,1,0,1,0,0,-1.3095207867614798,0.6452021175658147,0.002551672337160255,0.02815370280249474,0.02815370280249474
17,0,1,0,1,0,1,1,0,0,1,1,0,1,1,1,0,0,1,1,1.2547970677089475,0.8045134998853144,0.007534869537132169,0.07190499047148602,0.07190499047148602
30,1,0,0,0,0,1,1,0,0,1,0,0,1,1,1,0,0,1,1,1.176687580242901,0.7428424163487329,0.0050683354621543905,0.051833777579476825,0.051833777579476825
1,0,0,0,0,1,1,0,0,0,0,0,0,0,0,1,0,0,0,0,-1.3560540984433798,0.9743124842439652,0.02235010364622835,0.1468274853100915,0.1468274853100915
19,0,0,0,1,1,1,0,0,0,0,0,0,0,0,1,0,1,0,0,-1.3028731708069223,0.7929113200145855,0.0070048485392757275,0.06782398836650938,0.06782398836650938
26,0,0,0,1,0,1,0,1,0,1,1,0,1,1,0,0,1,0,1,0.2892308503095191,0.7588796606729277,0.005631521405658712,0.05666748667997901,0.05666748667997901
21,1,0,0,1,1,1,1,0,0,1,0,0,0,0,0,0,0,0,1,0.30751179418455127,0.7822470612896891,0.006546583090128551,0.06419686154369075,0.06419686154369075
50,0,1,0,1,0,1,1,0,0,1,0,0,1,1,1,1,0,1,1,1.1118733246859687,0.6841504128114664,0.003389643293482253,0.03644129666249096,0.03644129666249096
68,0,0,0,1,0,0,0,1,1,0,1,0,1,1,0,1,0,1,1,-0.3456164733506904,0.6485447168747005,0.0026161967996319807,0.028807250213664037,0.028807250213664037
3,1,1,0,0,0,1,1,0,0,0,1,0,1,1,1,0,0,0,1,1.2215589879361617,0.9373188893787414,0.017092860770546496,0.12812771737333695,0.12812771737333695
9,0,1,0,1,1,1,1,0,0,0,1,1,1,1,0,0,0,1,0,1.2730780115839797,0.8645756330248363,0.010901071741709328,0.09522425637547682,0.09522425637547682
51,0,0,0,1,1,0,0,1,1,0,0,1,0,0,0,0,1,0,0,-1.0170256847609642,0.681854139199785,0.003334724055742794,0.03591111081215892,0.03591111081215892
9,0,0,0,0,0,1,0,1,0,0,0,0,0,0,0,0,0,1,1,-0.6996020229308595,0.8645756330248363,0.010901071741709328,0.09522425637547682,0.09522425637547682
41,1,1,1,1,1,1,1,0,0,1,1,1,1,1,1,1,0,1,1,1.5672350175731347,0.7071206594283597,0.003981008341391358,0.042040010297382246,0.042040010297382246
22,0,1,0,0,0,1,1,0,0,1,0,0,1,1,1,0,0,1,1,1.1916447161406547,0.7772239626242997,0.006339847981342745,0.0625297608539006,0.0625297608539006
21,1,0,0,1,1,0,0,1,1,0,1,0,1,1,0,1,0,1,1,-0.2940974497028722,0.7822470612896891,0.006546583090128551,0.06419686154369075,0.06419686154369075
71,0,1,0,1,1,1,1,0,1,1,1,1,1,1,1,0,1,0,1,1.7035111446415563,0.6435679119154606,0.0025205988088756303,0.02783802704790539,0.02783802704790539
1,1,1,0,0,0,1,0,1,0,0,0,0,0,0,0,0,0,1,0,-0.6331258633852879,0.9743124842439652,0.02235010364622835,0.1468274853100915,0.1468274853100915
26,0,1,0,1,1,1,0,1,0,0,1,1,1,1,1,1,0,0,1,0.5717545283781987,0.7588796606729277,0.005631521405658712,0.05666748667997901,0.05666748667997901
71,0,1,0,1,0,1,0,1,1,1,0,1,0,0,1,0,1,0,0,0.011692884206757584,0.6435679119154606,0.0025205988088756303,0.02783802704790539,0.02783802704790539
4,0,1,0,0,0,1,0,1,0,0,0,0,0,0,0,0,0,0,1,-0.6647020391694345,0.9221895280070969,0.015517187361763772,0.12087777811840728,0.12087777811840728
12,0,0,0,0,0,1,1,0,1,0,0,0,0,0,1,0,0,1,1,0.4986307528780698,0.8388580793219884,0.009318867014819062,0.08479678961103854,0.08479678961103854
18,0,0,0,1,0,1,1,0,0,0,0,1,1,0,1,0,0,1,1,0.7994353748217815,0.798585597100695,0.007259843514731271,0.06980238681281059,0.06980238681281059
3,0,0,0,0,0,1,1,0,0,0,0,0,0,0,1,0,0,1,1,0.3374260659800587,0.9373188893787414,0.017092860770546496,0.12812771737333695,0.12812771737333695
72,0,0,1,1,0,1,1,0,1,1,0,0,1,1,1,1,0,0,1,1.3977208107319266,0.6419575496164033,0.002490279067928491,0.027529416300707155,0.027529416300707155
11,1,1,0,0,0,1,1,0,0,1,0,0,0,0,0,0,0,1,0,0.3374260659800587,0.8469074549655476,0.009789108115316166,0.08799046091721618,0.08799046091721618
1,1,0,0,0,0,1,1,0,0,0,0,0,0,1,0,0,0,0,0,0.5102640807985451,0.9743124842439652,0.02235010364622835,0.1468274853100915,0.1468274853100915
13,0,1,0,0,0,1,0,0,0,0,0,0,0,0,0,1,0,0,0,-1.5122730733754732,0.8312566322761956,0.008894046614766308,0.0818402613059327,0.0818402613059327
72,1,0,0,1,0,1,1,0,0,1,1,1,1,1,1,1,0,1,1,1.4774922021866128,0.6419575496164033,0.002490279067928491,0.027529416300707155,0.027529416300707155
42,0,1,0,1,0,1,0,1,1,0,0,0,0,0,1,1,0,0,0,-0.28911173773695437,0.7043380877631116,0.0039051573709433167,0.0413329850998293,0.0413329850998293
17,0,0,0,0,0,1,0,0,0,0,0,0,0,0,0,0,0,0,0,-1.4989778414663588,0.8045134998853144,0.007534869537132169,0.07190499047148602,0.07190499047148602
7,0,0,1,0,0,1,0,1,0,1,0,0,0,0,0,0,0,0,1,-0.44865452064632655,0.8848383086630132,0.012329368360988486,0.10389128471090825,0.10389128471090825
68,0,0,0,1,0,1,1,0,1,1,1,1,1,1,1,0,1,0,0,1.7882682480621601,0.6485447168747005,0.0026161967996319807,0.028807250213664037,0.028807250213664037
56,0,1,0,1,1,1,0,0,0,0,0,0,0,0,1,0,1,0,0,-1.351068386477462,0.6710090587453561,0.003085072619735503,0.03347844798497823,0.03347844798497823
38,0,0,0,1,1,1,0,0,0,0,0,0,0,0,0,1,0,0,0,-1.4790349936026874,0.7158758576100376,0.0042276442662364,0.04431696426317133,0.04431696426317133
72,0,0,0,1,1,1,1,0,1,1,1,1,1,1,1,0,1,1,1,1.6852302007665243,0.6419575496164033,0.002490279067928491,0.027529416300707155,0.027529416300707155
48,0,0,0,0,0,1,0,0,0,0,0,0,0,0,1,1,0,0,0,-1.3211541146819548,0.6888828979881829,0.003505164885370563,0.03755076913789834,0.03755076913789834
52,0,0,1,1,0,1,1,0,1,1,1,0,1,1,1,0,0,1,1,1.4725064902206948,0.6796022882225629,0.00328157591746785,0.03539633014558485,0.03539633014558485
35,0,0,0,1,1,1,0,0,0,0,0,0,0,0,0,1,0,0,0,-1.5006397454549982,0.7253108322429414,0.004507451042951911,0.04686012202126277,0.04686012202126277
67,0,1,0,1,0,1,1,0,0,1,1,1,1,1,1,0,1,0,1,1.5456302657208236,0.6502545080837984,0.0026497095459112013,0.029145652408135048,0.029145652408135048
1,0,0,0,0,0,0,0,1,1,0,0,0,0,0,0,0,0,0,0,-1.1599494277839435,0.9743124842439652,0.02235010364622835,0.1468274853100915,0.1468274853100915
53,0,1,0,0,0,1,1,0,0,1,0,1,0,0,0,0,0,0,1,0.5252212166962984,0.6773932996244997,0.003230113874366814,0.03489628604896822,0.03489628604896822
34,0,1,0,1,1,1,0,0,0,0,0,0,0,0,0,0,0,0,0,-1.4624159537162946,0.7286243341114813,0.004609291590527576,0.04777537654084685,0.04777537654084685
3,1,0,0,0,0,0,0,1,0,0,0,0,1,0,0,0,0,0,0,-0.9837876049881783,0.9373188893787414,0.017092860770546496,0.12812771737333695,0.12812771737333695
1,1,0,0,1,0,1,1,0,0,0,0,0,1,0,0,0,0,1,0,0.465392673105284,0.9743124842439652,0.02235010364622835,0.1468274853100915,0.1468274853100915
19,0,1,0,0,0,1,1,0,0,0,1,1,1,0,0,0,0,0,0,0.8359972625718463,0.7929113200145855,0.0070048485392757275,0.06782398836650938,0.06782398836650938
60,0,0,1,1,0,1,1,0,1,1,1,1,1,1,1,0,1,0,1,1.7035111446415563,0.6630148153227823,0.0029109829180785306,0.031759872056746574,0.031759872056746574
11,0,1,0,0,0,1,0,0,0,0,0,0,0,0,0,0,1,0,0,-1.5039635534322768,0.8469074549655476,0.009789108115316166,0.08799046091721618,0.08799046091721618
47,1,0,0,0,0,1,1,0,0,1,1,0,1,1,1,0,0,1,1,1.3827636748341734,0.6913226781406935,0.0035659686558325962,0.038131613989117574,0.038131613989117574
18,1,1,0,0,0,1,0,1,1,0,0,0,0,0,0,0,0,1,0,-0.5118068722146196,0.798585597100695,0.007259843514731271,0.06980238681281059,0.06980238681281059
60,0,0,0,1,1,1,1,0,1,1,1,1,1,1,1,0,1,0,0,1.676920680823328,0.6630148153227823,0.0029109829180785306,0.031759872056746574,0.031759872056746574
72,0,1,0,1,0,1,0,0,0,0,0,0,0,0,1,0,1,0,0,-1.3294636346251512,0.6419575496164033,0.002490279067928491,0.027529416300707155,0.027529416300707155
39,0,1,0,0,0,1,0,0,0,0,0,0,0,0,0,1,0,0,0,-1.4923302255118018,0.7128864964214463,0.00414205349534239,0.043530572366621945,0.043530572366621945
59,0,0,0,1,0,1,1,0,1,0,1,0,0,0,0,1,0,0,1,0.5468259685486093,0.6649614286359096,0.0029526183444970946,0.03217256791019485,0.03217256791019485
2,0,1,0,1,1,1,1,0,0,0,0,0,0,0,0,0,0,0,0,0.1712356671161295,0.9544211124058478,0.01918286543259826,0.13658902706858933,0.13658902706858933
1,1,1,1,0,0,1,1,0,0,0,0,0,0,0,0,0,0,1,0,0.14298329930926126,0.9743124842439652,0.02235010364622835,0.1468274853100915,0.1468274853100915
20,1,1,0,1,1,1,1,0,0,0,0,0,1,1,0,0,0,1,1,0.8443067825150427,0.7874709741517664,0.006767715032425889,0.0659587290124013,0.0659587290124013
6,1,0,0,0,0,1,1,0,0,0,0,0,1,1,1,0,0,0,1,0.9556543497538751,0.8962011910421149,0.01321361285882388,0.10892151775419001,0.10892151775419001
71,0,1,0,0,0,1,1,0,0,0,1,1,0,0,1,0,1,0,1,0.7180020793784566,0.6435679119154606,0.0025205988088756303,0.02783802704790539,0.02783802704790539
24,0,0,0,1,0,1,0,1,1,1,1,0,0,0,1,0,0,0,0,0.049916675945461016,0.7677256072562019,0.005964174846469762,0.05945002834593771,0.05945002834593771
67,0,1,1,1,0,1,1,0,0,0,0,0,1,1,1,0,0,0,1,0.9922162375039397,0.6502545080837984,0.0026497095459112013,0.029145652408135048,0.029145652408135048
1,1,1,0,0,0,1,1,0,0,0,0,0,0,1,0,0,0,0,1,0.5335307366394948,0.9743124842439652,0.02235010364622835,0.1468274853100915,0.1468274853100915
48,1,0,0,1,1,1,1,0,0,0,0,0,0,1,1,1,0,0,1,0.5734164323668379,0.6888828979881829,0.003505164885370563,0.03755076913789834,0.03755076913789834
37,0,0,0,1,0,1,0,1,0,1,0,1,0,1,1,1,0,0,0,0.24269753862761878,0.7189405920832638,0.0043169072108659315,0.0451328504105416,0.0451328504105416
11,0,1,0,0,0,0,0,1,0,1,1,0,0,0,0,0,0,0,0,-1.0004066448745712,0.8469074549655476,0.009789108115316166,0.08799046091721618,0.08799046091721618
3,1,1,0,1,0,1,0,0,0,0,0,0,0,0,0,0,0,0,1,-1.470725473659491,0.9373188893787414,0.017092860770546496,0.12812771737333695,0.12812771737333695
18,0,0,0,1,0,1,1,0,0,0,1,0,1,1,0,0,0,0,1,1.0354257412085612,0.798585597100695,0.007259843514731271,0.06980238681281059,0.06980238681281059
50,0,1,0,1,1,1,0,1,0,0,0,0,0,0,0,1,0,0,1,-0.6647020391694345,0.6841504128114664,0.003389643293482253,0.03644129666249096,0.03644129666249096
67,0,0,0,1,1,1,1,0,1,0,1,1,1,1,1,1,0,1,1,1.4824779141525308,0.6502545080837984,0.0026497095459112013,0.029145652408135048,0.029145652408135048
25,0,0,0,1,0,1,0,1,1,1,0,1,0,1,0,0,0,0,1,0.20779755486619372,0.7632263722784222,0.005792955912006608,0.05802443652851541,0.05802443652851541
2,1,0,1,0,0,1,1,0,0,0,1,0,0,0,1,0,0,1,1,0.45708315316208753,0.9544211124058478,0.01918286543259826,0.13658902706858933,0.13658902706858933
9,0,1,0,0,0,1,0,0,0,0,0,0,0,0,0,0,0,0,0,-1.4989778414663588,0.8645756330248363,0.010901071741709328,0.09522425637547682,0.09522425637547682
10,0,0,0,0,1,0,0,1,1,1,0,1,0,0,0,1,0,0,0,-0.8159353021356099,0.8554585264638187,0.010313003097985489,0.09145336847937524,0.09145336847937524
70,0,0,0,1,0,1,0,0,0,0,0,0,0,0,0,0,1,0,0,-1.493992129500441,0.6452021175658147,0.002551672337160255,0.02815370280249474,0.02815370280249474
9,0,1,0,0,0,1,0,1,1,0,1,1,0,1,0,0,0,0,1,0.11473093150239348,0.8645756330248363,0.010901071741709328,0.09522425637547682,0.09522425637547682
4,0,0,0,0,0,1,0,0,0,0,0,0,0,0,0,0,0,0,1,-1.4840207055686052,0.9221895280070969,0.015517187361763772,0.12087777811840728,0.12087777811840728
2,0,0,0,0,0,1,0,1,1,0,0,0,0,0,0,0,0,0,0,-0.4602878485668014,0.9544211124058478,0.01918286543259826,0.13658902706858933,0.13658902706858933
1,1,0,0,0,1,1,1,0,0,0,0,0,0,1,0,0,0,1,0,0.46040696113936636,0.9743124842439652,0.02235010364622835,0.1468274853100915,0.1468274853100915
19,0,1,0,0,0,0,0,1,0,0,0,0,0,0,0,0,0,0,1,-1.3178303067046762,0.7929113200145855,0.0070048485392757275,0.06782398836650938,0.06782398836650938
7,0,1,0,1,1,1,0,0,0,0,0,0,0,0,0,0,0,0,1,-1.4806968975913266,0.8848383086630132,0.012329368360988486,0.10389128471090825,0.10389128471090825
1,1,1,0,0,0,1,0,1,0,0,0,0,0,0,0,0,0,1,1,-0.7278543907377275,0.9743124842439652,0.02235010364622835,0.1468274853100915,0.1468274853100915
1,0,1,1,0,0,1,0,1,0,0,0,0,0,0,0,0,0,1,0,-0.6912925029876631,0.9743124842439652,0.02235010364622835,0.1468274853100915,0.1468274853100915
9,0,0,0,1,1,1,0,0,0,0,0,0,0,0,0,1,0,0,0,-1.4806968975913266,0.8645756330248363,0.010901071741709328,0.09522425637547682,0.09522425637547682
3,1,0,0,0,0,0,0,1,1,0,0,1,0,0,0,0,0,0,0,-1.015363780772325,0.9373188893787414,0.017092860770546496,0.12812771737333695,0.12812771737333695
9,1,0,0,0,0,0,0,1,1,0,1,1,1,1,0,0,0,0,0,-0.2093403462822684,0.8645756330248363,0.010901071741709328,0.09522425637547682,0.09522425637547682
5,0,0,0,0,0,1,0,1,1,0,1,0,0,0,0,0,0,0,0,-0.2990831616687903,0.9085818526659613,0.014256987321705751,0.11453932573635439,0.11453932573635439
56,0,0,0,1,1,1,1,0,0,0,0,0,1,1,0,1,0,0,0,0.8010972788104213,0.6710090587453561,0.003085072619735503,0.03347844798497823,0.03347844798497823
18,0,0,0,0,1,1,0,1,1,0,0,0,0,0,1,0,0,0,0,-0.23759271408913643,0.798585597100695,0.007259843514731271,0.06980238681281059,0.06980238681281059
49,1,1,1,0,0,1,1,0,0,0,0,0,1,1,1,0,0,1,1,1.0437352611517576,0.6864927538867036,0.0034464244917631367,0.03698759780359384,0.03698759780359384
70,0,1,0,1,0,1,0,1,1,1,1,1,1,0,1,0,1,0,0,0.4770260010257593,0.6452021175658147,0.002551672337160255,0.02815370280249474,0.02815370280249474
72,0,0,0,0,0,1,1,0,0,1,1,1,1,1,1,0,1,0,1,1.4376065064592698,0.6419575496164033,0.002490279067928491,0.027529416300707155,0.027529416300707155
6,1,0,1,0,0,1,1,0,0,0,1,0,0,0,0,0,0,1,0,0.31914512210502655,0.8962011910421149,0.01321361285882388,0.10892151775419001,0.10892151775419001
17,0,1,1,1,0,1,1,0,0,0,0,0,1,1,1,0,0,1,1,0.9972019494698574,0.8045134998853144,0.007534869537132169,0.07190499047148602,0.07190499047148602
29,0,1,0,1,0,0,0,1,0,0,0,0,1,1,0,0,0,1,1,-0.62814015141937,0.746664964341879,0.005198070769814978,0.05296124339833497,0.05296124339833497
6,1,0,0,1,0,1,1,0,0,1,1,0,1,1,1,0,0,1,1,1.3462017870841085,0.8962011910421149,0.01321361285882388,0.10892151775419001,0.10892151775419001
63,0,1,0,1,0,1,1,0,0,0,1,0,1,1,1,0,1,1,0,1.2564589716975867,0.6573679996492523,0.0027928980105273514,0.030583600220822293,0.030583600220822293
16,1,1,0,1,0,1,1,0,0,0,0,0,0,0,1,0,0,0,1,0.300864178229994,0.8107173068575363,0.007832475449686212,0.07414442618478301,0.07414442618478301
59,0,1,0,0,0,1,0,1,0,0,1,0,0,1,0,1,0,0,1,-0.11461181892982873,0.6649614286359096,0.0029526183444970946,0.03217256791019485,0.03217256791019485
3,0,0,0,0,0,1,0,1,0,0,1,0,1,0,0,0,0,1,0,-0.24091652206641506,0.9373188893787414,0.017092860770546496,0.12812771737333695,0.12812771737333695
8,0,0,0,0,0,0,0,1,0,1,0,0,0,0,0,0,0,0,1,-1.181554179636254,0.8743368175545859,0.01156705087089483,0.09935054964947354,0.09935054964947354
7,1,0,1,1,0,1,1,0,0,0,0,0,0,1,1,0,0,1,1,0.6565116317988026,0.8848383086630132,0.012329368360988486,0.10389128471090825,0.10389128471090825
68,0,0,0,0,0,1,0,0,0,0,0,0,0,0,0,0,1,0,0,-1.5023016494436374,0.6485447168747005,0.0026161967996319807,0.028807250213664037,0.028807250213664037
68,0,0,0,1,1,1,1,0,1,0,1,1,1,1,1,0,1,0,0,1.5605874016185775,0.6485447168747005,0.0026161967996319807,0.028807250213664037,0.028807250213664037
52,0,0,1,1,0,1,1,0,0,1,1,0,1,1,1,1,0,1,1,1.3860874828114518,0.6796022882225629,0.00328157591746785,0.03539633014558485,0.03539633014558485
72,0,1,0,1,1,1,1,0,1,1,0,1,1,1,1,0,1,0,1,1.4259731785387948,0.6419575496164033,0.002490279067928491,0.027529416300707155,0.027529416300707155
32,0,0,0,1,0,1,0,0,0,0,0,0,0,0,0,1,0,0,0,-1.5122730733754732,0.7355303895625583,0.00482771692436557,0.04972004336955682,0.04972004336955682
72,0,0,0,1,0,1,0,0,0,0,0,0,0,0,0,0,1,0,0,-1.487344513545884,0.6419575496164033,0.002490279067928491,0.027529416300707155,0.027529416300707155
1,0,1,0,1,1,1,1,0,0,0,0,0,0,0,0,0,0,0,1,0.1712356671161295,0.9743124842439652,0.02235010364622835,0.1468274853100915,0.1468274853100915
42,0,1,0,1,1,1,0,1,1,0,0,1,0,1,0,1,0,0,0,-0.03650233146378198,0.7043380877631116,0.0039051573709433167,0.0413329850998293,0.0413329850998293
25,1,0,0,0,0,1,0,0,0,0,0,0,0,0,1,0,1,0,0,-1.3311255386137903,0.7632263722784222,0.005792955912006608,0.05802443652851541,0.05802443652851541
45,0,1,0,0,0,1,0,1,1,0,0,0,0,0,0,0,0,0,1,-0.46194975255544085,0.6963590108821652,0.0036942216775406023,0.039349803973645514,0.039349803973645514
43,0,0,0,1,1,0,0,1,1,0,1,1,1,1,0,1,0,0,1,-0.14618799471397537,0.7016186635948665,0.003832182002392298,0.04064972482294138,0.04064972482294138
37,0,1,0,1,0,1,0,1,1,0,1,0,1,1,1,1,0,0,0,0.4803498090030377,0.7189405920832638,0.0043169072108659315,0.0451328504105416,0.0451328504105416
20,1,0,1,0,0,1,1,0,0,0,0,0,0,1,1,0,0,0,1,0.6980592315147849,0.7874709741517664,0.006767715032425889,0.0659587290124013,0.0659587290124013
4,1,0,0,0,0,0,0,1,0,0,0,0,0,0,0,0,0,1,1,-1.3410969625456262,0.9221895280070969,0.015517187361763772,0.12087777811840728,0.12087777811840728
63,0,1,0,1,0,1,1,0,1,1,1,1,1,1,0,0,1,0,1,1.5057445699934806,0.6573679996492523,0.0027928980105273514,0.030583600220822293,0.030583600220822293
3,0,1,0,0,0,1,1,0,0,0,0,0,1,1,0,0,0,0,0,0.8609258224014357,0.9373188893787414,0.017092860770546496,0.12812771737333695,0.12812771737333695
66,0,1,0,1,1,1,0,0,0,0,0,0,0,0,1,0,1,0,1,-1.3128445947387584,0.6519909407703324,0.0026840999053434323,0.029492182160968494,0.029492182160968494
28,1,1,0,0,0,1,1,0,0,1,1,0,1,1,1,0,0,1,1,1.3594970189932232,0.7506071373425116,0.0053347764644180165,0.05414016114784159,0.05414016114784159
8,0,0,1,0,0,1,1,0,0,0,0,0,0,1,1,0,0,1,0,0.6781163836511135,0.8743368175545859,0.01156705087089483,0.09935054964947354,0.09935054964947354
71,0,1,0,0,1,1,0,0,0,0,0,0,0,0,1,0,1,0,0,-1.3444207705229048,0.6435679119154606,0.0025205988088756303,0.02783802704790539,0.02783802704790539
1,1,1,0,0,0,0,0,1,0,0,0,0,0,0,0,0,0,1,1,-1.3477445785001834,0.9743124842439652,0.02235010364622835,0.1468274853100915,0.1468274853100915
72,0,0,0,1,1,1,0,0,0,0,0,0,0,0,1,0,1,0,0,-1.3194922106933153,0.6419575496164033,0.002490279067928491,0.027529416300707155,0.027529416300707155
16,0,1,1,1,0,1,0,1,1,1,0,0,0,0,0,0,0,0,1,-0.34063076138477255,0.8107173068575363,0.007832475449686212,0.07414442618478301,0.07414442618478301
66,0,1,0,1,0,1,1,0,1,1,1,1,0,0,1,0,1,0,0,1.0570304930608718,0.6519909407703324,0.0026840999053434323,0.029492182160968494,0.029492182160968494
11,1,0,0,0,0,1,1,0,0,0,0,0,0,0,1,0,0,1,1,0.38894508962787666,0.8469074549655476,0.009789108115316166,0.08799046091721618,0.08799046091721618
51,0,1,0,0,0,1,0,1,1,1,1,1,1,0,1,1,0,0,1,0.5435021605713309,0.681854139199785,0.003334724055742794,0.03591111081215892,0.03591111081215892
8,0,0,0,0,1,0,0,1,1,0,0,0,0,1,0,0,0,1,1,-0.8741019417379852,0.8743368175545859,0.01156705087089483,0.09935054964947354,0.09935054964947354
14,0,1,0,0,0,1,1,0,0,0,0,0,1,1,0,0,0,1,1,0.9340495979015645,0.8240576612486123,0.008508086494505379,0.07909398048302463,0.07909398048302463
4,1,0,0,0,0,1,1,0,0,1,0,1,0,1,1,0,0,1,1,0.9539924457652359,0.9221895280070969,0.015517187361763772,0.12087777811840728,0.12087777811840728
70,0,0,0,0,0,1,0,1,1,1,1,0,1,1,1,0,1,0,0,0.6614973437647206,0.6452021175658147,0.002551672337160255,0.02815370280249474,0.02815370280249474
70,0,0,0,0,1,1,0,1,1,1,0,1,0,0,1,0,1,1,0,0.03994525201362536,0.6452021175658147,0.002551672337160255,0.02815370280249474,0.02815370280249474
54,1,0,1,1,0,1,1,0,0,1,0,0,1,1,1,1,0,0,1,1.2198970839475225,0.6752256920763566,0.003180258311786613,0.03441034838970081,0.03441034838970081
28,1,1,0,0,1,1,1,0,1,0,0,0,0,0,0,0,0,0,1,0.3357641619914195,0.7506071373425116,0.0053347764644180165,0.05414016114784159,0.05414016114784159
24,0,1,0,0,0,1,0,0,0,0,0,0,0,0,0,0,1,0,0,-1.4640778577049338,0.7677256072562019,0.005964174846469762,0.05945002834593771,0.05945002834593771
69,0,0,0,1,0,1,0,1,0,1,0,0,0,1,0,0,1,0,1,-0.1112880109525501,0.6468608243449303,0.002583528294433392,0.028476690845760766,0.028476690845760766
42,0,1,0,1,1,1,0,1,1,1,0,0,0,0,0,0,0,0,0,-0.34229266537341174,0.7043380877631116,0.0039051573709433167,0.0413329850998293,0.0413329850998293
2,1,0,1,0,0,1,1,0,0,0,0,0,0,0,0,0,0,1,1,0.15960233919565417,0.9544211124058478,0.01918286543259826,0.13658902706858933,0.13658902706858933
39,0,0,1,0,0,1,1,0,0,0,1,0,1,1,1,0,0,1,1,1.1617304443451473,0.7128864964214463,0.00414205349534239,0.043530572366621945,0.043530572366621945
45,0,1,0,1,1,1,1,0,0,1,1,1,1,1,1,0,1,0,1,1.4941112420730056,0.6963590108821652,0.0036942216775406023,0.039349803973645514,0.039349803973645514
72,0,1,0,1,1,1,0,1,1,1,1,1,1,0,1,0,1,0,1,0.5335307366394948,0.6419575496164033,0.002490279067928491,0.027529416300707155,0.027529416300707155
38,0,0,0,0,0,1,0,0,0,0,0,0,0,0,0,0,1,0,0,-1.4790349936026874,0.7158758576100376,0.0042276442662364,0.04431696426317133,0.04431696426317133
72,0,1,0,1,0,1,0,1,1,1,1,1,0,0,1,0,1,0,1,0.09977379560463977,0.6419575496164033,0.002490279067928491,0.027529416300707155,0.027529416300707155
1,1,1,0,0,0,1,0,0,0,0,0,0,0,0,1,0,0,0,1,-1.3543921944547406,0.9743124842439652,0.02235010364622835,0.1468274853100915,0.1468274853100915
72,0,1,0,1,1,1,0,0,0,0,0,0,0,0,0,0,1,0,1,-1.4956540334890804,0.6419575496164033,0.002490279067928491,0.027529416300707155,0.027529416300707155
55,0,1,0,1,0,1,0,0,0,0,0,0,0,0,1,0,1,0,0,-1.2995493628296437,0.6730980579890953,0.0031319345818057722,0.033937922764987416,0.033937922764987416
51,0,0,0,1,1,0,0,1,0,0,1,1,1,1,0,1,0,1,1,-0.2874498337483152,0.681854139199785,0.003334724055742794,0.03591111081215892,0.03591111081215892
63,0,1,0,0,0,1,0,1,1,1,1,1,1,1,0,0,1,0,1,0.7279735033102923,0.6573679996492523,0.0027928980105273514,0.030583600220822293,0.030583600220822293
1,0,0,0,0,0,1,0,0,0,0,0,0,0,0,0,0,0,0,0,-1.4757111856254088,0.9743124842439652,0.02235010364622835,0.1468274853100915,0.1468274853100915
23,0,0,0,1,1,1,0,0,0,0,0,0,0,0,0,0,1,0,1,-1.5006397454549982,0.7723876776489026,0.006146116983133188,0.060949762364490456,0.060949762364490456
1,1,0,0,0,0,1,0,1,0,1,0,0,0,0,0,0,0,1,0,-0.4735830804759159,0.9743124842439652,0.02235010364622835,0.1468274853100915,0.1468274853100915
2,0,0,0,0,0,1,0,1,0,0,0,1,0,0,1,0,0,0,1,-0.3472783773393296,0.9544211124058478,0.01918286543259826,0.13658902706858933,0.13658902706858933
52,0,0,1,0,0,1,1,0,1,1,1,0,1,1,1,0,0,0,0,1.439268410447909,0.6796022882225629,0.00328157591746785,0.03539633014558485,0.03539633014558485
36,0,0,0,0,0,1,0,1,1,0,0,0,0,0,1,1,0,0,0,-0.343954569362051,0.7220842981429184,0.004410087057617903,0.045979950318991825,0.045979950318991825
1,0,0,0,0,0,1,0,1,0,0,0,0,0,0,0,0,0,0,0,-0.6464210952944022,0.9743124842439652,0.02235010364622835,0.1468274853100915,0.1468274853100915
28,0,0,0,0,0,1,0,1,1,0,1,0,0,0,1,1,0,0,0,-0.1927213063958755,0.7506071373425116,0.0053347764644180165,0.05414016114784159,0.05414016114784159
7,0,0,0,1,1,1,0,1,1,1,1,0,1,0,0,1,0,1,0,0.1546166272297366,0.8848383086630132,0.012329368360988486,0.10389128471090825,0.10389128471090825
14,1,1,0,0,0,1,1,0,0,1,0,0,1,1,1,0,0,1,1,1.1883209081633759,0.8240576612486123,0.008508086494505379,0.07909398048302463,0.07909398048302463
72,0,1,1,1,0,0,0,1,1,1,1,1,1,1,0,0,1,0,1,0.005045268252200322,0.6419575496164033,0.002490279067928491,0.027529416300707155,0.027529416300707155
1,1,0,0,1,1,1,0,0,0,0,0,0,0,0,0,0,0,0,1,-1.4723873776481302,0.9743124842439652,0.02235010364622835,0.1468274853100915,0.1468274853100915
10,0,0,0,0,0,1,0,0,0,0,0,0,0,0,0,0,0,0,0,-1.5272302092732268,0.8554585264638187,0.010313003097985489,0.09145336847937524,0.09145336847937524
42,0,1,0,0,0,1,0,0,0,0,0,0,0,0,0,1,0,0,0,-1.4956540334890804,0.7043380877631116,0.0039051573709433167,0.0413329850998293,0.0413329850998293
7,0,0,0,0,0,0,0,1,0,0,0,0,0,0,0,0,0,0,0,-1.3211541146819548,0.8848383086630132,0.012329368360988486,0.10389128471090825,0.10389128471090825
4,1,1,0,0,0,1,1,0,0,0,1,0,0,0,0,0,0,0,1,0.3324403540141406,0.9221895280070969,0.015517187361763772,0.12087777811840728,0.12087777811840728
72,0,1,0,1,1,1,1,0,1,1,1,1,1,1,1,0,1,0,1,1.6453445050391813,0.6419575496164033,0.002490279067928491,0.027529416300707155,0.027529416300707155
20,1,0,0,1,0,0,0,1,0,0,0,0,0,0,0,0,0,1,1,-1.3410969625456262,0.7874709741517664,0.006767715032425889,0.0659587290124013,0.0659587290124013
63,0,1,0,0,0,1,1,0,1,1,1,1,1,1,0,0,1,0,0,1.4758302981979736,0.6573679996492523,0.0027928980105273514,0.030583600220822293,0.030583600220822293
56,0,0,0,0,0,0,0,1,1,1,1,1,0,0,0,0,1,0,0,-0.656392519226238,0.6710090587453561,0.003085072619735503,0.03347844798497823,0.03347844798497823
5,0,0,0,0,1,1,0,1,0,0,0,1,0,0,0,0,0,0,1,-0.4586259445781622,0.9085818526659613,0.014256987321705751,0.11453932573635439,0.11453932573635439
72,0,0,0,1,0,1,1,0,0,1,1,1,1,1,1,0,1,0,1,1.5173778979139558,0.6419575496164033,0.002490279067928491,0.027529416300707155,0.027529416300707155
68,0,1,1,1,1,1,1,0,0,1,1,0,0,0,1,0,0,1,1,0.6598354397760814,0.6485447168747005,0.0026161967996319807,0.028807250213664037,0.028807250213664037
67,0,1,0,1,1,1,0,1,1,1,0,1,0,0,0,1,0,0,0,-0.15782132263445048,0.6502545080837984,0.0026497095459112013,0.029145652408135048,0.029145652408135048
8,0,1,0,1,1,1,0,1,0,0,0,0,0,0,0,0,0,0,0,-0.6696877511353523,0.8743368175545859,0.01156705087089483,0.09935054964947354,0.09935054964947354
52,0,1,0,1,1,1,1,0,0,1,0,1,0,1,1,0,0,0,1,0.9456829258220394,0.6796022882225629,0.00328157591746785,0.03539633014558485,0.03539633014558485
18,0,0,0,1,1,1,0,0,0,0,0,0,0,0,0,0,0,0,1,-1.4806968975913266,0.798585597100695,0.007259843514731271,0.06980238681281059,0.06980238681281059
59,0,0,0,1,1,1,0,0,0,0,0,0,0,0,1,0,1,0,0,-1.3078588827728401,0.6649614286359096,0.0029526183444970946,0.03217256791019485,0.03217256791019485
60,0,0,0,0,0,1,0,0,0,0,0,0,0,0,0,0,1,0,0,-1.4690635696708516,0.6630148153227823,0.0029109829180785306,0.031759872056746574,0.031759872056746574
7,0,1,0,0,0,1,1,0,0,0,0,0,1,1,1,0,0,1,1,0.9739352936289072,0.8848383086630132,0.012329368360988486,0.10389128471090825,0.10389128471090825
59,0,1,0,1,1,0,0,1,1,0,1,0,0,0,0,1,0,0,0,-0.9970828368972928,0.6649614286359096,0.0029526183444970946,0.03217256791019485,0.03217256791019485
46,0,1,0,0,0,0,0,1,1,0,1,1,1,1,0,0,1,0,1,-0.13455466679350028,0.6938140321924815,0.003628947567853564,0.038730988089776375,0.038730988089776375
5,0,1,0,0,0,1,0,1,0,1,0,0,0,0,0,0,0,1,1,-0.4469926166576871,0.9085818526659613,0.014256987321705751,0.11453932573635439,0.11453932573635439
59,0,1,1,1,0,0,0,1,1,0,1,1,1,1,0,0,1,0,1,-0.02486900354330712,0.6649614286359096,0.0029526183444970946,0.03217256791019485,0.03217256791019485
70,0,0,0,1,0,1,0,1,0,1,1,1,1,1,1,0,1,0,1,0.664821151741999,0.6452021175658147,0.002551672337160255,0.02815370280249474,0.02815370280249474
14,1,0,0,0,0,1,1,0,0,0,0,0,0,0,0,0,0,0,1,0.20613565087755453,0.8240576612486123,0.008508086494505379,0.07909398048302463,0.07909398048302463
44,0,0,0,0,0,1,0,1,0,0,0,0,0,0,1,0,0,0,1,-0.4868783123850302,0.6989597866938809,0.0037619201221218337,0.03998903582240876,0.03998903582240876
64,0,0,0,1,0,1,1,0,1,0,1,0,1,0,1,0,1,0,1,0.9905543335153001,0.6555468612609421,0.002755656035094927,0.030210834407233156,0.030210834407233156
58,0,0,0,1,1,0,0,1,1,0,1,1,1,1,0,0,1,0,0,-0.16779274656628612,0.6669419291751147,0.0029954745981990286,0.0325962586220786,0.0325962586220786
46,0,0,1,1,0,1,1,0,0,0,0,1,1,1,1,1,0,1,0,1.1783494842315403,0.6938140321924815,0.003628947567853564,0.038730988089776375,0.038730988089776375
58,0,1,1,1,0,1,1,0,0,1,0,0,1,1,1,0,0,1,1,1.1334780765382795,0.6669419291751147,0.0029954745981990286,0.0325962586220786,0.0325962586220786
72,0,0,0,1,0,1,1,0,0,1,0,0,1,1,1,0,1,0,1,1.0935923808109365,0.6419575496164033,0.002490279067928491,0.027529416300707155,0.027529416300707155
30,1,0,1,0,0,0,0,1,0,0,1,0,1,0,0,0,0,1,1,-0.8142733981469708,0.7428424163487329,0.0050683354621543905,0.051833777579476825,0.051833777579476825
11,0,1,1,0,0,1,0,1,1,1,0,0,0,0,1,0,0,0,0,-0.15117370667989322,0.8469074549655476,0.009789108115316166,0.08799046091721618,0.08799046091721618
34,0,0,1,0,0,0,0,1,0,1,1,0,1,1,0,0,0,1,1,-0.28412602577103657,0.7286243341114813,0.004609291590527576,0.04777537654084685,0.04777537654084685
54,0,1,0,0,0,0,0,1,1,1,0,0,0,1,0,0,1,0,0,-0.6181687274875342,0.6752256920763566,0.003180258311786613,0.03441034838970081,0.03441034838970081
3,1,0,0,0,0,0,0,1,0,1,0,0,1,1,0,0,0,1,1,-0.4719211764872765,0.9373188893787414,0.017092860770546496,0.12812771737333695,0.12812771737333695
72,0,0,0,1,1,1,0,0,0,0,0,0,0,0,1,0,1,0,0,-1.3261398266478726,0.6419575496164033,0.002490279067928491,0.027529416300707155,0.027529416300707155
40,1,0,0,1,1,1,1,0,0,0,1,1,0,0,1,0,0,1,1,0.6664830557306382,0.7099691459680679,0.004059910336396862,0.04277208089669704,0.04277208089669704
2,1,0,0,1,1,1,0,1,0,0,0,0,1,1,0,0,0,0,0,0.0299738280817897,0.9544211124058478,0.01918286543259826,0.13658902706858933,0.13658902706858933
54,0,1,0,1,1,1,0,1,0,0,1,0,0,1,1,0,1,0,0,-0.04813565938425706,0.6752256920763566,0.003180258311786613,0.03441034838970081,0.03441034838970081
14,0,0,0,0,0,1,0,1,1,0,0,0,0,0,0,0,0,0,0,-0.4885402163736694,0.8240576612486123,0.008508086494505379,0.07909398048302463,0.07909398048302463
1,1,0,0,0,0,1,1,0,0,0,0,0,0,0,0,0,0,1,0,0.18951661099116163,0.9743124842439652,0.02235010364622835,0.1468274853100915,0.1468274853100915
10,1,0,0,0,0,1,1,0,0,1,1,0,0,1,1,0,0,1,1,0.9988638534584966,0.8554585264638187,0.010313003097985489,0.09145336847937524,0.09145336847937524
1,0,0,0,0,0,1,0,1,1,0,0,0,0,0,0,0,0,1,0,-0.4868783123850302,0.9743124842439652,0.02235010364622835,0.1468274853100915,0.1468274853100915
1,1,1,0,0,0,1,0,0,0,0,0,0,0,0,0,0,0,0,0,-1.4973159374777196,0.9743124842439652,0.02235010364622835,0.1468274853100915,0.1468274853100915
56,0,1,0,0,0,1,0,1,1,1,0,1,0,0,1,1,0,0,1,-0.004926155679635335,0.6710090587453561,0.003085072619735503,0.03347844798497823,0.03347844798497823
68,0,0,0,1,0,1,0,1,1,1,0,1,1,1,0,0,1,0,1,0.49198313692351253,0.6485447168747005,0.0026161967996319807,0.028807250213664037,0.028807250213664037
14,0,0,0,1,1,1,0,0,0,0,0,0,0,0,0,1,0,0,1,-1.505625457420916,0.8240576612486123,0.008508086494505379,0.07909398048302463,0.07909398048302463
68,0,1,0,1,1,1,1,0,1,0,0,1,1,1,0,0,1,1,1,1.15508282839059,0.6485447168747005,0.0026161967996319807,0.028807250213664037,0.028807250213664037
55,0,1,1,1,0,1,1,0,0,0,0,0,0,0,1,0,0,1,1,0.3058498901959121,0.6730980579890953,0.0031319345818057722,0.033937922764987416,0.033937922764987416
16,0,0,0,0,0,0,0,1,1,0,0,0,1,0,0,0,0,1,1,-0.8608067098288709,0.8107173068575363,0.007832475449686212,0.07414442618478301,0.07414442618478301
9,0,1,1,0,0,1,1,0,0,0,0,0,0,1,0,0,0,1,1,0.49032123293487334,0.8645756330248363,0.010901071741709328,0.09522425637547682,0.09522425637547682
14,1,1,0,1,1,1,0,1,1,1,0,0,1,0,0,0,0,1,1,0.02166430813859324,0.8240576612486123,0.008508086494505379,0.07909398048302463,0.07909398048302463
58,1,1,1,1,0,1,1,0,0,0,1,0,1,1,1,0,0,1,1,1.1268304605837223,0.6669419291751147,0.0029954745981990286,0.0325962586220786,0.0325962586220786
53,0,1,0,0,0,0,0,1,1,1,0,0,0,1,0,0,0,0,1,-0.6148449195102558,0.6773932996244997,0.003230113874366814,0.03489628604896822,0.03489628604896822
70,0,1,0,1,0,1,1,0,1,1,1,0,1,0,1,0,1,0,1,1.1484352124360329,0.6452021175658147,0.002551672337160255,0.02815370280249474,0.02815370280249474
14,0,0,1,1,1,1,1,0,0,0,0,0,1,1,1,0,0,1,1,1.0304400292426432,0.8240576612486123,0.008508086494505379,0.07909398048302463,0.07909398048302463
22,1,1,0,1,1,1,0,1,1,0,1,1,1,0,0,1,0,0,1,0.08980237167280411,0.7772239626242997,0.006339847981342745,0.0625297608539006,0.0625297608539006
10,0,0,0,1,0,1,1,0,1,0,0,0,0,0,1,0,0,0,1,0.44378792125297345,0.8554585264638187,0.010313003097985489,0.09145336847937524,0.09145336847937524
29,0,0,0,1,1,1,0,0,0,0,0,0,0,0,1,0,1,0,0,-1.2862541309205295,0.746664964341879,0.005198070769814978,0.05296124339833497,0.05296124339833497
1,1,0,0,0,0,1,1,0,0,0,0,0,0,0,0,0,0,1,1,0.15960233919565417,0.9743124842439652,0.02235010364622835,0.1468274853100915,0.1468274853100915
49,1,1,0,1,0,1,0,1,1,0,1,1,1,1,1,1,0,1,0,0.6498640158442452,0.6864927538867036,0.0034464244917631367,0.03698759780359384,0.03698759780359384
68,1,0,1,1,0,1,1,0,0,1,0,0,1,1,1,0,0,1,1,1.176687580242901,0.6485447168747005,0.0026161967996319807,0.028807250213664037,0.028807250213664037
1,1,0,0,0,0,1,1,0,0,0,0,0,1,0,0,0,0,1,0,0.44046411327569457,0.9743124842439652,0.02235010364622835,0.1468274853100915,0.1468274853100915
30,0,0,0,0,0,0,0,1,0,0,0,1,0,1,0,1,0,0,1,-0.8126114941583313,0.7428424163487329,0.0050683354621543905,0.051833777579476825,0.051833777579476825
72,0,0,0,1,0,1,0,1,1,1,1,1,1,0,1,0,1,0,0,0.4786879050143985,0.6419575496164033,0.002490279067928491,0.027529416300707155,0.027529416300707155
10,0,0,0,0,0,1,0,0,0,0,0,0,0,0,0,0,0,0,1,-1.459092145739016,0.8554585264638187,0.010313003097985489,0.09145336847937524,0.09145336847937524
7,1,1,0,0,0,1,1,0,0,0,0,0,0,0,1,0,0,1,0,0.29255465828679755,0.8848383086630132,0.012329368360988486,0.10389128471090825,0.10389128471090825
9,1,0,0,0,0,1,1,0,0,0,0,0,0,0,1,0,0,1,1,0.33077845002550144,0.8645756330248363,0.010901071741709328,0.09522425637547682,0.09522425637547682
1,0,0,0,0,1,1,0,1,1,0,0,0,0,0,0,0,0,0,0,-0.49518783232822666,0.9743124842439652,0.02235010364622835,0.1468274853100915,0.1468274853100915
20,0,0,0,0,0,1,0,1,0,1,0,1,0,1,1,0,0,0,1,0.13633568335470447,0.7874709741517664,0.006767715032425889,0.0659587290124013,0.0659587290124013
1,0,0,0,0,0,1,0,0,0,0,0,0,0,0,0,0,0,0,1,-1.4806968975913266,0.9743124842439652,0.02235010364622835,0.1468274853100915,0.1468274853100915
29,0,0,0,0,0,1,1,0,0,0,0,0,0,0,1,0,0,0,1,0.3723260497414837,0.746664964341879,0.005198070769814978,0.05296124339833497,0.05296124339833497
1,0,1,0,0,0,1,1,0,0,0,0,1,0,0,0,0,0,1,0,0.3058498901959121,0.9743124842439652,0.02235010364622835,0.1468274853100915,0.1468274853100915
3,0,1,0,0,0,1,1,0,1,0,0,1,0,0,0,0,0,0,1,0.5817259523100344,0.9373188893787414,0.017092860770546496,0.12812771737333695,0.12812771737333695
20,0,0,0,0,0,1,1,0,1,0,1,0,1,0,0,0,0,0,1,0.8177163186968142,0.7874709741517664,0.006767715032425889,0.0659587290124013,0.0659587290124013
64,0,1,0,0,1,1,1,0,0,1,0,1,1,1,0,0,0,0,1,1.141787596481476,0.6555468612609421,0.002755656035094927,0.030210834407233156,0.030210834407233156
1,1,1,0,0,0,1,0,0,0,0,0,0,0,0,0,0,0,0,1,-1.4823588015799658,0.9743124842439652,0.02235010364622835,0.1468274853100915,0.1468274853100915
6,0,0,0,0,0,0,0,1,1,0,0,0,0,0,0,0,0,0,0,-1.1749065636816969,0.8962011910421149,0.01321361285882388,0.10892151775419001,0.10892151775419001
50,0,1,0,1,0,1,0,0,0,0,0,0,0,0,0,0,1,1,0,-1.4956540334890804,0.6841504128114664,0.003389643293482253,0.03644129666249096,0.03644129666249096
6,0,1,0,0,0,1,0,1,1,0,0,0,0,1,0,0,0,0,1,-0.1877355944299577,0.8962011910421149,0.01321361285882388,0.10892151775419001,0.10892151775419001
7,0,1,0,1,1,1,0,1,0,0,0,0,0,0,0,0,0,1,0,-0.6663639431580737,0.8848383086630132,0.012329368360988486,0.10389128471090825,0.10389128471090825
72,0,1,0,1,1,1,1,0,0,0,1,0,0,1,1,0,1,0,1,0.864249630378714,0.6419575496164033,0.002490279067928491,0.027529416300707155,0.027529416300707155
8,0,1,0,1,0,1,0,1,0,1,0,0,0,0,0,0,0,0,1,-0.5068211602487017,0.8743368175545859,0.01156705087089483,0.09935054964947354,0.09935054964947354
67,0,0,0,1,1,1,1,0,1,0,0,1,1,1,1,0,1,0,0,1.392735098766009,0.6502545080837984,0.0026497095459112013,0.029145652408135048,0.029145652408135048
24,1,0,1,1,0,1,1,0,0,0,0,0,1,1,1,0,0,1,1,0.9556543497538751,0.7677256072562019,0.005964174846469762,0.05945002834593771,0.05945002834593771
72,0,0,0,1,0,1,1,0,1,1,0,0,0,1,1,0,1,0,1,0.9855686215493825,0.6419575496164033,0.002490279067928491,0.027529416300707155,0.027529416300707155
33,0,1,0,1,1,1,0,0,0,0,0,0,0,0,0,1,0,0,1,-1.5072873614095552,0.732029255003116,0.004715929386838689,0.04872789424351476,0.04872789424351476
2,1,1,0,0,0,0,0,1,0,0,0,0,0,0,0,0,0,1,1,-1.3211541146819548,0.9544211124058478,0.01918286543259826,0.13658902706858933,0.13658902706858933
70,0,1,0,1,0,1,0,1,1,1,0,1,0,1,0,0,1,0,0,0.10475950757055784,0.6452021175658147,0.002551672337160255,0.02815370280249474,0.02815370280249474
22,0,0,0,0,0,1,0,1,0,1,1,0,1,0,0,1,0,0,0,0.015016692184035979,0.7772239626242997,0.006339847981342745,0.0625297608539006,0.0625297608539006
59,0,0,0,0,0,1,1,0,1,1,1,0,0,1,1,0,0,0,1,1.1517590204133117,0.6649614286359096,0.0029526183444970946,0.03217256791019485,0.03217256791019485
36,0,1,0,0,0,1,0,0,0,0,0,0,0,0,0,1,0,0,1,-1.477373089614048,0.7220842981429184,0.004410087057617903,0.045979950318991825,0.045979950318991825
51,0,0,0,1,1,1,0,0,0,0,0,0,0,0,0,0,1,0,0,-1.4906683215231624,0.681854139199785,0.003334724055742794,0.03591111081215892,0.03591111081215892
53,0,1,0,1,0,1,0,1,1,0,1,1,1,0,1,1,0,0,0,0.4188593614233841,0.6773932996244997,0.003230113874366814,0.03489628604896822,0.03489628604896822
20,0,0,0,1,1,1,0,0,0,0,0,0,0,0,0,1,0,0,0,-1.4989778414663588,0.7874709741517664,0.006767715032425889,0.0659587290124013,0.0659587290124013
63,0,1,0,1,0,1,1,0,1,0,1,0,1,1,0,0,1,0,0,1.160068540356508,0.6573679996492523,0.0027928980105273514,0.030583600220822293,0.030583600220822293
40,0,0,0,0,0,1,1,0,0,1,0,0,0,0,0,0,0,0,0,0.3324403540141406,0.7099691459680679,0.004059910336396862,0.04277208089669704,0.04277208089669704
35,0,1,0,0,0,1,0,0,0,0,0,0,0,0,0,1,0,0,1,-1.5172587853413912,0.7253108322429414,0.004507451042951911,0.04686012202126277,0.04686012202126277
26,0,1,0,1,1,1,1,0,0,0,0,0,0,1,0,1,0,0,0,0.47037838507120205,0.7588796606729277,0.005631521405658712,0.05666748667997901,0.05666748667997901
27,1,1,1,1,0,1,1,0,0,1,1,0,0,1,1,0,0,1,1,1.0221305092994468,0.7546760980475697,0.005479040808994945,0.05537422178102336,0.05537422178102336
53,0,1,0,0,1,1,0,1,1,1,0,1,0,0,0,1,0,0,0,-0.06475469927064999,0.6773932996244997,0.003230113874366814,0.03489628604896822,0.03489628604896822
34,0,1,1,1,0,1,1,0,0,0,0,0,0,0,0,0,0,0,0,0.22441659475258666,0.7286243341114813,0.004609291590527576,0.04777537654084685,0.04777537654084685
19,0,0,1,1,0,1,1,0,0,0,0,0,1,1,1,0,0,1,1,1.0021876614357754,0.7929113200145855,0.0070048485392757275,0.06782398836650938,0.06782398836650938
43,0,1,0,1,0,1,1,0,1,1,1,0,0,0,0,0,0,0,1,0.7080306554466205,0.7016186635948665,0.003832182002392298,0.04064972482294138,0.04064972482294138
6,0,1,0,1,1,1,0,0,0,0,0,0,0,0,0,0,0,0,0,-1.5039635534322768,0.8962011910421149,0.01321361285882388,0.10892151775419001,0.10892151775419001
56,0,1,0,0,1,1,0,0,0,0,0,0,0,0,1,0,1,0,1,-1.3294636346251512,0.6710090587453561,0.003085072619735503,0.03347844798497823,0.03347844798497823
57,1,1,0,0,0,0,0,1,0,1,0,0,1,0,0,0,0,1,1,-0.8475114779197566,0.6689574203086703,0.003039606595789443,0.03303139376725084,0.03303139376725084
34,0,1,0,1,1,1,1,0,0,0,1,0,1,0,0,0,0,0,1,0.6398925919124097,0.7286243341114813,0.004609291590527576,0.04777537654084685,0.04777537654084685
10,0,0,0,0,0,0,0,1,0,1,0,1,0,0,0,0,0,1,0,-0.9488876212267533,0.8554585264638187,0.010313003097985489,0.09145336847937524,0.09145336847937524
1,1,0,0,0,0,1,0,0,0,0,0,0,0,0,0,0,0,0,1,-1.4806968975913266,0.9743124842439652,0.02235010364622835,0.1468274853100915,0.1468274853100915
13,1,0,0,0,0,0,0,1,0,0,0,0,0,0,0,0,0,1,1,-1.3593779064206584,0.8312566322761956,0.008894046614766308,0.0818402613059327,0.0818402613059327
56,0,1,0,0,0,1,1,0,0,1,0,0,1,1,1,0,0,1,0,1.1235066526064434,0.6710090587453561,0.003085072619735503,0.03347844798497823,0.03347844798497823
55,0,0,0,1,0,1,1,0,0,1,1,0,1,1,1,0,0,0,1,1.2913589554590124,0.6730980579890953,0.0031319345818057722,0.033937922764987416,0.033937922764987416
36,0,0,0,1,1,1,0,1,1,1,1,1,1,1,1,0,1,0,1,0.9340495979015645,0.7220842981429184,0.004410087057617903,0.045979950318991825,0.045979950318991825
47,0,1,0,1,0,1,0,0,0,0,0,0,0,0,0,1,0,0,0,-1.4923302255118018,0.6913226781406935,0.0035659686558325962,0.038131613989117574,0.038131613989117574
12,0,0,0,1,1,1,0,0,0,0,0,0,0,0,0,0,0,0,1,-1.4856826095572444,0.8388580793219884,0.009318867014819062,0.08479678961103854,0.08479678961103854
1,1,0,0,0,0,1,1,0,0,0,1,0,1,0,0,0,0,1,1,0.68642590359431,0.9743124842439652,0.02235010364622835,0.1468274853100915,0.1468274853100915
24,0,1,1,0,0,1,1,0,0,1,0,0,0,0,1,0,0,1,1,0.52189740871902,0.7677256072562019,0.005964174846469762,0.05945002834593771,0.05945002834593771
63,1,0,0,0,0,1,1,0,0,1,0,0,1,1,1,1,0,0,0,1.1667161563110655,0.6573679996492523,0.0027928980105273514,0.030583600220822293,0.030583600220822293
35,0,0,1,0,0,0,0,1,0,0,1,0,1,0,0,0,0,1,1,-0.8292305340447242,0.7253108322429414,0.004507451042951911,0.04686012202126277,0.04686012202126277
67,0,0,0,0,0,1,0,1,1,1,0,1,0,0,0,1,0,0,0,-0.14286418673669674,0.6502545080837984,0.0026497095459112013,0.029145652408135048,0.029145652408135048
25,1,1,0,0,0,1,1,0,0,0,0,0,0,1,1,0,0,1,1,0.664821151741999,0.7632263722784222,0.005792955912006608,0.05802443652851541,0.05802443652851541
21,0,1,0,0,0,1,1,0,1,0,1,0,1,1,1,0,0,0,0,1.2980065714135691,0.7822470612896891,0.006546583090128551,0.06419686154369075,0.06419686154369075
13,0,0,0,0,0,1,0,1,1,1,0,1,0,1,0,0,0,0,0,0.09977379560463977,0.8312566322761956,0.008894046614766308,0.0818402613059327,0.0818402613059327
35,1,1,0,1,0,1,1,0,0,0,0,0,0,0,1,0,0,1,1,0.34573558592325515,0.7253108322429414,0.004507451042951911,0.04686012202126277,0.04686012202126277
71,0,1,1,1,0,1,0,0,0,0,0,0,0,0,1,0,1,0,0,-1.3278017306365117,0.6435679119154606,0.0025205988088756303,0.02783802704790539,0.02783802704790539
29,0,0,0,0,0,1,0,0,0,0,0,0,0,0,0,0,0,0,0,-1.5106111693868338,0.746664964341879,0.005198070769814978,0.05296124339833497,0.05296124339833497
71,1,1,0,1,0,0,0,1,0,1,0,0,1,1,0,0,1,1,0,-0.5134687762032588,0.6435679119154606,0.0025205988088756303,0.02783802704790539,0.02783802704790539
7,0,1,1,1,0,1,1,0,0,0,0,0,1,1,0,0,0,1,1,0.8044210867876996,0.8848383086630132,0.012329368360988486,0.10389128471090825,0.10389128471090825
57,0,0,1,0,0,0,0,1,0,1,1,0,1,1,0,0,0,1,1,-0.32567362548701884,0.6689574203086703,0.003039606595789443,0.03303139376725084,0.03303139376725084
65,0,1,0,1,0,1,0,1,1,0,1,1,0,1,1,0,1,0,0,0.37731176170740177,0.6537547892731487,0.002719403042122667,0.02984713825493901,0.02984713825493901
27,0,1,0,0,0,1,0,0,0,0,0,0,0,0,0,1,0,0,0,-1.4790349936026874,0.7546760980475697,0.005479040808994945,0.05537422178102336,0.05537422178102336
6,1,1,0,0,0,1,1,0,0,0,0,0,0,0,1,0,0,1,1,0.3357641619914195,0.8962011910421149,0.01321361285882388,0.10892151775419001,0.10892151775419001
72,0,0,1,0,0,1,1,0,1,1,1,1,1,1,1,0,1,0,1,1.746720648346178,0.6419575496164033,0.002490279067928491,0.027529416300707155,0.027529416300707155
1,0,1,0,0,0,1,0,0,0,0,0,0,0,0,0,0,0,0,1,-1.4973159374777196,0.9743124842439652,0.02235010364622835,0.1468274853100915,0.1468274853100915
11,0,1,0,0,0,1,0,1,0,0,0,0,0,0,0,0,0,0,0,-0.65140680726032,0.8469074549655476,0.009789108115316166,0.08799046091721618,0.08799046091721618
39,0,1,0,1,1,1,0,0,0,0,0,0,0,0,1,0,1,0,0,-1.3161684027160367,0.7128864964214463,0.00414205349534239,0.043530572366621945,0.043530572366621945
59,0,0,1,0,0,1,1,0,1,1,1,0,0,0,1,0,0,1,1,0.8293496466172889,0.6649614286359096,0.0029526183444970946,0.03217256791019485,0.03217256791019485
26,0,1,0,0,0,1,0,1,1,0,0,1,1,1,0,1,0,0,0,0.3390879699686979,0.7588796606729277,0.005631521405658712,0.05666748667997901,0.05666748667997901
2,0,1,1,0,0,1,0,1,0,0,1,0,0,0,0,0,0,0,0,-0.49352592833958725,0.9544211124058478,0.01918286543259826,0.13658902706858933,0.13658902706858933
72,0,0,0,1,1,0,0,1,1,1,1,1,1,1,0,0,1,0,0,0.0299738280817897,0.6419575496164033,0.002490279067928491,0.027529416300707155,0.027529416300707155
65,0,1,0,1,0,1,0,1,1,1,1,0,0,0,1,1,0,0,0,0.0748452357750504,0.6537547892731487,0.002719403042122667,0.02984713825493901,0.02984713825493901
72,0,1,0,1,1,1,1,0,0,1,1,1,1,1,1,0,1,0,0,1.5323350338117097,0.6419575496164033,0.002490279067928491,0.027529416300707155,0.027529416300707155
6,0,1,0,0,0,1,1,0,0,0,0,1,0,1,1,0,0,0,1,0.7695211030262745,0.8962011910421149,0.01321361285882388,0.10892151775419001,0.10892151775419001
32,0,1,1,0,0,1,0,0,0,0,0,0,0,0,0,1,0,0,0,-1.4956540334890804,0.7355303895625583,0.00482771692436557,0.04972004336955682,0.04972004336955682
50,0,0,0,1,0,1,0,1,0,0,1,0,1,1,1,1,0,0,0,0.36235462580964806,0.6841504128114664,0.003389643293482253,0.03644129666249096,0.03644129666249096
61,0,1,0,1,0,0,0,1,1,0,1,1,1,1,0,0,1,0,1,-0.08802135511160017,0.6611010360108607,0.002870516527482457,0.031357744906887475,0.031357744906887475
15,1,0,0,0,0,1,1,0,0,1,1,0,1,1,0,0,0,1,1,1.211587564004326,0.817222359631732,0.00815567933565363,0.07653518145581295,0.07653518145581295
72,0,1,0,1,0,1,1,0,1,1,1,1,1,1,1,0,1,0,0,1.6735968728460495,0.6419575496164033,0.002490279067928491,0.027529416300707155,0.027529416300707155
9,1,1,0,0,0,1,0,0,0,0,0,0,0,0,0,0,0,0,1,-1.5239064012959482,0.8645756330248363,0.010901071741709328,0.09522425637547682,0.09522425637547682
1,0,0,0,0,0,1,0,0,0,0,0,0,0,0,0,0,0,0,0,-1.505625457420916,0.9743124842439652,0.02235010364622835,0.1468274853100915,0.1468274853100915
12,0,0,0,0,0,1,1,0,0,0,0,0,0,1,1,0,0,1,1,0.7229877913443742,0.8388580793219884,0.009318867014819062,0.08479678961103854,0.08479678961103854
37,1,0,0,0,0,0,0,1,0,0,0,1,0,0,0,0,0,0,0,-1.203158931488565,0.7189405920832638,0.0043169072108659315,0.0451328504105416,0.0451328504105416
61,0,1,0,1,1,1,0,0,0,0,0,0,0,0,0,1,0,0,0,-1.4757111856254088,0.6611010360108607,0.002870516527482457,0.031357744906887475,0.031357744906887475
18,0,1,0,1,1,1,0,0,0,0,0,0,0,0,0,1,0,0,0,-1.4956540334890804,0.798585597100695,0.007259843514731271,0.06980238681281059,0.06980238681281059
21,0,1,0,0,1,1,0,1,0,0,0,0,0,0,0,0,0,0,0,-0.6364496713625665,0.7822470612896891,0.006546583090128551,0.06419686154369075,0.06419686154369075
68,0,1,0,1,1,0,0,1,1,1,1,1,0,1,0,0,1,0,1,-0.2791403138051187,0.6485447168747005,0.0026161967996319807,0.028807250213664037,0.028807250213664037
12,0,1,1,0,0,1,1,0,0,0,0,0,0,0,1,0,0,0,1,0.28258323435496185,0.8388580793219884,0.009318867014819062,0.08479678961103854,0.08479678961103854
2,1,0,1,0,0,0,0,1,0,0,0,0,0,0,0,0,0,1,0,-1.3444207705229048,0.9544211124058478,0.01918286543259826,0.13658902706858933,0.13658902706858933
62,0,0,0,1,0,1,1,0,0,0,1,0,1,1,1,0,0,1,1,1.2149113719816045,0.6592190846564381,0.0028311702861325673,0.03096578220998969,0.03096578220998969
29,1,0,1,0,0,1,1,0,0,0,0,1,1,1,1,0,0,1,0,1.125168556595083,0.746664964341879,0.005198070769814978,0.05296124339833497,0.05296124339833497
1,0,1,0,0,1,0,0,1,0,1,0,1,0,0,0,0,0,0,0,-1.0369685326246356,0.9743124842439652,0.02235010364622835,0.1468274853100915,0.1468274853100915
5,1,1,1,1,0,1,1,0,0,0,1,0,0,0,1,0,0,0,1,0.5019545608553487,0.9085818526659613,0.014256987321705751,0.11453932573635439,0.11453932573635439
1,0,0,0,0,0,1,0,0,0,0,0,0,0,0,0,0,0,1,0,-1.465739761693573,0.9743124842439652,0.02235010364622835,0.1468274853100915,0.1468274853100915
62,0,1,0,0,1,1,1,0,0,0,1,1,1,1,1,0,1,1,1,1.3046541873681263,0.6592190846564381,0.0028311702861325673,0.03096578220998969,0.03096578220998969
36,0,0,0,1,1,1,0,0,0,0,0,0,0,0,0,0,1,0,0,-1.4806968975913266,0.7220842981429184,0.004410087057617903,0.045979950318991825,0.045979950318991825
28,1,0,1,0,0,1,1,0,0,0,1,1,1,1,1,0,0,1,1,1.279725627538537,0.7506071373425116,0.0053347764644180165,0.05414016114784159,0.05414016114784159
69,0,0,0,1,1,1,0,1,1,1,0,1,1,0,1,1,0,0,0,0.2958784662640764,0.6468608243449303,0.002583528294433392,0.028476690845760766,0.028476690845760766
11,1,0,0,1,0,1,1,0,1,0,0,1,1,0,1,0,0,0,1,1.0437352611517576,0.8469074549655476,0.009789108115316166,0.08799046091721618,0.08799046091721618
63,0,0,0,1,0,1,1,0,0,1,1,1,1,1,1,0,0,1,1,1.4608731623002198,0.6573679996492523,0.0027928980105273514,0.030583600220822293,0.030583600220822293
23,0,1,0,0,0,1,0,0,0,0,0,0,0,0,0,1,0,0,0,-1.4840207055686052,0.7723876776489026,0.006146116983133188,0.060949762364490456,0.060949762364490456
10,0,1,0,0,0,1,0,0,0,0,0,0,0,0,0,0,0,0,0,-1.4973159374777196,0.8554585264638187,0.010313003097985489,0.09145336847937524,0.09145336847937524
71,0,0,0,1,0,1,0,0,0,0,0,0,0,0,1,0,1,0,1,-1.2912398428864473,0.6435679119154606,0.0025205988088756303,0.02783802704790539,0.02783802704790539
45,0,0,1,0,0,1,0,1,1,0,0,1,0,1,1,0,0,1,1,0.1745594750934079,0.6963590108821652,0.0036942216775406023,0.039349803973645514,0.039349803973645514
70,0,0,0,1,1,1,0,0,0,0,0,0,0,0,1,0,1,0,0,-1.3543921944547406,0.6452021175658147,0.002551672337160255,0.02815370280249474,0.02815370280249474
22,0,0,0,0,1,1,1,0,0,0,0,0,0,1,1,0,0,1,1,0.6631592477533598,0.7772239626242997,0.006339847981342745,0.0625297608539006,0.0625297608539006
52,0,0,0,1,1,1,0,0,0,0,0,0,0,0,1,0,1,0,0,-1.3876302742275264,0.6796022882225629,0.00328157591746785,0.03539633014558485,0.03539633014558485
55,1,1,0,1,0,1,1,0,0,0,1,1,1,1,1,1,0,1,1,1.3079779953454052,0.6730980579890953,0.0031319345818057722,0.033937922764987416,0.033937922764987416
65,0,0,0,0,0,0,0,1,1,0,1,1,1,1,0,0,1,0,0,-0.16114513061172886,0.6537547892731487,0.002719403042122667,0.02984713825493901,0.02984713825493901
72,0,0,0,1,1,1,0,0,0,0,0,0,0,0,0,0,1,0,0,-1.5039635534322768,0.6419575496164033,0.002490279067928491,0.027529416300707155,0.027529416300707155
10,0,1,0,1,0,1,0,0,0,0,0,0,0,0,0,1,0,0,0,-1.5023016494436374,0.8554585264638187,0.010313003097985489,0.09145336847937524,0.09145336847937524
7,0,0,0,0,1,1,0,0,0,0,0,0,0,0,0,1,0,0,0,-1.487344513545884,0.8848383086630132,0.012329368360988486,0.10389128471090825,0.10389128471090825
5,0,1,1,0,0,1,1,0,0,1,0,0,0,1,0,0,0,1,1,0.6897497115715884,0.9085818526659613,0.014256987321705751,0.11453932573635439,0.11453932573635439
24,0,0,0,1,1,1,0,1,1,0,1,0,1,1,1,0,1,0,0,0.4587450571507267,0.7677256072562019,0.005964174846469762,0.05945002834593771,0.05945002834593771
72,0,0,0,1,1,1,1,0,1,1,1,1,1,1,1,0,1,0,1,1.7284397044711457,0.6419575496164033,0.002490279067928491,0.027529416300707155,0.027529416300707155
21,0,1,0,0,0,0,0,1,1,0,0,1,1,0,0,0,0,0,1,-0.7062496388854168,0.7822470612896891,0.006546583090128551,0.06419686154369075,0.06419686154369075
69,0,1,0,1,0,0,0,1,0,1,1,1,1,1,0,1,0,0,1,-0.1328927628048611,0.6468608243449303,0.002583528294433392,0.028476690845760766,0.028476690845760766
44,0,1,0,1,1,1,0,1,0,1,0,1,0,0,0,0,0,0,1,-0.3289974334642975,0.6989597866938809,0.0037619201221218337,0.03998903582240876,0.03998903582240876
61,0,0,1,1,1,1,0,1,0,0,1,0,1,0,1,1,0,1,1,0.013354788195396781,0.6611010360108607,0.002870516527482457,0.031357744906887475,0.031357744906887475
24,1,1,1,0,0,1,1,0,0,1,1,0,1,1,1,0,0,0,1,1.2680922996180621,0.7677256072562019,0.005964174846469762,0.05945002834593771,0.05945002834593771
1,1,0,0,0,0,1,1,0,0,0,0,0,1,1,0,0,0,1,0,0.8576020144241567,0.9743124842439652,0.02235010364622835,0.1468274853100915,0.1468274853100915
6,1,0,0,0,0,1,0,1,0,0,0,1,0,0,0,0,0,0,1,-0.46527356053271945,0.8962011910421149,0.01321361285882388,0.10892151775419001,0.10892151775419001
4,1,1,0,0,0,1,1,0,0,1,0,0,0,1,1,0,0,1,1,0.8393210705491246,0.9221895280070969,0.015517187361763772,0.12087777811840728,0.12087777811840728
72,0,1,0,1,0,1,1,0,0,1,1,1,1,1,1,0,1,1,1,1.4425922184251878,0.6419575496164033,0.002490279067928491,0.027529416300707155,0.027529416300707155
72,0,1,0,0,0,1,0,1,1,1,1,1,1,1,1,0,1,0,0,0.9041353261060571,0.6419575496164033,0.002490279067928491,0.027529416300707155,0.027529416300707155
14,0,1,1,1,0,1,1,0,0,0,0,0,0,0,1,0,0,1,1,0.34241177794597627,0.8240576612486123,0.008508086494505379,0.07909398048302463,0.07909398048302463
7,0,1,0,0,0,1,0,0,0,0,0,0,0,0,1,0,0,0,1,-1.3211541146819548,0.8848383086630132,0.012329368360988486,0.10389128471090825,0.10389128471090825
48,0,0,0,0,0,1,1,0,0,1,0,0,0,0,0,1,0,1,0,0.34407368193461596,0.6888828979881829,0.003505164885370563,0.03755076913789834,0.03755076913789834
55,0,1,0,1,1,1,0,0,0,0,0,0,0,0,0,1,0,0,0,-1.505625457420916,0.6730980579890953,0.0031319345818057722,0.033937922764987416,0.033937922764987416
1,0,1,0,0,0,1,0,0,0,0,0,0,0,0,0,0,0,0,0,-1.5122730733754732,0.9743124842439652,0.02235010364622835,0.1468274853100915,0.1468274853100915
45,0,1,0,0,0,1,1,0,1,1,1,1,1,1,0,1,0,0,0,1.575544537516331,0.6963590108821652,0.0036942216775406023,0.039349803973645514,0.039349803973645514
3,0,1,0,0,0,1,1,0,0,0,0,0,0,0,0,0,0,0,1,0.18286899503660436,0.9373188893787414,0.017092860770546496,0.12812771737333695,0.12812771737333695
71,0,0,0,1,0,1,0,0,0,0,0,0,0,0,0,0,1,0,0,-1.5023016494436374,0.6435679119154606,0.0025205988088756303,0.02783802704790539,0.02783802704790539
8,0,1,0,1,0,1,0,0,0,0,0,0,0,0,0,0,0,0,0,-1.4806968975913266,0.8743368175545859,0.01156705087089483,0.09935054964947354,0.09935054964947354
3,1,0,0,1,0,1,1,0,0,0,0,0,0,0,1,0,0,1,1,0.3673403377755657,0.9373188893787414,0.017092860770546496,0.12812771737333695,0.12812771737333695
69,0,1,0,1,1,1,0,1,1,1,0,1,1,1,0,0,1,0,0,0.526883120684938,0.6468608243449303,0.002583528294433392,0.028476690845760766,0.028476690845760766
1,1,1,0,1,1,1,1,0,0,0,0,0,0,0,0,0,0,1,1,0.12304045144558995,0.9743124842439652,0.02235010364622835,0.1468274853100915,0.1468274853100915
72,0,0,1,1,0,1,1,0,1,1,1,1,1,1,1,0,1,0,1,1.6935397207097207,0.6419575496164033,0.002490279067928491,0.027529416300707155,0.027529416300707155
11,1,1,0,0,0,1,1,0,1,0,0,0,0,0,0,0,0,1,1,0.2892308503095191,0.8469074549655476,0.009789108115316166,0.08799046091721618,0.08799046091721618
71,0,1,0,0,0,1,0,1,1,1,1,1,0,1,1,0,1,0,0,0.5252212166962984,0.6435679119154606,0.0025205988088756303,0.02783802704790539,0.02783802704790539
1,1,0,0,0,0,1,1,0,0,0,0,0,0,0,0,0,0,0,1,0.1712356671161295,0.9743124842439652,0.02235010364622835,0.1468274853100915,0.1468274853100915
33,0,0,0,1,0,0,0,1,1,0,1,1,1,1,0,0,1,0,0,-0.17444036252084338,0.732029255003116,0.004715929386838689,0.04872789424351476,0.04872789424351476
16,0,0,0,0,0,1,0,0,0,0,0,0,0,0,0,1,0,0,0,-1.5205825933186699,0.8107173068575363,0.007832475449686212,0.07414442618478301,0.07414442618478301
56,0,0,1,1,0,1,1,0,1,1,1,1,0,0,1,1,0,1,0,1.0254543172767256,0.6710090587453561,0.003085072619735503,0.03347844798497823,0.03347844798497823
1,0,0,0,0,0,1,0,0,0,0,0,0,0,0,0,0,0,0,0,-1.4906683215231624,0.9743124842439652,0.02235010364622835,0.1468274853100915,0.1468274853100915
5,1,1,0,0,0,1,0,1,0,0,1,0,1,1,0,0,0,1,1,0.1745594750934079,0.9085818526659613,0.014256987321705751,0.11453932573635439,0.11453932573635439
57,0,1,0,1,1,1,0,0,0,0,0,0,0,0,0,1,0,0,0,-1.5089492653981946,0.6689574203086703,0.003039606595789443,0.03303139376725084,0.03303139376725084
56,0,1,0,1,1,0,0,1,0,1,1,0,0,0,0,1,0,0,1,-0.9538733331926711,0.6710090587453561,0.003085072619735503,0.03347844798497823,0.03347844798497823
8,1,1,0,0,0,1,1,0,0,1,1,0,1,0,1,0,0,1,1,0.9706114856516288,0.8743368175545859,0.01156705087089483,0.09935054964947354,0.09935054964947354
22,1,0,0,1,1,1,0,1,1,1,1,0,0,0,0,0,0,0,0,-0.121259434884386,0.7772239626242997,0.006339847981342745,0.0625297608539006,0.0625297608539006
1,0,0,0,0,0,1,0,0,0,0,0,0,0,0,0,0,0,0,0,-1.4973159374777196,0.9743124842439652,0.02235010364622835,0.1468274853100915,0.1468274853100915
40,0,0,0,0,1,1,0,1,1,0,0,1,1,0,0,0,0,0,1,-0.02320709955466792,0.7099691459680679,0.004059910336396862,0.04277208089669704,0.04277208089669704
46,0,1,0,1,1,1,0,0,0,0,0,0,0,0,0,0,1,0,0,-1.4973159374777196,0.6938140321924815,0.003628947567853564,0.038730988089776375,0.038730988089776375
63,0,1,0,1,1,1,0,0,0,0,0,0,0,0,0,0,1,0,0,-1.4989778414663588,0.6573679996492523,0.0027928980105273514,0.030583600220822293,0.030583600220822293
68,0,1,0,1,1,1,1,0,1,1,1,0,1,1,1,0,1,1,1,1.5090683779707594,0.6485447168747005,0.0026161967996319807,0.028807250213664037,0.028807250213664037
69,0,1,0,1,1,1,1,0,1,1,0,1,1,1,0,0,1,0,1,1.3811017708455338,0.6468608243449303,0.002583528294433392,0.028476690845760766,0.028476690845760766
56,0,0,0,1,0,1,1,0,0,1,1,1,0,0,1,0,0,1,0,0.8559401104355175,0.6710090587453561,0.003085072619735503,0.03347844798497823,0.03347844798497823
10,0,0,0,1,1,1,0,1,0,1,1,0,0,1,0,1,0,0,1,0.03662144403634696,0.8554585264638187,0.010313003097985489,0.09145336847937524,0.09145336847937524
63,0,1,0,0,0,1,1,0,1,1,1,1,1,0,1,1,0,0,0,1.3196113232658802,0.6573679996492523,0.0027928980105273514,0.030583600220822293,0.030583600220822293
24,0,0,0,1,1,0,0,1,1,1,1,1,0,1,0,0,1,0,1,-0.4087688249189834,0.7677256072562019,0.005964174846469762,0.05945002834593771,0.05945002834593771
19,0,0,0,0,0,1,0,1,0,0,1,0,0,0,1,0,0,0,1,-0.28911173773695437,0.7929113200145855,0.0070048485392757275,0.06782398836650938,0.06782398836650938
22,0,1,0,1,1,1,1,0,0,0,1,0,1,0,1,0,0,1,1,0.7961115668445031,0.7772239626242997,0.006339847981342745,0.0625297608539006,0.0625297608539006
29,1,1,0,1,0,1,1,0,1,1,0,0,0,0,1,0,0,1,1,0.6531878238215242,0.746664964341879,0.005198070769814978,0.05296124339833497,0.05296124339833497
13,1,1,0,1,0,1,0,1,0,0,1,0,1,1,1,1,0,0,1,0.34905939390053353,0.8312566322761956,0.008894046614766308,0.0818402613059327,0.0818402613059327
70,0,0,0,1,0,1,0,0,0,0,0,0,0,0,1,0,1,0,1,-1.2895779388978081,0.6452021175658147,0.002551672337160255,0.02815370280249474,0.02815370280249474
49,0,0,0,1,0,1,1,0,0,1,1,0,1,1,0,0,0,1,0,1.1500971164246725,0.6864927538867036,0.0034464244917631367,0.03698759780359384,0.03698759780359384
43,1,0,1,1,0,1,1,0,1,0,1,1,1,1,1,1,0,0,1,1.4874636261184484,0.7016186635948665,0.003832182002392298,0.04064972482294138,0.04064972482294138
3,1,0,0,0,0,1,0,0,0,0,0,0,0,0,0,0,0,0,1,-1.5023016494436374,0.9373188893787414,0.017092860770546496,0.12812771737333695,0.12812771737333695
42,0,1,0,1,1,1,0,1,0,0,1,1,1,1,0,1,0,1,0,0.2775975223890443,0.7043380877631116,0.0039051573709433167,0.0413329850998293,0.0413329850998293
57,0,1,0,0,0,1,0,1,0,1,0,1,0,0,0,1,0,0,1,-0.33730695340749395,0.6689574203086703,0.003039606595789443,0.03303139376725084,0.03303139376725084
2,1,1,1,0,0,1,0,1,1,0,1,0,1,0,0,0,0,0,0,0.05324048392273988,0.9544211124058478,0.01918286543259826,0.13658902706858933,0.13658902706858933
72,0,0,0,1,0,1,1,0,1,1,1,1,1,1,1,0,1,0,1,1.6868921047551635,0.6419575496164033,0.002490279067928491,0.027529416300707155,0.027529416300707155
46,0,0,1,0,0,1,1,0,0,1,1,0,1,1,1,0,0,1,1,1.317949419277241,0.6938140321924815,0.003628947567853564,0.038730988089776375,0.038730988089776375
66,1,1,1,1,0,1,1,0,0,0,0,1,1,1,1,0,0,0,1,1.171701868276983,0.6519909407703324,0.0026840999053434323,0.029492182160968494,0.029492182160968494
62,1,1,0,0,0,1,1,0,1,1,0,1,0,1,1,1,0,1,0,1.2365161238339155,0.6592190846564381,0.0028311702861325673,0.03096578220998969,0.03096578220998969
72,0,0,0,1,0,1,0,1,1,1,1,1,1,1,1,0,1,0,1,0.8758829582991894,0.6419575496164033,0.002490279067928491,0.027529416300707155,0.027529416300707155
35,0,1,0,1,1,1,1,0,0,1,0,1,1,0,0,1,0,1,1,0.8276877426286497,0.7253108322429414,0.004507451042951911,0.04686012202126277,0.04686012202126277
17,1,1,0,1,0,1,1,0,1,1,1,0,0,0,1,0,0,0,0,0.8443067825150427,0.8045134998853144,0.007534869537132169,0.07190499047148602,0.07190499047148602
72,0,0,0,1,0,1,0,1,1,1,1,1,1,1,1,0,1,1,1,0.9174305580151716,0.6419575496164033,0.002490279067928491,0.027529416300707155,0.027529416300707155
28,0,0,0,1,1,1,0,0,0,0,0,0,0,0,0,1,0,0,0,-1.4923302255118018,0.7506071373425116,0.0053347764644180165,0.05414016114784159,0.05414016114784159
56,1,1,0,1,0,1,0,0,0,0,0,0,0,0,1,0,1,0,1,-1.3178303067046762,0.6710090587453561,0.003085072619735503,0.03347844798497823,0.03347844798497823
31,1,0,0,0,0,1,1,0,0,0,0,1,0,0,1,0,0,0,1,0.500292656866709,0.7391329118702427,0.004945042598351195,0.05075440110013929,0.05075440110013929
45,0,1,0,0,0,1,0,0,0,0,0,0,0,0,0,1,0,0,0,-1.5272302092732268,0.6963590108821652,0.0036942216775406023,0.039349803973645514,0.039349803973645514
1,0,0,0,0,0,1,0,0,0,0,0,0,0,0,1,0,0,0,1,-1.2978874588410045,0.9743124842439652,0.02235010364622835,0.1468274853100915,0.1468274853100915
2,1,0,0,0,0,1,0,1,0,1,0,0,0,0,0,0,0,0,1,-0.5051592562600623,0.9544211124058478,0.01918286543259826,0.13658902706858933,0.13658902706858933
6,0,0,0,0,0,1,0,0,0,0,0,0,0,0,0,0,0,0,1,-1.4574302417503764,0.8962011910421149,0.01321361285882388,0.10892151775419001,0.10892151775419001
48,0,0,0,1,0,1,1,0,0,1,1,0,1,1,0,1,0,1,1,1.0719876289586254,0.6888828979881829,0.003505164885370563,0.03755076913789834,0.03755076913789834
25,0,1,0,1,1,1,0,0,0,0,0,0,0,0,1,0,0,0,1,-1.3095207867614798,0.7632263722784222,0.005792955912006608,0.05802443652851541,0.05802443652851541
64,0,1,0,1,1,1,0,0,0,0,0,0,0,0,0,0,1,0,1,-1.4989778414663588,0.6555468612609421,0.002755656035094927,0.030210834407233156,0.030210834407233156
50,0,1,0,0,0,0,0,1,1,1,0,0,0,0,0,0,0,0,1,-0.9904352209427356,0.6841504128114664,0.003389643293482253,0.03644129666249096,0.03644129666249096
52,0,0,0,1,1,1,1,0,0,0,1,0,1,1,1,1,0,0,0,1.211587564004326,0.6796022882225629,0.00328157591746785,0.03539633014558485,0.03539633014558485
4,0,1,1,1,0,1,1,0,0,0,0,0,0,0,0,0,0,1,1,0.17954518705932596,0.9221895280070969,0.015517187361763772,0.12087777811840728,0.12087777811840728
32,0,0,1,0,0,1,1,0,0,0,0,0,1,1,0,0,0,1,0,0.8692353423446321,0.7355303895625583,0.00482771692436557,0.04972004336955682,0.04972004336955682
45,0,1,0,1,1,1,0,1,1,1,0,1,1,0,1,0,1,0,0,0.300864178229994,0.6963590108821652,0.0036942216775406023,0.039349803973645514,0.039349803973645514
9,0,1,0,1,0,1,1,0,1,0,0,0,0,1,1,0,0,1,1,0.772844911003553,0.8645756330248363,0.010901071741709328,0.09522425637547682,0.09522425637547682
66,1,0,1,1,0,1,1,0,0,0,1,1,1,1,1,1,0,0,1,1.3678065389364196,0.6519909407703324,0.0026840999053434323,0.029492182160968494,0.029492182160968494
3,1,1,0,0,1,1,1,0,0,0,1,0,0,1,1,0,0,1,0,0.899149614140139,0.9373188893787414,0.017092860770546496,0.12812771737333695,0.12812771737333695
54,0,0,0,0,0,1,0,0,0,0,0,0,0,0,0,0,1,0,0,-1.4856826095572444,0.6752256920763566,0.003180258311786613,0.03441034838970081,0.03441034838970081
1,1,0,0,1,1,0,0,1,0,0,0,1,1,0,0,0,0,1,0,-0.8209210141015277,0.9743124842439652,0.02235010364622835,0.1468274853100915,0.1468274853100915
64,0,0,0,1,1,1,1,0,1,1,0,1,1,1,1,0,1,0,0,1.5123921859480378,0.6555468612609421,0.002755656035094927,0.030210834407233156,0.030210834407233156
31,1,0,1,0,0,1,1,0,0,0,0,0,0,0,1,0,0,1,1,0.30252608221863364,0.7391329118702427,0.004945042598351195,0.05075440110013929,0.05075440110013929
14,1,0,0,0,0,1,1,0,0,0,0,0,1,1,0,0,0,0,1,0.8310115506059281,0.8240576612486123,0.008508086494505379,0.07909398048302463,0.07909398048302463
12,0,0,0,0,0,1,1,0,1,0,0,0,1,0,0,1,0,0,1,0.6764544796624743,0.8388580793219884,0.009318867014819062,0.08479678961103854,0.08479678961103854
67,0,1,1,1,0,1,0,1,1,1,0,1,0,0,0,1,0,0,1,-0.12790705083894302,0.6502545080837984,0.0026497095459112013,0.029145652408135048,0.029145652408135048
35,1,0,0,1,1,1,0,1,1,0,1,1,1,0,1,0,0,1,0,0.24768325059353682,0.7253108322429414,0.004507451042951911,0.04686012202126277,0.04686012202126277
45,0,0,0,0,0,1,0,1,1,0,0,1,0,1,1,0,1,0,0,0.2908927542981583,0.6963590108821652,0.0036942216775406023,0.039349803973645514,0.039349803973645514
10,0,1,0,0,0,1,0,1,0,0,0,0,0,0,0,0,0,0,0,-0.6248163434420914,0.8554585264638187,0.010313003097985489,0.09145336847937524,0.09145336847937524
29,0,0,1,0,0,1,0,1,1,1,0,0,0,0,1,0,0,0,1,-0.20767844229362922,0.746664964341879,0.005198070769814978,0.05296124339833497,0.05296124339833497
24,0,0,0,0,0,1,0,0,0,0,0,0,0,0,1,1,0,0,0,-1.3361112505797081,0.7677256072562019,0.005964174846469762,0.05945002834593771,0.05945002834593771
66,0,1,0,1,1,1,0,0,0,0,0,0,0,0,0,0,1,0,1,-1.4973159374777196,0.6519909407703324,0.0026840999053434323,0.029492182160968494,0.029492182160968494
51,0,1,0,0,0,1,1,0,1,0,0,0,1,0,0,1,0,0,0,0.716340175389817,0.681854139199785,0.003334724055742794,0.03591111081215892,0.03591111081215892
45,0,0,0,1,0,1,0,0,0,0,0,0,0,0,1,0,1,0,0,-1.306196978784201,0.6963590108821652,0.0036942216775406023,0.039349803973645514,0.039349803973645514
49,0,0,0,1,0,1,0,0,0,0,0,0,0,0,0,1,0,0,0,-1.522244497307309,0.6864927538867036,0.0034464244917631367,0.03698759780359384,0.03698759780359384
29,0,0,0,1,0,1,0,0,0,0,0,0,0,0,0,0,1,0,1,-1.5039635534322768,0.746664964341879,0.005198070769814978,0.05296124339833497,0.05296124339833497
40,0,1,0,1,1,1,1,0,1,1,0,1,1,1,1,0,0,0,1,1.5057445699934806,0.7099691459680679,0.004059910336396862,0.04277208089669704,0.04277208089669704
37,1,0,1,0,0,1,1,0,0,0,0,0,1,1,1,0,0,1,1,1.0553685890722326,0.7189405920832638,0.0043169072108659315,0.0451328504105416,0.0451328504105416
25,0,1,0,0,0,1,1,0,0,0,0,0,0,0,0,0,0,1,0,0.16458805116157224,0.7632263722784222,0.005792955912006608,0.05802443652851541,0.05802443652851541
22,0,0,0,0,0,0,0,1,0,0,1,0,1,1,0,0,0,1,1,-0.4719211764872765,0.7772239626242997,0.006339847981342745,0.0625297608539006,0.0625297608539006
72,0,1,0,0,0,0,0,1,1,1,1,1,1,1,0,0,1,0,1,0.026650020104510834,0.6419575496164033,0.002490279067928491,0.027529416300707155,0.027529416300707155
7,1,0,0,0,0,0,0,1,0,1,0,0,0,1,0,0,0,0,1,-0.8209210141015277,0.8848383086630132,0.012329368360988486,0.10389128471090825,0.10389128471090825
33,0,1,0,1,1,1,0,1,0,1,1,1,1,1,0,0,1,0,0,0.5750783363554771,0.732029255003116,0.004715929386838689,0.04872789424351476,0.04872789424351476
23,0,0,0,0,0,1,1,0,0,1,0,1,0,0,0,0,0,0,1,0.4753640970371196,0.7723876776489026,0.006146116983133188,0.060949762364490456,0.060949762364490456
24,1,1,1,0,0,1,1,0,0,1,0,0,1,1,1,0,0,1,1,1.211587564004326,0.7677256072562019,0.005964174846469762,0.05945002834593771,0.05945002834593771
1,1,0,0,0,0,1,1,0,0,0,0,0,1,0,0,0,0,1,0,0.49032123293487334,0.9743124842439652,0.02235010364622835,0.1468274853100915,0.1468274853100915
69,0,1,0,0,0,1,0,1,1,1,1,1,1,1,1,0,1,0,0,0.8592639184127964,0.6468608243449303,0.002583528294433392,0.028476690845760766,0.028476690845760766
3,0,0,0,0,1,1,0,0,0,0,0,0,0,0,0,1,0,0,1,-1.470725473659491,0.9373188893787414,0.017092860770546496,0.12812771737333695,0.12812771737333695
56,0,1,0,0,0,1,0,1,0,1,0,1,1,1,0,1,0,0,1,0.36401652979828725,0.6710090587453561,0.003085072619735503,0.03347844798497823,0.03347844798497823
65,0,1,0,0,0,1,1,0,1,0,1,1,1,1,1,1,0,0,1,1.5024207620162022,0.6537547892731487,0.002719403042122667,0.02984713825493901,0.02984713825493901
71,0,1,0,1,0,1,0,0,0,0,0,0,0,0,0,1,0,1,0,-1.4607540497276552,0.6435679119154606,0.0025205988088756303,0.02783802704790539,0.02783802704790539
14,0,0,1,0,0,1,1,0,0,0,1,0,0,0,1,0,0,0,1,0.5169116967531019,0.8240576612486123,0.008508086494505379,0.07909398048302463,0.07909398048302463
2,0,0,0,0,0,1,1,0,0,0,0,0,0,0,0,0,0,1,1,0.17788328307068677,0.9544211124058478,0.01918286543259826,0.13658902706858933,0.13658902706858933
32,1,0,0,0,0,1,1,0,0,0,0,0,1,0,1,1,0,1,0,0.6398925919124097,0.7355303895625583,0.00482771692436557,0.04972004336955682,0.04972004336955682
40,0,1,0,0,0,1,0,1,1,0,1,0,0,1,0,0,0,1,0,0.08814046768416492,0.7099691459680679,0.004059910336396862,0.04277208089669704,0.04277208089669704
1,0,1,0,0,0,1,0,0,0,0,0,0,0,0,0,0,0,0,0,-1.4640778577049338,0.9743124842439652,0.02235010364622835,0.1468274853100915,0.1468274853100915
1,1,1,0,0,0,1,1,0,0,0,0,0,1,1,0,0,0,1,1,0.807744894764978,0.9743124842439652,0.02235010364622835,0.1468274853100915,0.1468274853100915
7,0,0,0,0,0,1,1,0,0,0,0,0,0,0,0,0,0,0,1,0.1695737631274903,0.8848383086630132,0.012329368360988486,0.10389128471090825,0.10389128471090825
15,0,0,0,1,0,1,0,1,0,0,0,0,0,0,1,0,0,1,1,-0.4553021366008836,0.817222359631732,0.00815567933565363,0.07653518145581295,0.07653518145581295
17,1,0,0,1,1,1,1,0,1,0,1,0,1,0,1,0,0,1,0,0.9839067175607433,0.8045134998853144,0.007534869537132169,0.07190499047148602,0.07190499047148602
19,1,1,0,0,0,1,1,0,0,1,1,0,0,0,0,0,0,1,1,0.44711172923025183,0.7929113200145855,0.0070048485392757275,0.06782398836650938,0.06782398836650938
71,0,1,0,0,0,1,0,0,0,0,0,0,0,0,1,0,1,0,0,-1.3045350747955617,0.6435679119154606,0.0025205988088756303,0.02783802704790539,0.02783802704790539
54,0,0,0,1,1,1,0,1,1,0,0,1,0,0,1,0,1,0,0,-0.15948322662308967,0.6752256920763566,0.003180258311786613,0.03441034838970081,0.03441034838970081
31,0,1,0,1,0,1,1,0,1,1,0,1,0,0,1,0,0,0,1,0.8559401104355175,0.7391329118702427,0.004945042598351195,0.05075440110013929,0.05075440110013929
11,0,0,0,0,0,1,1,0,1,0,0,0,0,0,0,0,0,1,0,0.3856212816505982,0.8469074549655476,0.009789108115316166,0.08799046091721618,0.08799046091721618
18,0,0,1,0,0,1,1,0,0,0,1,0,0,1,0,0,0,1,1,0.6698068637079171,0.798585597100695,0.007259843514731271,0.06980238681281059,0.06980238681281059
72,0,0,1,0,0,1,1,0,1,1,0,1,1,1,1,0,1,0,1,1.5057445699934806,0.6419575496164033,0.002490279067928491,0.027529416300707155,0.027529416300707155
71,0,0,1,0,0,1,1,0,0,1,0,0,1,1,1,0,0,0,1,1.158406636367869,0.6435679119154606,0.0025205988088756303,0.02783802704790539,0.02783802704790539
5,0,1,1,0,0,0,0,1,0,0,1,1,1,0,0,0,0,0,0,-0.644759191305763,0.9085818526659613,0.014256987321705751,0.11453932573635439,0.11453932573635439
38,0,1,0,1,0,1,0,1,0,0,1,1,0,1,1,1,0,0,0,0.13965949133198285,0.7158758576100376,0.0042276442662364,0.04431696426317133,0.04431696426317133
5,0,1,0,0,1,1,0,1,0,0,0,1,0,0,0,0,0,0,1,-0.5367354320442089,0.9085818526659613,0.014256987321705751,0.11453932573635439,0.11453932573635439
2,1,1,1,0,0,1,0,1,0,0,0,0,0,0,0,0,0,1,1,-0.6863067910217452,0.9544211124058478,0.01918286543259826,0.13658902706858933,0.13658902706858933
52,0,0,1,0,0,1,0,1,1,0,1,0,0,0,1,0,1,0,0,-0.1644689385890075,0.6796022882225629,0.00328157591746785,0.03539633014558485,0.03539633014558485
8,1,0,1,0,0,1,1,0,0,0,0,0,0,0,1,0,0,1,1,0.36401652979828725,0.8743368175545859,0.01156705087089483,0.09935054964947354,0.09935054964947354
68,0,0,0,0,0,1,0,1,0,1,1,0,1,1,1,0,1,1,1,0.526883120684938,0.6485447168747005,0.0026161967996319807,0.028807250213664037,0.028807250213664037
69,0,1,0,1,1,1,0,0,0,0,0,0,0,0,0,1,0,0,1,-1.470725473659491,0.6468608243449303,0.002583528294433392,0.028476690845760766,0.028476690845760766
42,0,0,0,1,0,1,0,1,1,1,0,1,0,0,1,0,0,0,1,0.05324048392273988,0.7043380877631116,0.0039051573709433167,0.0413329850998293,0.0413329850998293
50,0,0,0,0,0,1,1,0,0,1,0,1,1,1,0,0,1,0,1,1.176687580242901,0.6841504128114664,0.003389643293482253,0.03644129666249096,0.03644129666249096
1,1,0,0,0,0,1,0,0,0,0,0,0,0,0,0,0,0,0,1,-1.5189206893300304,0.9743124842439652,0.02235010364622835,0.1468274853100915,0.1468274853100915
1,1,1,1,1,0,1,1,0,1,0,0,0,0,0,1,0,0,1,1,0.5152497927644627,0.9743124842439652,0.02235010364622835,0.1468274853100915,0.1468274853100915
33,0,1,0,1,0,1,0,1,0,0,0,0,0,0,0,0,0,0,1,-0.6730115591126309,0.732029255003116,0.004715929386838689,0.04872789424351476,0.04872789424351476
7,0,0,0,0,0,1,0,0,0,0,0,0,0,0,0,0,0,0,0,-1.477373089614048,0.8848383086630132,0.012329368360988486,0.10389128471090825,0.10389128471090825
64,0,1,0,1,1,1,1,0,1,1,1,0,0,0,1,0,0,1,1,0.8974877101514999,0.6555468612609421,0.002755656035094927,0.030210834407233156,0.030210834407233156
1,1,0,0,0,0,1,1,0,0,0,1,0,0,0,0,0,0,1,1,0.3357641619914195,0.9743124842439652,0.02235010364622835,0.1468274853100915,0.1468274853100915
59,0,1,0,0,0,1,0,0,0,0,0,0,0,0,0,0,1,0,1,-1.4823588015799658,0.6649614286359096,0.0029526183444970946,0.03217256791019485,0.03217256791019485
6,0,0,0,1,0,1,0,1,0,0,0,0,0,0,1,0,0,1,0,-0.48023069643047295,0.8962011910421149,0.01321361285882388,0.10892151775419001,0.10892151775419001
3,0,0,0,0,0,1,0,0,0,0,0,0,0,0,0,0,0,0,0,-1.5288921132618662,0.9373188893787414,0.017092860770546496,0.12812771737333695,0.12812771737333695
15,0,0,0,1,0,1,0,0,0,0,0,0,0,0,0,0,0,0,0,-1.4740492816367694,0.817222359631732,0.00815567933565363,0.07653518145581295,0.07653518145581295
13,0,1,0,1,1,1,0,1,0,0,0,0,1,1,0,1,0,1,1,-0.00160234770235694,0.8312566322761956,0.008894046614766308,0.0818402613059327,0.0818402613059327
23,0,0,0,0,0,1,1,0,0,1,0,0,1,1,1,0,0,0,1,1.1268304605837223,0.7723876776489026,0.006146116983133188,0.060949762364490456,0.060949762364490456
31,0,1,1,1,0,1,1,0,1,0,0,0,1,0,1,0,0,1,0,0.8193782226854534,0.7391329118702427,0.004945042598351195,0.05075440110013929,0.05075440110013929
29,0,1,0,0,0,1,0,1,1,1,0,1,0,0,0,1,0,1,1,-0.20103082633907196,0.746664964341879,0.005198070769814978,0.05296124339833497,0.05296124339833497
49,0,0,0,1,0,1,0,0,0,0,0,0,0,0,0,1,0,0,0,-1.465739761693573,0.6864927538867036,0.0034464244917631367,0.03698759780359384,0.03698759780359384
56,0,0,0,1,0,1,1,0,0,0,0,0,1,0,1,0,0,0,1,0.6914116155602276,0.6710090587453561,0.003085072619735503,0.03347844798497823,0.03347844798497823
63,0,0,0,0,0,1,0,1,1,1,1,1,0,1,1,0,1,0,1,0.5152497927644627,0.6573679996492523,0.0027928980105273514,0.030583600220822293,0.030583600220822293
63,0,1,0,1,0,1,0,1,0,0,1,1,1,1,1,0,1,0,0,0.4986307528780698,0.6573679996492523,0.0027928980105273514,0.030583600220822293,0.030583600220822293
24,0,1,1,1,1,1,1,0,1,0,0,0,0,0,1,0,0,1,1,0.500292656866709,0.7677256072562019,0.005964174846469762,0.05945002834593771,0.05945002834593771
36,0,1,1,1,0,1,0,1,0,0,1,1,0,0,0,1,0,0,0,-0.35558789728252604,0.7220842981429184,0.004410087057617903,0.045979950318991825,0.045979950318991825
9,1,0,1,0,0,1,1,0,0,0,0,0,1,0,0,0,0,1,1,0.5335307366394948,0.8645756330248363,0.010901071741709328,0.09522425637547682,0.09522425637547682
3,1,1,0,0,0,0,0,1,0,0,0,0,0,0,0,0,0,1,0,-1.3311255386137903,0.9373188893787414,0.017092860770546496,0.12812771737333695,0.12812771737333695
21,0,0,0,1,0,1,0,1,1,0,1,1,1,1,0,1,0,0,0,0.5351926406281345,0.7822470612896891,0.006546583090128551,0.06419686154369075,0.06419686154369075
13,0,1,0,1,1,1,0,0,0,0,0,0,0,0,1,1,0,0,0,-1.339435058556987,0.8312566322761956,0.008894046614766308,0.0818402613059327,0.0818402613059327
1,0,1,0,1,1,1,0,0,0,0,0,0,0,0,0,0,0,0,1,-1.4840207055686052,0.9743124842439652,0.02235010364622835,0.1468274853100915,0.1468274853100915
25,0,0,0,1,1,1,0,0,0,0,0,0,0,0,0,1,0,0,0,-1.487344513545884,0.7632263722784222,0.005792955912006608,0.05802443652851541,0.05802443652851541
71,0,1,0,1,1,1,0,0,0,0,0,0,0,0,0,0,1,0,1,-1.5023016494436374,0.6435679119154606,0.0025205988088756303,0.02783802704790539,0.02783802704790539
66,0,1,0,0,0,1,1,0,1,1,1,1,1,1,1,1,0,0,1,1.6453445050391813,0.6519909407703324,0.0026840999053434323,0.029492182160968494,0.029492182160968494
45,0,0,0,0,0,1,1,0,1,1,0,0,1,1,0,1,0,1,1,1.1800113882201795,0.6963590108821652,0.0036942216775406023,0.039349803973645514,0.039349803973645514
22,0,0,0,1,0,1,1,0,0,0,0,0,1,0,0,0,0,0,1,0.5052783688326271,0.7772239626242997,0.006339847981342745,0.0625297608539006,0.0625297608539006
67,0,0,0,1,0,1,0,0,0,0,0,0,0,0,0,1,0,0,1,-1.4607540497276552,0.6502545080837984,0.0026497095459112013,0.029145652408135048,0.029145652408135048
68,0,0,0,1,0,1,1,0,0,0,1,0,1,0,1,0,1,0,1,0.8359972625718463,0.6485447168747005,0.0026161967996319807,0.028807250213664037,0.028807250213664037
49,1,0,1,0,0,1,1,0,0,0,1,0,0,1,1,0,0,0,1,0.8659115343673532,0.6864927538867036,0.0034464244917631367,0.03698759780359384,0.03698759780359384
4,0,0,1,0,0,1,0,1,0,0,0,0,0,0,1,0,0,0,0,-0.5334116240669303,0.9221895280070969,0.015517187361763772,0.12087777811840728,0.12087777811840728
63,0,1,0,1,0,1,0,1,1,1,1,1,0,1,1,1,0,0,0,0.5052783688326271,0.6573679996492523,0.0027928980105273514,0.030583600220822293,0.030583600220822293
2,1,0,0,1,0,1,1,0,0,1,1,0,0,0,0,0,0,0,0,0.4953069449007914,0.9544211124058478,0.01918286543259826,0.13658902706858933,0.13658902706858933
21,0,1,0,0,0,1,0,0,0,0,0,0,0,0,0,1,0,0,1,-1.477373089614048,0.7822470612896891,0.006546583090128551,0.06419686154369075,0.06419686154369075
55,1,1,0,1,1,1,0,1,1,1,0,1,0,0,0,0,1,0,0,-0.24091652206641506,0.6730980579890953,0.0031319345818057722,0.033937922764987416,0.033937922764987416
1,0,1,0,0,1,1,0,0,0,0,0,0,0,0,0,0,0,0,1,-1.4806968975913266,0.9743124842439652,0.02235010364622835,0.1468274853100915,0.1468274853100915
17,0,0,0,0,0,1,0,0,0,0,0,0,0,0,0,0,1,0,0,-1.5089492653981946,0.8045134998853144,0.007534869537132169,0.07190499047148602,0.07190499047148602
30,0,1,0,0,0,1,1,0,1,0,0,0,1,1,1,0,0,0,1,1.1833351961974583,0.7428424163487329,0.0050683354621543905,0.051833777579476825,0.051833777579476825
22,0,1,0,1,1,1,0,1,1,1,0,1,0,0,0,0,0,0,1,-0.22762129015730054,0.7772239626242997,0.006339847981342745,0.0625297608539006,0.0625297608539006
9,0,0,0,0,0,1,0,1,0,0,0,1,1,0,0,0,0,0,1,-0.17610226650948257,0.8645756330248363,0.010901071741709328,0.09522425637547682,0.09522425637547682
1,0,1,0,1,1,1,0,0,0,0,0,0,0,0,0,0,0,0,0,-1.5155968813527516,0.9743124842439652,0.02235010364622835,0.1468274853100915,0.1468274853100915
21,1,0,0,1,0,1,1,0,0,0,0,0,0,1,1,0,0,1,1,0.721325887355735,0.7822470612896891,0.006546583090128551,0.06419686154369075,0.06419686154369075
19,0,1,0,0,0,1,0,1,0,0,1,1,0,0,1,0,0,1,0,-0.17444036252084338,0.7929113200145855,0.0070048485392757275,0.06782398836650938,0.06782398836650938
69,1,0,0,1,1,1,1,0,0,1,1,0,1,1,1,0,0,1,1,1.301330379390848,0.6468608243449303,0.002583528294433392,0.028476690845760766,0.028476690845760766
1,1,1,1,0,0,0,0,1,0,0,0,0,0,0,0,0,0,1,1,-1.3194922106933153,0.9743124842439652,0.02235010364622835,0.1468274853100915,0.1468274853100915
72,0,0,0,1,0,1,1,0,1,1,1,1,1,0,1,0,1,0,1,1.301330379390848,0.6419575496164033,0.002490279067928491,0.027529416300707155,0.027529416300707155
70,0,1,0,1,1,1,0,1,1,0,1,0,1,0,1,0,1,0,0,0.13799758734334366,0.6452021175658147,0.002551672337160255,0.02815370280249474,0.02815370280249474
66,0,0,0,0,0,1,1,0,1,1,1,1,0,1,1,0,0,0,1,1.2730780115839797,0.6519909407703324,0.0026840999053434323,0.029492182160968494,0.029492182160968494
7,0,0,0,1,1,0,0,1,0,0,0,0,0,0,0,0,0,1,1,-1.3327874426024295,0.8848383086630132,0.012329368360988486,0.10389128471090825,0.10389128471090825
46,0,0,1,1,1,1,1,0,1,1,0,1,1,1,1,0,0,1,1,1.5090683779707594,0.6938140321924815,0.003628947567853564,0.038730988089776375,0.038730988089776375
39,1,1,0,0,0,0,0,1,1,1,0,1,1,0,0,0,0,0,1,-0.5267640081123731,0.7128864964214463,0.00414205349534239,0.043530572366621945,0.043530572366621945
32,0,0,0,1,1,1,0,1,0,1,1,0,0,0,1,0,0,0,0,-0.07804993117976428,0.7355303895625583,0.00482771692436557,0.04972004336955682,0.04972004336955682
24,0,1,0,0,0,1,1,0,0,1,1,0,0,1,0,0,0,1,1,0.8227020306627317,0.7677256072562019,0.005964174846469762,0.05945002834593771,0.05945002834593771
6,1,1,0,1,1,1,1,0,0,1,0,0,0,1,0,0,0,0,1,0.6232735520260166,0.8962011910421149,0.01321361285882388,0.10892151775419001,0.10892151775419001
37,0,0,0,0,0,1,0,1,1,1,1,1,1,0,1,0,0,0,1,0.46871648108256286,0.7189405920832638,0.0043169072108659315,0.0451328504105416,0.0451328504105416
8,0,1,0,0,1,1,0,0,0,0,0,0,0,0,0,0,0,0,0,-1.477373089614048,0.8743368175545859,0.01156705087089483,0.09935054964947354,0.09935054964947354
72,0,0,0,1,1,1,0,1,1,0,1,0,1,0,1,0,1,0,1,0.22109278677530825,0.6419575496164033,0.002490279067928491,0.027529416300707155,0.027529416300707155
71,0,1,1,1,0,0,0,1,1,1,1,1,0,0,0,0,1,0,0,-0.6131830155216162,0.6435679119154606,0.0025205988088756303,0.02783802704790539,0.02783802704790539
16,0,0,0,1,0,1,1,0,0,1,0,0,1,1,0,0,0,0,1,0.9922162375039397,0.8107173068575363,0.007832475449686212,0.07414442618478301,0.07414442618478301
57,0,0,0,1,0,0,0,1,1,0,1,1,0,1,0,0,0,0,1,-0.49518783232822666,0.6689574203086703,0.003039606595789443,0.03303139376725084,0.03303139376725084
66,0,1,0,0,0,1,0,0,0,0,0,0,0,0,1,1,0,0,0,-1.3078588827728401,0.6519909407703324,0.0026840999053434323,0.029492182160968494,0.029492182160968494
17,1,0,1,0,0,1,1,0,0,1,1,0,1,0,0,0,0,1,1,0.8094067987536177,0.8045134998853144,0.007534869537132169,0.07190499047148602,0.07190499047148602
21,0,0,0,0,1,1,0,0,0,0,0,0,0,0,0,0,0,0,0,-1.4640778577049338,0.7822470612896891,0.006546583090128551,0.06419686154369075,0.06419686154369075
66,0,1,0,1,0,1,0,1,1,1,1,0,0,0,1,0,1,0,1,0.043269059990903753,0.6519909407703324,0.0026840999053434323,0.029492182160968494,0.029492182160968494
17,0,0,0,1,0,1,0,1,0,1,0,0,1,1,1,0,0,0,1,0.3523832018778124,0.8045134998853144,0.007534869537132169,0.07190499047148602,0.07190499047148602
1,1,1,0,0,1,1,1,0,0,0,0,0,0,0,0,0,0,0,1,0.18785470700252244,0.9743124842439652,0.02235010364622835,0.1468274853100915,0.1468274853100915
58,1,1,0,1,0,1,0,1,1,1,1,0,0,0,0,1,0,0,0,-0.149511802691254,0.6669419291751147,0.0029954745981990286,0.0325962586220786,0.0325962586220786
8,0,0,0,1,1,1,0,0,0,0,0,0,0,0,0,0,0,0,0,-1.454106433773098,0.8743368175545859,0.01156705087089483,0.09935054964947354,0.09935054964947354
27,0,1,0,0,0,1,0,1,1,0,1,1,1,0,0,1,0,0,0,0.15129281925245772,0.7546760980475697,0.005479040808994945,0.05537422178102336,0.05537422178102336
34,0,1,0,1,0,1,1,0,0,1,0,0,0,1,1,0,0,0,0,0.7994353748217815,0.7286243341114813,0.004609291590527576,0.04777537654084685,0.04777537654084685
30,0,1,0,0,0,1,1,0,0,1,0,0,1,1,0,1,0,0,1,1.0703257249699862,0.7428424163487329,0.0050683354621543905,0.051833777579476825,0.051833777579476825
33,0,1,0,0,0,1,0,1,0,1,1,0,1,0,0,0,0,0,1,0.05324048392273988,0.732029255003116,0.004715929386838689,0.04872789424351476,0.04872789424351476
1,1,1,0,0,1,0,0,1,0,0,0,0,0,0,0,0,0,1,0,-1.3311255386137903,0.9743124842439652,0.02235010364622835,0.1468274853100915,0.1468274853100915
14,0,1,0,1,1,1,0,1,1,1,0,0,0,1,1,0,0,0,0,0.14630710728654012,0.8240576612486123,0.008508086494505379,0.07909398048302463,0.07909398048302463
16,0,0,0,0,1,1,1,0,0,0,0,1,0,0,1,1,0,0,1,0.48865932894623415,0.8107173068575363,0.007832475449686212,0.07414442618478301,0.07414442618478301
49,0,0,0,0,0,1,1,0,0,0,1,1,1,1,0,0,1,0,0,1.1916447161406547,0.6864927538867036,0.0034464244917631367,0.03698759780359384,0.03698759780359384
19,1,1,0,1,1,1,1,0,0,0,1,1,1,1,1,0,0,1,0,1.279725627538537,0.7929113200145855,0.0070048485392757275,0.06782398836650938,0.06782398836650938
70,0,0,0,1,1,1,0,1,1,1,1,1,1,0,1,0,1,0,0,0.4953069449007914,0.6452021175658147,0.002551672337160255,0.02815370280249474,0.02815370280249474
32,0,0,0,1,1,1,0,1,1,1,0,1,0,0,0,0,0,0,0,-0.11294991494118954,0.7355303895625583,0.00482771692436557,0.04972004336955682,0.04972004336955682
18,0,0,0,0,0,1,1,0,0,0,0,0,0,0,0,0,0,1,1,0.16624995515021143,0.798585597100695,0.007259843514731271,0.06980238681281059,0.06980238681281059
37,0,1,0,0,0,0,0,1,1,1,0,1,0,0,0,0,1,0,1,-0.8059638782037742,0.7189405920832638,0.0043169072108659315,0.0451328504105416,0.0451328504105416
4,0,0,0,0,0,1,1,0,0,0,0,0,0,0,1,0,0,1,1,0.36069272182100887,0.9221895280070969,0.015517187361763772,0.12087777811840728,0.12087777811840728
16,0,0,0,1,0,1,1,0,1,1,1,0,0,0,1,0,0,1,0,0.8609258224014357,0.8107173068575363,0.007832475449686212,0.07414442618478301,0.07414442618478301
17,0,1,0,1,0,1,1,0,0,1,0,0,0,0,1,0,0,0,1,0.52189740871902,0.8045134998853144,0.007534869537132169,0.07190499047148602,0.07190499047148602
19,0,0,0,0,1,1,0,1,1,1,1,0,0,0,0,0,0,1,1,-0.1395403787594181,0.7929113200145855,0.0070048485392757275,0.06782398836650938,0.06782398836650938
60,0,1,0,1,0,1,1,0,0,0,1,0,1,1,1,0,1,0,0,1.2082637560270477,0.6630148153227823,0.0029109829180785306,0.031759872056746574,0.031759872056746574
51,0,1,0,1,1,1,0,0,0,0,0,0,0,0,1,0,1,0,1,-1.3244779226592331,0.681854139199785,0.003334724055742794,0.03591111081215892,0.03591111081215892
28,0,1,0,1,1,1,0,0,0,0,0,0,0,0,0,0,1,0,1,-1.4790349936026874,0.7506071373425116,0.0053347764644180165,0.05414016114784159,0.05414016114784159
43,0,1,0,0,0,1,0,1,0,1,0,0,0,1,0,0,1,1,1,-0.15948322662308967,0.7016186635948665,0.003832182002392298,0.04064972482294138,0.04064972482294138
42,0,1,0,1,0,1,0,0,0,0,0,0,0,0,0,0,1,1,0,-1.4806968975913266,0.7043380877631116,0.0039051573709433167,0.0413329850998293,0.0413329850998293
3,1,1,0,0,0,1,1,0,0,0,0,0,1,0,0,0,0,1,1,0.45542124917344834,0.9373188893787414,0.017092860770546496,0.12812771737333695,0.12812771737333695
1,0,0,0,0,0,1,0,1,0,0,0,0,0,0,0,0,0,0,0,-0.6663639431580737,0.9743124842439652,0.02235010364622835,0.1468274853100915,0.1468274853100915
3,1,0,0,0,0,1,0,0,0,0,0,0,0,0,0,0,0,0,0,-1.493992129500441,0.9373188893787414,0.017092860770546496,0.12812771737333695,0.12812771737333695
63,0,0,0,0,0,1,1,0,1,1,1,0,1,0,1,0,1,0,0,1.103563804742772,0.6573679996492523,0.0027928980105273514,0.030583600220822293,0.030583600220822293
3,1,1,1,0,0,1,1,0,0,0,0,0,1,0,0,0,0,1,1,0.5019545608553487,0.9373188893787414,0.017092860770546496,0.12812771737333695,0.12812771737333695
68,0,1,0,1,0,1,1,0,1,1,0,1,1,1,1,0,0,1,1,1.4259731785387948,0.6485447168747005,0.0026161967996319807,0.028807250213664037,0.028807250213664037
30,1,0,1,0,0,1,1,0,0,1,0,0,1,1,1,0,0,1,1,1.160068540356508,0.7428424163487329,0.0050683354621543905,0.051833777579476825,0.051833777579476825
60,0,0,0,0,0,1,1,0,0,1,1,0,1,1,1,0,1,1,0,1.3262589392204374,0.6630148153227823,0.0029109829180785306,0.031759872056746574,0.031759872056746574
15,1,1,0,0,0,1,0,1,0,1,0,1,0,0,1,0,0,0,1,-0.20601653830498978,0.817222359631732,0.00815567933565363,0.07653518145581295,0.07653518145581295
45,0,1,1,0,0,1,1,0,0,0,0,0,1,1,1,0,0,0,1,0.9672876776743504,0.6963590108821652,0.0036942216775406023,0.039349803973645514,0.039349803973645514
70,0,0,0,1,0,1,0,1,1,1,1,1,1,1,0,0,1,0,0,0.7196639833670958,0.6452021175658147,0.002551672337160255,0.02815370280249474,0.02815370280249474
10,1,1,0,1,0,1,1,0,0,0,1,0,1,1,1,0,0,1,1,1.120182844629165,0.8554585264638187,0.010313003097985489,0.09145336847937524,0.09145336847937524
4,0,1,0,0,0,1,0,0,0,0,0,0,0,0,0,0,0,0,0,-1.5089492653981946,0.9221895280070969,0.015517187361763772,0.12087777811840728,0.12087777811840728
1,1,0,0,0,0,1,0,1,0,0,1,0,0,0,0,0,0,0,1,-0.4769068884531943,0.9743124842439652,0.02235010364622835,0.1468274853100915,0.1468274853100915
68,0,0,0,1,0,1,0,0,0,0,0,0,0,0,1,0,1,0,1,-1.3244779226592331,0.6485447168747005,0.0026161967996319807,0.028807250213664037,0.028807250213664037
22,0,1,0,1,1,1,1,0,1,0,0,0,0,0,0,0,0,0,0,0.3390879699686979,0.7772239626242997,0.006339847981342745,0.0625297608539006,0.0625297608539006
38,1,1,0,1,1,1,1,0,0,1,1,0,1,0,1,0,0,1,1,0.9922162375039397,0.7158758576100376,0.0042276442662364,0.04431696426317133,0.04431696426317133
1,1,0,0,0,0,1,1,0,0,1,0,0,1,1,1,0,0,0,1,1.1783494842315403,0.9743124842439652,0.02235010364622835,0.1468274853100915,0.1468274853100915
18,0,1,0,1,0,1,1,0,0,0,1,1,0,0,0,0,0,1,0,0.44544982524161264,0.798585597100695,0.007259843514731271,0.06980238681281059,0.06980238681281059
29,0,1,0,0,0,1,1,0,0,0,0,1,1,1,0,0,0,1,1,0.977259101606186,0.746664964341879,0.005198070769814978,0.05296124339833497,0.05296124339833497
16,1,0,0,0,0,1,1,0,0,0,1,0,0,1,1,0,0,1,1,0.7861401429126675,0.8107173068575363,0.007832475449686212,0.07414442618478301,0.07414442618478301
1,1,1,0,0,0,1,1,0,0,0,0,0,0,0,0,0,0,1,1,0.16791185913885065,0.9743124842439652,0.02235010364622835,0.1468274853100915,0.1468274853100915
12,1,1,0,0,0,1,1,0,1,0,1,0,0,0,0,0,0,0,0,0.561783104446363,0.8388580793219884,0.009318867014819062,0.08479678961103854,0.08479678961103854
31,0,1,0,0,0,0,0,1,0,0,1,0,1,1,0,1,0,1,1,-0.4902021203623088,0.7391329118702427,0.004945042598351195,0.05075440110013929,0.05075440110013929
4,1,1,0,0,0,1,1,0,0,0,0,0,0,1,0,0,0,1,1,0.5019545608553487,0.9221895280070969,0.015517187361763772,0.12087777811840728,0.12087777811840728
48,0,0,0,1,0,1,0,1,0,0,1,1,0,1,1,1,0,0,1,0.15794043520701498,0.6888828979881829,0.003505164885370563,0.03755076913789834,0.03755076913789834
15,1,0,0,0,0,1,0,0,0,0,0,0,0,0,1,0,0,0,1,-1.3095207867614798,0.817222359631732,0.00815567933565363,0.07653518145581295,0.07653518145581295
50,0,1,0,0,0,1,1,0,1,1,1,1,0,0,0,1,0,0,1,0.8409829745377638,0.6841504128114664,0.003389643293482253,0.03644129666249096,0.03644129666249096
7,0,1,0,0,0,1,0,1,0,0,0,0,0,0,0,0,0,0,1,-0.6696877511353523,0.8848383086630132,0.012329368360988486,0.10389128471090825,0.10389128471090825
41,1,1,1,1,0,1,1,0,1,0,1,0,0,0,1,0,0,0,1,0.629921167980574,0.7071206594283597,0.003981008341391358,0.042040010297382246,0.042040010297382246
68,0,1,0,1,1,1,1,0,1,0,1,0,0,0,0,0,1,0,0,0.5169116967531019,0.6485447168747005,0.0026161967996319807,0.028807250213664037,0.028807250213664037
26,0,0,1,1,0,1,1,0,0,0,1,0,1,1,1,0,0,0,1,1.1068876127200504,0.7588796606729277,0.005631521405658712,0.05666748667997901,0.05666748667997901
57,0,1,0,0,0,0,0,1,0,0,1,1,1,1,0,0,1,0,0,-0.38051645711211546,0.6689574203086703,0.003039606595789443,0.03303139376725084,0.03303139376725084
3,0,0,0,0,0,1,0,0,0,0,0,0,0,0,0,0,0,1,0,-1.5039635534322768,0.9373188893787414,0.017092860770546496,0.12812771737333695,0.12812771737333695
1,1,0,0,0,0,1,0,0,0,0,0,0,0,0,0,0,0,0,0,-1.459092145739016,0.9743124842439652,0.02235010364622835,0.1468274853100915,0.1468274853100915
19,0,1,0,1,1,1,0,1,1,0,0,0,0,0,0,1,0,0,1,-0.5267640081123731,0.7929113200145855,0.0070048485392757275,0.06782398836650938,0.06782398836650938
3,0,0,0,0,0,1,0,1,0,0,0,0,1,0,0,0,0,1,1,-0.35226408930524744,0.9373188893787414,0.017092860770546496,0.12812771737333695,0.12812771737333695
59,0,0,0,0,0,1,0,0,0,0,0,0,0,0,1,0,1,1,0,-1.3410969625456262,0.6649614286359096,0.0029526183444970946,0.03217256791019485,0.03217256791019485
1,1,0,0,1,0,1,1,0,0,0,0,0,0,0,0,0,0,0,1,0.15295472324109738,0.9743124842439652,0.02235010364622835,0.1468274853100915,0.1468274853100915
42,0,1,0,1,0,0,0,1,1,0,0,0,1,0,0,0,0,0,1,-0.8192591101128885,0.7043380877631116,0.0039051573709433167,0.0413329850998293,0.0413329850998293
7,1,0,0,0,0,1,1,0,0,0,0,0,0,0,1,0,0,1,1,0.3357641619914195,0.8848383086630132,0.012329368360988486,0.10389128471090825,0.10389128471090825
67,0,1,0,1,0,1,0,0,0,0,0,0,0,0,1,0,1,0,0,-1.3028731708069223,0.6502545080837984,0.0026497095459112013,0.029145652408135048,0.029145652408135048
1,0,1,0,0,0,1,1,0,0,0,0,0,0,0,0,0,0,1,1,0.18453089902524356,0.9743124842439652,0.02235010364622835,0.1468274853100915,0.1468274853100915
66,0,1,0,1,0,1,0,1,1,1,1,1,1,1,1,0,1,0,0,0.8941639021742215,0.6519909407703324,0.0026840999053434323,0.029492182160968494,0.029492182160968494
61,0,0,0,0,0,1,1,0,0,0,1,0,0,1,1,0,0,0,0,0.8110687027422568,0.6611010360108607,0.002870516527482457,0.031357744906887475,0.031357744906887475
4,0,1,0,1,1,1,0,0,0,0,0,0,0,0,1,1,0,0,0,-1.3527302904661012,0.9221895280070969,0.015517187361763772,0.12087777811840728,0.12087777811840728
42,1,0,1,1,0,1,1,0,1,0,0,0,0,0,0,0,0,0,1,0.3108356021618301,0.7043380877631116,0.0039051573709433167,0.0413329850998293,0.0413329850998293
64,0,0,0,1,1,1,0,1,0,1,0,0,0,0,1,1,0,0,1,-0.3638974172257225,0.6555468612609421,0.002755656035094927,0.030210834407233156,0.030210834407233156
54,0,0,1,1,0,1,1,0,1,1,1,1,1,1,1,1,0,0,1,1.6885540087438027,0.6752256920763566,0.003180258311786613,0.03441034838970081,0.03441034838970081
1,0,1,0,0,0,1,0,0,0,0,0,0,0,0,0,0,0,0,1,-1.4973159374777196,0.9743124842439652,0.02235010364622835,0.1468274853100915,0.1468274853100915
54,0,1,0,1,1,1,0,0,0,0,0,0,0,0,1,0,1,0,1,-1.3543921944547406,0.6752256920763566,0.003180258311786613,0.03441034838970081,0.03441034838970081
18,0,0,0,0,1,1,0,0,0,0,0,0,0,0,1,0,1,0,0,-1.3128445947387584,0.798585597100695,0.007259843514731271,0.06980238681281059,0.06980238681281059
3,0,1,0,0,0,1,1,0,0,1,0,0,0,1,0,0,0,1,0,0.6482021118556061,0.9373188893787414,0.017092860770546496,0.12812771737333695,0.12812771737333695
1,1,0,0,0,0,1,1,0,0,0,0,0,0,0,0,0,0,1,1,0.1762213790820471,0.9743124842439652,0.02235010364622835,0.1468274853100915,0.1468274853100915
72,0,0,0,1,1,1,0,1,1,1,1,1,1,1,1,0,1,0,0,0.8293496466172889,0.6419575496164033,0.002490279067928491,0.027529416300707155,0.027529416300707155
60,0,1,1,1,0,1,1,0,0,1,1,0,1,1,0,1,0,1,1,1.1019019007541329,0.6630148153227823,0.0029109829180785306,0.031759872056746574,0.031759872056746574
11,0,0,0,1,1,1,0,0,0,0,0,0,0,0,0,1,0,0,1,-1.4890064175345232,0.8469074549655476,0.009789108115316166,0.08799046091721618,0.08799046091721618
12,1,0,0,0,1,1,1,0,1,0,0,0,0,0,1,0,0,1,1,0.4487736332188911,0.8388580793219884,0.009318867014819062,0.08479678961103854,0.08479678961103854
61,0,1,0,1,1,1,1,0,0,1,1,1,1,1,0,1,0,0,0,1.2996684754022088,0.6611010360108607,0.002870516527482457,0.031357744906887475,0.031357744906887475
39,0,0,0,0,0,1,0,0,0,0,0,0,0,0,0,0,1,0,0,-1.465739761693573,0.7128864964214463,0.00414205349534239,0.043530572366621945,0.043530572366621945
55,1,1,0,0,0,1,1,0,0,0,0,0,1,1,1,0,0,1,1,1.063678109015429,0.6730980579890953,0.0031319345818057722,0.033937922764987416,0.033937922764987416
17,1,0,0,0,0,1,1,0,1,1,0,0,1,0,1,0,0,1,1,0.9839067175607433,0.8045134998853144,0.007534869537132169,0.07190499047148602,0.07190499047148602
37,0,1,0,0,0,1,0,0,0,0,0,0,0,0,0,1,0,0,0,-1.4840207055686052,0.7189405920832638,0.0043169072108659315,0.0451328504105416,0.0451328504105416
72,0,0,0,1,0,1,0,0,0,0,0,0,0,0,1,0,1,0,1,-1.2895779388978081,0.6419575496164033,0.002490279067928491,0.027529416300707155,0.027529416300707155
72,0,1,1,1,0,1,0,1,0,1,1,1,1,0,1,0,1,0,0,0.4171974574347444,0.6419575496164033,0.002490279067928491,0.027529416300707155,0.027529416300707155
8,0,0,0,0,0,1,0,1,1,0,0,1,0,1,0,0,0,0,0,0.041607156002264556,0.8743368175545859,0.01156705087089483,0.09935054964947354,0.09935054964947354
22,0,0,0,1,1,1,0,0,0,0,0,0,0,0,0,0,0,0,0,-1.4923302255118018,0.7772239626242997,0.006339847981342745,0.0625297608539006,0.0625297608539006
1,1,0,0,0,0,1,1,0,0,1,0,0,1,0,0,0,0,1,0,0.6482021118556061,0.9743124842439652,0.02235010364622835,0.1468274853100915,0.1468274853100915
38,0,0,0,0,0,1,0,1,0,1,0,1,0,1,1,0,0,0,0,0.11140712352511509,0.7158758576100376,0.0042276442662364,0.04431696426317133,0.04431696426317133
17,0,1,0,0,1,1,0,1,0,1,1,1,1,1,0,1,0,1,0,0.5335307366394948,0.8045134998853144,0.007534869537132169,0.07190499047148602,0.07190499047148602
70,0,0,1,0,0,1,0,1,0,1,1,1,1,0,1,0,1,0,1,0.3557070098550908,0.6452021175658147,0.002551672337160255,0.02815370280249474,0.02815370280249474
72,1,0,1,1,1,1,0,1,1,1,1,1,1,1,1,0,1,0,0,0.9190924620038108,0.6419575496164033,0.002490279067928491,0.027529416300707155,0.027529416300707155
28,0,0,0,0,0,1,1,0,0,0,0,0,0,1,0,0,0,1,1,0.5252212166962984,0.7506071373425116,0.0053347764644180165,0.05414016114784159,0.05414016114784159
15,0,0,0,0,0,1,1,0,0,1,0,0,1,0,0,0,0,0,1,0.6116402241055419,0.817222359631732,0.00815567933565363,0.07653518145581295,0.07653518145581295
72,0,1,0,1,1,1,0,1,1,1,1,1,1,1,1,0,1,0,1,0.75622587111716,0.6419575496164033,0.002490279067928491,0.027529416300707155,0.027529416300707155
11,1,0,1,1,0,1,1,0,0,0,1,0,1,1,1,0,0,1,1,1.15508282839059,0.8469074549655476,0.009789108115316166,0.08799046091721618,0.08799046091721618
8,1,1,1,0,0,1,1,0,0,0,1,0,0,0,1,0,0,1,1,0.5468259685486093,0.8743368175545859,0.01156705087089483,0.09935054964947354,0.09935054964947354
57,0,0,0,1,0,1,1,0,0,1,1,1,1,1,1,1,0,0,1,1.4824779141525308,0.6689574203086703,0.003039606595789443,0.03303139376725084,0.03303139376725084
1,1,1,0,1,1,1,0,0,0,0,0,0,0,0,0,0,0,0,0,-1.4906683215231624,0.9743124842439652,0.02235010364622835,0.1468274853100915,0.1468274853100915
46,0,0,0,1,0,0,0,1,1,1,0,0,1,0,0,0,0,1,0,-0.6397734793398451,0.6938140321924815,0.003628947567853564,0.038730988089776375,0.038730988089776375
30,0,1,0,1,0,1,0,0,0,0,0,0,0,0,0,1,0,0,0,-1.465739761693573,0.7428424163487329,0.0050683354621543905,0.051833777579476825,0.051833777579476825
10,0,1,1,1,0,1,1,0,1,0,0,0,0,0,0,0,0,1,0,0.34905939390053353,0.8554585264638187,0.010313003097985489,0.09145336847937524,0.09145336847937524
23,1,1,0,1,0,1,1,0,1,1,1,0,1,0,1,0,0,1,1,1.1451114044587545,0.7723876776489026,0.006146116983133188,0.060949762364490456,0.060949762364490456
32,0,1,0,0,0,1,1,0,1,1,1,0,0,1,0,0,0,0,1,0.9506686377879575,0.7355303895625583,0.00482771692436557,0.04972004336955682,0.04972004336955682
13,0,1,0,0,0,1,1,0,1,0,0,0,0,0,0,0,0,0,1,0.29754037025271557,0.8312566322761956,0.008894046614766308,0.0818402613059327,0.0818402613059327
39,1,0,0,0,0,1,1,0,0,0,1,1,0,0,0,0,1,1,1,0.5202355047303808,0.7128864964214463,0.00414205349534239,0.043530572366621945,0.043530572366621945
44,0,0,0,0,0,1,1,0,0,1,1,0,1,0,0,0,0,0,1,0.7761687189808318,0.6989597866938809,0.0037619201221218337,0.03998903582240876,0.03998903582240876
9,0,1,1,0,0,1,0,1,0,0,0,1,0,0,0,0,0,0,0,-0.5184544881691766,0.8645756330248363,0.010901071741709328,0.09522425637547682,0.09522425637547682
67,0,0,0,1,0,1,0,0,0,0,0,0,0,0,0,0,1,0,0,-1.5006397454549982,0.6502545080837984,0.0026497095459112013,0.029145652408135048,0.029145652408135048
9,1,1,0,1,1,1,1,0,0,0,1,0,0,0,1,0,0,0,1,0.4836736169803161,0.8645756330248363,0.010901071741709328,0.09522425637547682,0.09522425637547682
15,1,0,0,0,0,1,1,0,0,1,0,0,0,0,1,0,0,1,1,0.4969688488894306,0.817222359631732,0.00815567933565363,0.07653518145581295,0.07653518145581295
71,0,0,0,1,0,1,1,0,0,1,1,0,1,1,1,0,1,0,1,1.341216075118191,0.6435679119154606,0.0025205988088756303,0.02783802704790539,0.02783802704790539
1,0,1,0,0,0,1,0,1,0,0,0,1,0,0,0,0,0,0,0,-0.5251021041237338,0.9743124842439652,0.02235010364622835,0.1468274853100915,0.1468274853100915
30,1,0,0,1,1,1,1,0,0,0,1,0,1,1,1,0,0,1,1,1.171701868276983,0.7428424163487329,0.0050683354621543905,0.051833777579476825,0.051833777579476825
1,1,1,0,0,0,1,1,0,0,0,0,0,0,0,0,0,0,1,1,0.15129281925245772,0.9743124842439652,0.02235010364622835,0.1468274853100915,0.1468274853100915
17,0,1,0,1,0,0,0,1,0,1,0,0,1,1,0,0,0,0,1,-0.49851164030550527,0.8045134998853144,0.007534869537132169,0.07190499047148602,0.07190499047148602
3,1,0,0,0,0,1,1,0,0,0,0,1,0,1,0,0,0,1,0,0.6980592315147849,0.9373188893787414,0.017092860770546496,0.12812771737333695,0.12812771737333695
67,1,1,0,1,1,1,0,1,1,0,1,0,1,1,1,0,1,1,1,0.4953069449007914,0.6502545080837984,0.0026497095459112013,0.029145652408135048,0.029145652408135048
1,0,1,0,0,0,1,0,0,0,0,0,0,0,0,0,0,0,0,0,-1.4574302417503764,0.9743124842439652,0.02235010364622835,0.1468274853100915,0.1468274853100915
1,1,0,1,0,0,1,0,1,0,0,0,0,0,0,1,0,0,0,0,-0.4735830804759159,0.9743124842439652,0.02235010364622835,0.1468274853100915,0.1468274853100915
32,0,0,1,1,0,1,1,0,0,0,1,0,0,0,1,0,0,0,0,0.4820117129916769,0.7355303895625583,0.00482771692436557,0.04972004336955682,0.04972004336955682
41,0,1,0,1,1,1,0,0,0,0,0,0,0,0,0,1,0,0,0,-1.505625457420916,0.7071206594283597,0.003981008341391358,0.042040010297382246,0.042040010297382246
1,1,1,0,1,0,1,1,0,0,0,0,0,1,0,0,0,0,1,1,0.5235593127076592,0.9743124842439652,0.02235010364622835,0.1468274853100915,0.1468274853100915
1,0,0,0,0,0,1,0,1,0,0,0,0,0,0,0,0,0,0,0,-0.6863067910217452,0.9743124842439652,0.02235010364622835,0.1468274853100915,0.1468274853100915
12,1,0,0,1,1,1,1,0,0,1,1,0,0,0,1,0,0,1,1,0.6548497278101634,0.8388580793219884,0.009318867014819062,0.08479678961103854,0.08479678961103854
62,0,1,0,1,1,1,1,0,1,1,0,0,1,1,1,0,0,1,1,1.352849403038666,0.6592190846564381,0.0028311702861325673,0.03096578220998969,0.03096578220998969
22,1,0,0,0,0,1,1,0,0,1,0,0,0,1,0,0,0,0,1,0.6482021118556061,0.7772239626242997,0.006339847981342745,0.0625297608539006,0.0625297608539006
17,0,0,0,0,1,1,1,0,0,1,1,1,0,0,1,0,0,0,1,0.9274019819470073,0.8045134998853144,0.007534869537132169,0.07190499047148602,0.07190499047148602
72,0,0,0,1,1,1,0,0,0,0,0,0,0,0,1,0,1,0,1,-1.2812684189546117,0.6419575496164033,0.002490279067928491,0.027529416300707155,0.027529416300707155
56,0,1,0,1,1,1,1,0,0,1,0,1,1,0,1,0,0,0,1,1.068663820981347,0.6710090587453561,0.003085072619735503,0.03347844798497823,0.03347844798497823
9,0,0,0,0,0,1,0,0,0,0,0,0,0,0,0,0,0,0,1,-1.4740492816367694,0.8645756330248363,0.010901071741709328,0.09522425637547682,0.09522425637547682
72,0,1,0,1,0,1,1,0,1,1,1,1,1,1,1,0,1,0,1,1.6952016246983599,0.6419575496164033,0.002490279067928491,0.027529416300707155,0.027529416300707155
20,0,1,0,0,0,1,1,0,1,1,1,1,1,1,0,0,0,0,1,1.4425922184251878,0.7874709741517664,0.006767715032425889,0.0659587290124013,0.0659587290124013
19,0,1,0,1,1,1,0,0,0,0,0,0,0,0,0,0,1,0,0,-1.4823588015799658,0.7929113200145855,0.0070048485392757275,0.06782398836650938,0.06782398836650938
2,1,1,0,0,0,1,1,0,0,0,0,0,0,0,0,0,0,1,1,0.09811189161600058,0.9544211124058478,0.01918286543259826,0.13658902706858933,0.13658902706858933
53,0,1,0,0,0,0,0,1,0,0,1,1,1,1,0,1,0,0,0,-0.3289974334642975,0.6773932996244997,0.003230113874366814,0.03489628604896822,0.03489628604896822
27,1,0,1,0,0,1,1,0,0,0,0,0,0,1,1,0,0,1,1,0.6797782876397527,0.7546760980475697,0.005479040808994945,0.05537422178102336,0.05537422178102336
6,0,1,0,0,0,1,0,0,0,0,0,0,0,0,0,0,0,0,0,-1.4840207055686052,0.8962011910421149,0.01321361285882388,0.10892151775419001,0.10892151775419001
9,0,1,0,1,1,1,1,0,0,0,1,0,1,0,1,1,0,1,1,0.8492924944809603,0.8645756330248363,0.010901071741709328,0.09522425637547682,0.09522425637547682
8,0,0,0,1,1,1,0,1,0,1,0,0,0,0,1,0,0,1,0,-0.3007450656574295,0.8743368175545859,0.01156705087089483,0.09935054964947354,0.09935054964947354
71,0,0,0,1,1,1,1,0,1,1,1,1,1,1,1,0,1,0,0,1.6553159289710169,0.6435679119154606,0.0025205988088756303,0.02783802704790539,0.02783802704790539
10,1,0,0,0,0,1,1,0,0,1,0,0,0,0,1,0,0,0,1,0.5069402728212663,0.8554585264638187,0.010313003097985489,0.09145336847937524,0.09145336847937524
1,1,1,0,0,0,1,0,0,0,0,0,0,0,0,0,0,0,0,0,-1.4890064175345232,0.9743124842439652,0.02235010364622835,0.1468274853100915,0.1468274853100915
71,0,0,0,1,0,0,0,1,1,1,1,1,1,1,0,1,0,0,0,0.06653571583185393,0.6435679119154606,0.0025205988088756303,0.02783802704790539,0.02783802704790539
68,0,1,0,1,0,1,1,0,0,1,0,1,1,1,0,1,0,1,1,1.1800113882201795,0.6485447168747005,0.0026161967996319807,0.028807250213664037,0.028807250213664037
34,0,1,0,0,0,1,1,0,0,1,0,1,1,1,1,0,0,1,1,1.347863691072748,0.7286243341114813,0.004609291590527576,0.04777537654084685,0.04777537654084685
26,0,1,0,0,0,1,1,0,0,1,1,1,0,0,0,1,0,1,1,0.6781163836511135,0.7588796606729277,0.005631521405658712,0.05666748667997901,0.05666748667997901
22,1,0,0,0,0,1,0,1,1,0,0,0,0,0,0,0,0,0,1,-0.5317497200782911,0.7772239626242997,0.006339847981342745,0.0625297608539006,0.0625297608539006
7,0,1,0,0,0,1,0,0,0,0,0,0,0,0,0,0,0,0,1,-1.5239064012959482,0.8848383086630132,0.012329368360988486,0.10389128471090825,0.10389128471090825
20,0,0,0,1,0,1,1,0,0,0,0,0,0,0,0,0,0,0,1,0.16624995515021143,0.7874709741517664,0.006767715032425889,0.0659587290124013,0.0659587290124013
60,0,0,0,1,0,1,1,0,0,1,1,0,1,1,1,0,0,1,1,1.374454154890977,0.6630148153227823,0.0029109829180785306,0.031759872056746574,0.031759872056746574
72,0,1,0,1,1,1,0,0,0,0,0,0,0,0,0,0,1,1,0,-1.470725473659491,0.6419575496164033,0.002490279067928491,0.027529416300707155,0.027529416300707155
72,0,0,1,1,0,1,1,0,0,1,1,0,1,1,1,1,0,0,1,1.3611589229818624,0.6419575496164033,0.002490279067928491,0.027529416300707155,0.027529416300707155
4,0,1,0,0,0,1,0,0,0,0,0,0,0,0,1,0,0,0,0,-1.3145064987273976,0.9221895280070969,0.015517187361763772,0.12087777811840728,0.12087777811840728
16,0,1,0,1,1,1,0,0,0,0,0,0,0,0,0,0,0,1,0,-1.4973159374777196,0.8107173068575363,0.007832475449686212,0.07414442618478301,0.07414442618478301
62,0,0,1,1,0,1,1,0,1,0,1,0,1,1,1,1,0,1,1,1.331244651186355,0.6592190846564381,0.0028311702861325673,0.03096578220998969,0.03096578220998969
10,0,0,0,0,0,1,0,1,0,0,0,1,0,1,0,0,0,0,1,-0.12790705083894302,0.8554585264638187,0.010313003097985489,0.09145336847937524,0.09145336847937524
31,0,1,0,0,0,1,1,0,0,1,0,0,0,0,1,0,0,1,1,0.5435021605713309,0.7391329118702427,0.004945042598351195,0.05075440110013929,0.05075440110013929
71,0,0,0,1,0,1,0,0,0,0,0,0,0,0,0,0,1,0,0,-1.5189206893300304,0.6435679119154606,0.0025205988088756303,0.02783802704790539,0.02783802704790539
58,0,1,0,0,0,1,0,0,0,0,0,0,0,0,0,0,1,0,0,-1.4624159537162946,0.6669419291751147,0.0029954745981990286,0.0325962586220786,0.0325962586220786
70,0,1,0,1,1,1,0,1,1,1,1,1,1,1,1,0,1,0,1,0.8426448785264035,0.6452021175658147,0.002551672337160255,0.02815370280249474,0.02815370280249474
71,0,0,0,1,0,1,0,1,1,1,1,1,1,1,1,0,1,1,0,0.8409829745377638,0.6435679119154606,0.0025205988088756303,0.02783802704790539,0.02783802704790539
69,0,1,1,0,0,1,0,1,1,0,1,1,0,1,1,0,1,0,0,0.30917369817319046,0.6468608243449303,0.002583528294433392,0.028476690845760766,0.028476690845760766
1,1,0,1,0,0,1,1,0,0,0,0,0,0,1,1,0,0,1,1,0.6731306716851955,0.9743124842439652,0.02235010364622835,0.1468274853100915,0.1468274853100915
72,0,0,0,1,1,1,1,0,1,1,1,1,1,1,1,0,1,0,1,1.7932539600280784,0.6419575496164033,0.002490279067928491,0.027529416300707155,0.027529416300707155
26,0,0,0,1,0,1,1,0,0,0,0,1,0,1,0,0,0,0,0,0.7013830394920637,0.7588796606729277,0.005631521405658712,0.05666748667997901,0.05666748667997901
33,0,0,0,1,0,1,1,0,0,0,1,1,0,1,1,0,0,0,1,1.0038495654244146,0.732029255003116,0.004715929386838689,0.04872789424351476,0.04872789424351476
10,0,0,0,1,1,1,0,0,0,0,0,0,0,0,0,0,1,0,0,-1.4840207055686052,0.8554585264638187,0.010313003097985489,0.09145336847937524,0.09145336847937524
57,0,0,1,0,0,1,1,0,1,0,1,1,0,1,1,0,1,0,0,1.2132494679929653,0.6689574203086703,0.003039606595789443,0.03303139376725084,0.03303139376725084
10,0,0,0,0,0,1,0,0,0,0,0,0,0,0,0,0,0,1,1,-1.44912072180718,0.8554585264638187,0.010313003097985489,0.09145336847937524,0.09145336847937524
39,0,0,0,1,1,1,0,0,0,0,0,0,0,0,1,1,0,0,1,-1.3494064824888226,0.7128864964214463,0.00414205349534239,0.043530572366621945,0.043530572366621945
11,0,0,0,0,0,1,0,0,0,0,0,0,0,0,0,0,0,0,0,-1.4790349936026874,0.8469074549655476,0.009789108115316166,0.08799046091721618,0.08799046091721618
21,1,0,0,1,1,1,1,0,0,1,1,1,1,1,0,0,0,1,1,1.2631065876521441,0.7822470612896891,0.006546583090128551,0.06419686154369075,0.06419686154369075
68,0,0,0,1,1,1,0,1,0,1,1,1,1,1,1,0,1,0,0,0.6814401916283919,0.6485447168747005,0.0026161967996319807,0.028807250213664037,0.028807250213664037
18,0,1,0,0,0,1,1,0,0,0,1,0,1,0,1,1,0,0,1,0.8243639346513709,0.798585597100695,0.007259843514731271,0.06980238681281059,0.06980238681281059
6,1,0,0,0,0,1,1,0,0,0,1,1,1,1,0,0,0,0,1,1.1683780602997047,0.8962011910421149,0.01321361285882388,0.10892151775419001,0.10892151775419001
18,0,1,0,0,0,1,0,1,1,0,0,0,0,0,1,0,0,0,0,-0.28412602577103657,0.798585597100695,0.007259843514731271,0.06980238681281059,0.06980238681281059
52,0,0,0,1,1,1,0,1,0,0,1,0,0,0,0,1,0,0,1,-0.4602878485668014,0.6796022882225629,0.00328157591746785,0.03539633014558485,0.03539633014558485
56,0,1,0,1,1,1,1,0,1,1,1,1,1,1,1,0,1,0,0,1.696863528686999,0.6710090587453561,0.003085072619735503,0.03347844798497823,0.03347844798497823
45,0,1,0,0,0,1,1,0,0,0,1,1,1,1,1,0,0,0,1,1.2913589554590124,0.6963590108821652,0.0036942216775406023,0.039349803973645514,0.039349803973645514
67,0,0,0,0,0,1,0,0,0,0,0,0,0,0,1,0,1,0,1,-1.2862541309205295,0.6502545080837984,0.0026497095459112013,0.029145652408135048,0.029145652408135048
3,0,1,0,1,0,0,0,1,1,0,0,1,0,0,0,0,0,0,0,-0.9871114129654569,0.9373188893787414,0.017092860770546496,0.12812771737333695,0.12812771737333695
65,0,1,1,0,0,1,1,0,0,1,1,0,1,1,0,0,0,0,1,1.1401256924928365,0.6537547892731487,0.002719403042122667,0.02984713825493901,0.02984713825493901
63,0,1,0,1,0,1,0,1,0,1,0,1,0,1,1,0,1,0,0,0.08149285172960766,0.6573679996492523,0.0027928980105273514,0.030583600220822293,0.030583600220822293
11,0,0,0,1,1,1,0,0,0,0,0,0,0,0,1,0,1,0,0,-1.322816018670594,0.8469074549655476,0.009789108115316166,0.08799046091721618,0.08799046091721618
1,0,1,0,0,1,1,0,1,0,0,0,1,0,1,0,0,0,0,1,-0.17444036252084338,0.9743124842439652,0.02235010364622835,0.1468274853100915,0.1468274853100915
55,0,1,0,0,0,1,0,1,0,0,1,0,1,1,1,0,1,0,1,0.4321545933324981,0.6730980579890953,0.0031319345818057722,0.033937922764987416,0.033937922764987416
25,0,1,0,1,1,1,0,1,0,0,0,1,0,0,1,1,0,0,1,-0.32234981750974023,0.7632263722784222,0.005792955912006608,0.05802443652851541,0.05802443652851541
72,1,1,0,1,0,1,1,0,1,1,1,1,1,1,1,1,0,0,1,1.7616777842439315,0.6419575496164033,0.002490279067928491,0.027529416300707155,0.027529416300707155
72,0,0,0,1,0,1,0,0,0,0,0,0,0,0,1,0,1,0,1,-1.351068386477462,0.6419575496164033,0.002490279067928491,0.027529416300707155,0.027529416300707155
65,0,0,0,0,1,0,0,1,0,1,0,1,1,0,0,0,1,0,0,-0.6497449032716808,0.6537547892731487,0.002719403042122667,0.02984713825493901,0.02984713825493901
54,1,0,1,0,0,1,1,0,0,1,0,0,0,0,1,0,0,1,1,0.48865932894623415,0.6752256920763566,0.003180258311786613,0.03441034838970081,0.03441034838970081
7,0,1,0,1,1,1,0,0,0,0,0,0,0,0,0,0,0,0,0,-1.4806968975913266,0.8848383086630132,0.012329368360988486,0.10389128471090825,0.10389128471090825
72,0,0,0,1,0,1,0,1,1,1,0,1,0,0,1,0,1,0,0,-0.00160234770235694,0.6419575496164033,0.002490279067928491,0.027529416300707155,0.027529416300707155
21,0,1,0,1,0,1,0,1,0,0,0,0,1,0,0,0,0,0,0,-0.33896885739613314,0.7822470612896891,0.006546583090128551,0.06419686154369075,0.06419686154369075
2,0,0,0,0,0,1,0,0,0,0,0,0,0,0,0,0,0,0,1,-1.465739761693573,0.9544211124058478,0.01918286543259826,0.13658902706858933,0.13658902706858933
4,0,1,1,0,0,1,1,0,0,0,1,0,1,1,0,0,0,1,1,0.9955400454812182,0.9221895280070969,0.015517187361763772,0.12087777811840728,0.12087777811840728
3,1,1,0,1,0,1,1,0,0,0,0,1,0,0,1,0,0,0,1,0.4936450409121522,0.9373188893787414,0.017092860770546496,0.12812771737333695,0.12812771737333695
72,0,1,0,1,0,1,1,0,1,1,1,1,1,1,1,0,1,0,0,1.6952016246983599,0.6419575496164033,0.002490279067928491,0.027529416300707155,0.027529416300707155
6,0,0,0,0,0,1,0,1,1,0,0,0,0,0,0,0,0,1,1,-0.5101449682259801,0.8962011910421149,0.01321361285882388,0.10892151775419001,0.10892151775419001
52,0,1,0,0,0,1,1,0,0,0,1,0,0,1,0,0,0,0,1,0.6315830719692132,0.6796022882225629,0.00328157591746785,0.03539633014558485,0.03539633014558485
69,0,1,1,1,0,1,1,0,0,1,1,0,0,1,1,0,0,0,1,1.0154828933448894,0.6468608243449303,0.002583528294433392,0.028476690845760766,0.028476690845760766
8,1,1,0,0,0,1,1,0,0,0,1,0,1,1,0,0,0,1,1,0.9938781414925789,0.8743368175545859,0.01156705087089483,0.09935054964947354,0.09935054964947354
8,0,0,1,0,0,1,1,0,0,0,1,0,0,0,0,0,0,0,1,0.30751179418455127,0.8743368175545859,0.01156705087089483,0.09935054964947354,0.09935054964947354
63,0,0,1,0,0,1,1,0,0,0,1,0,0,1,1,0,0,0,1,0.8243639346513709,0.6573679996492523,0.0027928980105273514,0.030583600220822293,0.030583600220822293
60,0,1,0,0,0,1,1,0,1,1,1,1,1,1,1,1,0,0,1,1.7217920885165885,0.6630148153227823,0.0029109829180785306,0.031759872056746574,0.031759872056746574
12,0,0,0,1,0,1,0,1,1,0,0,1,0,0,0,0,0,0,0,-0.35226408930524744,0.8388580793219884,0.009318867014819062,0.08479678961103854,0.08479678961103854
13,0,0,0,0,0,1,0,0,0,0,0,0,0,0,0,0,0,0,1,-1.5122730733754732,0.8312566322761956,0.008894046614766308,0.0818402613059327,0.0818402613059327
22,0,1,0,0,0,1,0,1,1,1,1,0,0,0,1,0,0,0,0,0.008369076229478717,0.7772239626242997,0.006339847981342745,0.0625297608539006,0.0625297608539006
5,1,1,0,0,0,1,1,0,0,0,1,0,1,0,1,0,0,1,1,0.92075436599245,0.9085818526659613,0.014256987321705751,0.11453932573635439,0.11453932573635439
1,1,0,0,1,1,1,0,0,0,0,0,0,0,0,0,0,0,0,0,-1.5072873614095552,0.9743124842439652,0.02235010364622835,0.1468274853100915,0.1468274853100915
72,0,0,0,1,1,1,0,0,0,0,0,0,0,0,1,0,1,0,1,-1.3543921944547406,0.6419575496164033,0.002490279067928491,0.027529416300707155,0.027529416300707155
2,0,0,0,0,0,1,0,0,0,0,0,0,0,0,0,0,0,0,0,-1.5305540172505054,0.9544211124058478,0.01918286543259826,0.13658902706858933,0.13658902706858933
40,0,0,0,1,1,1,0,0,0,0,0,0,0,0,0,0,1,0,0,-1.4840207055686052,0.7099691459680679,0.004059910336396862,0.04277208089669704,0.04277208089669704
44,0,1,0,1,1,1,0,0,0,0,0,0,0,0,0,1,0,0,0,-1.4890064175345232,0.6989597866938809,0.0037619201221218337,0.03998903582240876,0.03998903582240876
71,0,1,1,1,0,1,0,1,1,1,0,1,1,0,0,1,0,0,1,0.20613565087755453,0.6435679119154606,0.0025205988088756303,0.02783802704790539,0.02783802704790539
2,1,0,0,0,0,1,1,0,0,0,0,0,0,0,1,0,0,1,1,0.35736891384373,0.9544211124058478,0.01918286543259826,0.13658902706858933,0.13658902706858933
26,0,1,1,0,0,1,1,0,0,0,0,0,1,1,1,0,0,1,1,0.9573162537425143,0.7588796606729277,0.005631521405658712,0.05666748667997901,0.05666748667997901
1,1,1,0,1,1,1,1,0,0,0,0,0,0,0,0,0,0,1,1,0.1728975711047687,0.9743124842439652,0.02235010364622835,0.1468274853100915,0.1468274853100915
1,0,0,0,0,0,0,0,1,0,0,0,0,0,0,0,0,0,0,0,-1.3427588665342656,0.9743124842439652,0.02235010364622835,0.1468274853100915,0.1468274853100915
65,1,1,0,1,1,1,0,1,1,0,0,1,1,1,0,0,1,0,1,0.3324403540141406,0.6537547892731487,0.002719403042122667,0.02984713825493901,0.02984713825493901
3,0,1,0,0,0,1,0,1,0,0,0,1,1,0,1,0,0,0,1,0.015016692184035979,0.9373188893787414,0.017092860770546496,0.12812771737333695,0.12812771737333695
13,0,1,0,0,0,1,0,1,0,0,0,1,0,0,0,0,0,0,1,-0.4735830804759159,0.8312566322761956,0.008894046614766308,0.0818402613059327,0.0818402613059327
33,1,0,0,1,0,1,1,0,0,1,1,0,1,1,1,0,0,1,1,1.3162875152886018,0.732029255003116,0.004715929386838689,0.04872789424351476,0.04872789424351476
1,0,0,0,0,0,1,1,0,0,0,0,0,0,0,0,0,0,0,1,0.1961642269457189,0.9743124842439652,0.02235010364622835,0.1468274853100915,0.1468274853100915
4,0,1,0,1,1,1,0,1,0,0,0,0,0,0,0,0,0,0,0,-0.6497449032716808,0.9221895280070969,0.015517187361763772,0.12087777811840728,0.12087777811840728
2,0,1,0,0,0,1,1,0,0,0,0,0,0,0,0,0,0,1,1,0.18286899503660436,0.9544211124058478,0.01918286543259826,0.13658902706858933,0.13658902706858933
72,0,1,0,1,0,1,1,0,1,1,0,1,1,1,1,0,1,0,1,1.4675207782547772,0.6419575496164033,0.002490279067928491,0.027529416300707155,0.027529416300707155
37,0,0,0,1,1,1,0,0,0,0,0,0,0,0,1,0,0,0,0,-1.2746208030000543,0.7189405920832638,0.0043169072108659315,0.0451328504105416,0.0451328504105416
15,1,0,0,0,0,1,1,0,1,0,0,0,1,0,0,0,0,1,0,0.7113544634238993,0.817222359631732,0.00815567933565363,0.07653518145581295,0.07653518145581295
23,0,0,0,0,0,1,0,0,0,0,0,0,0,0,0,1,0,0,1,-1.5006397454549982,0.7723876776489026,0.006146116983133188,0.060949762364490456,0.060949762364490456
30,1,0,0,1,1,0,0,1,0,0,0,1,1,1,0,0,0,0,0,-0.45197832862360493,0.7428424163487329,0.0050683354621543905,0.051833777579476825,0.051833777579476825
42,0,0,0,1,1,1,0,0,0,0,0,0,0,0,0,1,0,1,1,-1.5205825933186699,0.7043380877631116,0.0039051573709433167,0.0413329850998293,0.0413329850998293
32,0,0,0,0,0,1,0,1,1,0,0,0,1,1,1,1,0,0,0,0.33077845002550144,0.7355303895625583,0.00482771692436557,0.04972004336955682,0.04972004336955682
22,0,0,0,1,1,1,1,0,0,0,0,0,0,0,1,0,0,0,1,0.36567843378692644,0.7772239626242997,0.006339847981342745,0.0625297608539006,0.0625297608539006
42,0,1,0,1,0,0,0,1,0,0,0,0,0,0,0,0,0,0,1,-1.3194922106933153,0.7043380877631116,0.0039051573709433167,0.0413329850998293,0.0413329850998293
8,0,0,0,0,0,1,0,1,0,0,0,0,0,0,0,0,0,0,0,-0.6763353670899094,0.8743368175545859,0.01156705087089483,0.09935054964947354,0.09935054964947354
65,0,0,0,1,1,1,1,0,1,0,1,0,1,1,1,0,1,0,1,1.3129637073113227,0.6537547892731487,0.002719403042122667,0.02984713825493901,0.02984713825493901
2,1,0,0,0,0,1,0,0,0,0,0,0,0,0,0,0,0,0,0,-1.505625457420916,0.9544211124058478,0.01918286543259826,0.13658902706858933,0.13658902706858933
70,0,0,0,1,1,1,0,1,1,1,1,1,1,1,1,0,1,0,1,0.8044210867876996,0.6452021175658147,0.002551672337160255,0.02815370280249474,0.02815370280249474
22,0,1,0,0,1,1,0,0,0,0,0,0,0,0,0,0,0,0,0,-1.4840207055686052,0.7772239626242997,0.006339847981342745,0.0625297608539006,0.0625297608539006
4,1,0,1,0,0,1,1,0,0,0,0,0,0,0,1,0,0,1,1,0.3357641619914195,0.9221895280070969,0.015517187361763772,0.12087777811840728,0.12087777811840728
2,1,0,0,0,0,1,1,0,0,0,0,0,0,0,1,0,0,0,0,0.3357641619914195,0.9544211124058478,0.01918286543259826,0.13658902706858933,0.13658902706858933
67,0,0,0,1,1,0,0,1,1,1,0,0,0,0,0,0,1,0,0,-0.9522114292040319,0.6502545080837984,0.0026497095459112013,0.029145652408135048,0.029145652408135048
25,0,0,0,0,0,1,0,0,0,0,0,0,0,0,0,0,0,0,1,-1.5155968813527516,0.7632263722784222,0.005792955912006608,0.05802443652851541,0.05802443652851541
20,0,0,0,1,0,1,0,0,0,0,0,0,0,0,0,0,0,0,0,-1.5139349773641124,0.7874709741517664,0.006767715032425889,0.0659587290124013,0.0659587290124013
2,0,0,0,0,1,1,0,1,1,0,0,0,0,1,0,0,0,0,1,-0.11959753089574657,0.9544211124058478,0.01918286543259826,0.13658902706858933,0.13658902706858933
51,0,1,0,0,0,1,0,0,0,0,0,0,0,0,0,0,1,0,0,-1.4740492816367694,0.681854139199785,0.003334724055742794,0.03591111081215892,0.03591111081215892
46,0,0,0,1,1,0,0,1,1,1,0,0,0,0,0,0,0,0,0,-0.9887733169540964,0.6938140321924815,0.003628947567853564,0.038730988089776375,0.038730988089776375
25,1,0,0,0,0,1,1,0,0,1,0,0,1,1,1,0,0,1,1,1.1783494842315403,0.7632263722784222,0.005792955912006608,0.05802443652851541,0.05802443652851541
13,0,1,0,0,1,1,0,1,0,0,0,0,0,0,0,0,0,0,0,-0.6912925029876631,0.8312566322761956,0.008894046614766308,0.0818402613059327,0.0818402613059327
25,1,0,1,0,0,1,1,0,1,1,0,0,1,1,1,0,0,0,1,1.2631065876521441,0.7632263722784222,0.005792955912006608,0.05802443652851541,0.05802443652851541
26,0,1,0,1,1,1,0,1,0,0,1,0,0,0,0,1,0,0,0,-0.48023069643047295,0.7588796606729277,0.005631521405658712,0.05666748667997901,0.05666748667997901
43,1,1,0,0,0,1,1,0,0,0,0,1,1,1,1,1,0,1,1,1.170039964288344,0.7016186635948665,0.003832182002392298,0.04064972482294138,0.04064972482294138
19,0,1,0,0,1,1,0,0,0,0,0,0,0,0,0,0,0,1,1,-1.4890064175345232,0.7929113200145855,0.0070048485392757275,0.06782398836650938,0.06782398836650938
10,1,1,0,1,0,1,1,0,0,1,0,1,1,1,0,0,0,1,1,1.1650542523224257,0.8554585264638187,0.010313003097985489,0.09145336847937524,0.09145336847937524
2,1,0,0,0,1,1,1,0,0,0,0,0,1,1,1,0,0,0,1,0.977259101606186,0.9544211124058478,0.01918286543259826,0.13658902706858933,0.13658902706858933
72,0,0,0,1,0,1,0,1,1,1,0,1,1,1,1,0,1,0,1,0.7180020793784566,0.6419575496164033,0.002490279067928491,0.027529416300707155,0.027529416300707155
18,0,1,1,0,0,1,0,1,1,1,0,0,0,0,1,0,0,0,1,-0.21266415425954704,0.798585597100695,0.007259843514731271,0.06980238681281059,0.06980238681281059
9,1,1,1,0,0,1,1,0,0,0,0,0,0,1,1,0,0,1,1,0.6332449759578523,0.8645756330248363,0.010901071741709328,0.09522425637547682,0.09522425637547682
27,1,0,1,0,0,1,1,0,0,0,1,0,0,1,1,0,0,0,0,0.7811544309467494,0.7546760980475697,0.005479040808994945,0.05537422178102336,0.05537422178102336
24,0,1,0,0,0,1,1,0,0,0,0,0,1,1,1,0,0,1,1,0.9739352936289072,0.7677256072562019,0.005964174846469762,0.05945002834593771,0.05945002834593771
69,1,1,0,0,0,1,1,0,0,1,1,1,1,1,0,1,0,0,1,1.3046541873681263,0.6468608243449303,0.002583528294433392,0.028476690845760766,0.028476690845760766
46,0,0,0,1,0,1,1,0,0,1,1,1,1,1,1,0,1,0,1,1.465858874266138,0.6938140321924815,0.003628947567853564,0.038730988089776375,0.038730988089776375
72,0,0,1,0,0,1,1,0,1,1,1,1,0,1,1,0,1,0,1,1.4160017546069592,0.6419575496164033,0.002490279067928491,0.027529416300707155,0.027529416300707155
22,1,1,0,1,0,1,1,0,0,0,1,0,1,1,0,0,0,0,1,0.9938781414925789,0.7772239626242997,0.006339847981342745,0.0625297608539006,0.0625297608539006
70,0,0,1,1,0,1,1,0,1,0,0,0,0,1,1,0,0,1,1,0.8659115343673532,0.6452021175658147,0.002551672337160255,0.02815370280249474,0.02815370280249474
2,0,0,0,0,0,1,0,0,0,0,0,0,0,0,0,0,0,1,0,-1.4923302255118018,0.9544211124058478,0.01918286543259826,0.13658902706858933,0.13658902706858933
31,0,1,0,1,0,1,0,1,0,0,1,1,0,1,0,0,0,0,1,0.05324048392273988,0.7391329118702427,0.004945042598351195,0.05075440110013929,0.05075440110013929
56,1,0,1,1,0,1,1,0,0,0,1,0,1,1,1,0,0,0,1,1.1916447161406547,0.6710090587453561,0.003085072619735503,0.03347844798497823,0.03347844798497823
16,0,0,0,1,1,1,1,0,1,0,1,0,1,1,0,0,0,0,0,1.193306620129294,0.8107173068575363,0.007832475449686212,0.07414442618478301,0.07414442618478301
52,0,1,0,0,1,1,0,0,0,0,0,0,0,0,1,0,1,0,0,-1.3028731708069223,0.6796022882225629,0.00328157591746785,0.03539633014558485,0.03539633014558485
13,0,1,0,1,1,1,0,0,0,0,0,0,0,0,0,0,0,0,1,-1.493992129500441,0.8312566322761956,0.008894046614766308,0.0818402613059327,0.0818402613059327
35,0,0,0,0,0,1,0,0,0,0,0,0,0,0,0,1,0,0,0,-1.4640778577049338,0.7253108322429414,0.004507451042951911,0.04686012202126277,0.04686012202126277
59,0,0,0,0,0,1,1,0,0,0,1,0,1,1,0,0,1,1,0,1.0304400292426432,0.6649614286359096,0.0029526183444970946,0.03217256791019485,0.03217256791019485
72,0,1,0,1,0,1,1,0,0,0,1,0,1,1,0,0,0,1,1,0.9922162375039397,0.6419575496164033,0.002490279067928491,0.027529416300707155,0.027529416300707155
66,1,0,1,1,0,1,0,1,0,1,1,0,1,1,1,0,1,0,1,0.5235593127076592,0.6519909407703324,0.0026840999053434323,0.029492182160968494,0.029492182160968494
49,0,0,0,1,0,1,1,0,1,1,1,1,0,1,1,0,1,0,0,1.3910731947773698,0.6864927538867036,0.0034464244917631367,0.03698759780359384,0.03698759780359384
2,0,0,0,0,0,1,0,1,0,0,0,0,0,0,0,0,0,0,1,-0.6298020554080092,0.9544211124058478,0.01918286543259826,0.13658902706858933,0.13658902706858933
21,0,1,1,0,0,1,1,0,0,1,1,0,1,1,1,0,0,1,1,1.314625611299962,0.7822470612896891,0.006546583090128551,0.06419686154369075,0.06419686154369075
54,0,1,1,0,0,0,0,1,0,1,1,0,1,1,0,1,0,1,1,-0.3107164895892651,0.6752256920763566,0.003180258311786613,0.03441034838970081,0.03441034838970081
24,1,1,1,1,0,1,1,0,1,0,0,0,0,0,1,0,0,1,1,0.4670545770939232,0.7677256072562019,0.005964174846469762,0.05945002834593771,0.05945002834593771
1,0,1,0,0,0,1,0,1,1,1,0,0,0,0,1,0,0,1,0,-0.121259434884386,0.9743124842439652,0.02235010364622835,0.1468274853100915,0.1468274853100915
6,0,1,0,0,0,1,1,0,1,1,0,0,0,0,0,0,0,1,1,0.47037838507120205,0.8962011910421149,0.01321361285882388,0.10892151775419001,0.10892151775419001
1,1,0,0,0,0,1,0,1,0,0,0,0,0,0,0,0,0,0,1,-0.6763353670899094,0.9743124842439652,0.02235010364622835,0.1468274853100915,0.1468274853100915
49,0,1,0,0,1,1,1,0,1,1,1,0,1,1,1,1,0,0,1,1.4758302981979736,0.6864927538867036,0.0034464244917631367,0.03698759780359384,0.03698759780359384
56,0,0,0,1,1,1,0,1,1,1,1,0,0,0,0,0,1,0,1,-0.11627372291846817,0.6710090587453561,0.003085072619735503,0.03347844798497823,0.03347844798497823
56,0,0,1,0,0,1,1,0,1,1,0,0,0,1,1,0,0,1,1,1.0653400130040682,0.6710090587453561,0.003085072619735503,0.03347844798497823,0.03347844798497823
6,0,0,0,1,1,0,0,1,0,1,1,1,0,0,0,0,1,0,0,-0.8059638782037742,0.8962011910421149,0.01321361285882388,0.10892151775419001,0.10892151775419001
32,0,1,0,0,0,1,0,0,0,0,0,0,0,0,0,1,0,0,0,-1.4956540334890804,0.7355303895625583,0.00482771692436557,0.04972004336955682,0.04972004336955682
50,0,1,0,1,1,1,1,0,1,1,1,0,1,1,1,1,0,1,1,1.444254122413827,0.6841504128114664,0.003389643293482253,0.03644129666249096,0.03644129666249096
58,0,1,0,1,1,1,1,0,0,0,1,1,1,1,1,1,0,0,1,1.3378922671409121,0.6669419291751147,0.0029954745981990286,0.0325962586220786,0.0325962586220786
65,0,0,0,1,1,1,0,1,1,1,1,1,1,1,1,0,1,0,1,0.8526163024582392,0.6537547892731487,0.002719403042122667,0.02984713825493901,0.02984713825493901
64,0,0,0,0,0,1,0,1,1,1,1,1,1,1,1,0,1,0,1,0.7180020793784566,0.6555468612609421,0.002755656035094927,0.030210834407233156,0.030210834407233156
66,0,0,0,1,0,1,0,1,1,1,1,0,0,0,1,0,1,0,0,0.0698595238091328,0.6519909407703324,0.0026840999053434323,0.029492182160968494,0.029492182160968494
38,0,1,0,1,0,1,1,0,1,0,1,1,1,1,1,1,0,1,1,1.5256874178571525,0.7158758576100376,0.0042276442662364,0.04431696426317133,0.04431696426317133
20,0,0,0,1,0,1,0,0,0,0,0,0,0,0,0,1,0,0,1,-1.4890064175345232,0.7874709741517664,0.006767715032425889,0.0659587290124013,0.0659587290124013
36,1,1,0,0,0,1,1,0,0,0,0,0,0,1,1,0,0,1,1,0.6681449597192779,0.7220842981429184,0.004410087057617903,0.045979950318991825,0.045979950318991825
64,0,1,1,0,0,1,1,0,0,0,1,1,1,1,1,1,0,1,0,1.239839931811194,0.6555468612609421,0.002755656035094927,0.030210834407233156,0.030210834407233156
1,1,1,0,0,0,1,0,0,0,0,0,0,0,0,0,0,0,0,0,-1.4806968975913266,0.9743124842439652,0.02235010364622835,0.1468274853100915,0.1468274853100915
60,0,0,0,0,0,1,0,1,0,1,1,1,1,0,0,1,0,0,1,0.17788328307068677,0.6630148153227823,0.0029109829180785306,0.031759872056746574,0.031759872056746574
1,1,1,0,0,0,1,1,0,0,1,0,0,0,0,0,0,0,1,1,0.3174832181163869,0.9743124842439652,0.02235010364622835,0.1468274853100915,0.1468274853100915
50,0,0,0,1,1,1,0,1,1,1,1,1,0,1,1,1,0,0,1,0.5069402728212663,0.6841504128114664,0.003389643293482253,0.03644129666249096,0.03644129666249096
1,1,1,0,0,0,1,0,1,0,0,1,1,0,0,1,0,0,0,0,-0.0913451630888788,0.9743124842439652,0.02235010364622835,0.1468274853100915,0.1468274853100915
72,0,0,0,1,0,0,0,1,1,1,1,0,0,1,0,0,1,1,1,-0.5184544881691766,0.6419575496164033,0.002490279067928491,0.027529416300707155,0.027529416300707155
60,0,1,0,1,0,1,0,0,0,0,0,0,0,0,0,0,1,0,1,-1.4723873776481302,0.6630148153227823,0.0029109829180785306,0.031759872056746574,0.031759872056746574
46,0,1,0,0,0,0,0,1,1,0,1,1,0,0,0,0,1,0,0,-0.8824114616811816,0.6938140321924815,0.003628947567853564,0.038730988089776375,0.038730988089776375
69,0,0,0,1,1,0,0,1,0,1,1,0,1,1,0,0,1,0,1,-0.327335529475658,0.6468608243449303,0.002583528294433392,0.028476690845760766,0.028476690845760766
31,0,1,1,0,0,1,1,0,0,0,1,1,1,0,1,0,0,0,1,1.0570304930608718,0.7391329118702427,0.004945042598351195,0.05075440110013929,0.05075440110013929
19,0,1,0,1,1,1,0,0,0,0,0,0,0,0,0,1,0,0,0,-1.4923302255118018,0.7929113200145855,0.0070048485392757275,0.06782398836650938,0.06782398836650938
71,0,0,0,1,1,1,0,0,0,0,0,0,0,0,0,0,1,0,0,-1.4923302255118018,0.6435679119154606,0.0025205988088756303,0.02783802704790539,0.02783802704790539
12,0,1,0,1,0,1,1,0,1,1,1,0,0,0,0,0,0,1,1,0.6581735357874418,0.8388580793219884,0.009318867014819062,0.08479678961103854,0.08479678961103854
39,1,1,0,1,1,1,0,1,1,0,1,1,1,1,0,1,0,0,0,0.5052783688326271,0.7128864964214463,0.00414205349534239,0.043530572366621945,0.043530572366621945
44,0,1,0,0,0,1,0,1,0,1,1,1,1,1,1,1,0,0,1,0.6797782876397527,0.6989597866938809,0.0037619201221218337,0.03998903582240876,0.03998903582240876
56,0,0,0,1,1,1,0,1,1,1,1,1,1,0,1,0,1,0,0,0.5468259685486093,0.6710090587453561,0.003085072619735503,0.03347844798497823,0.03347844798497823
72,0,0,0,1,0,1,1,0,1,1,1,1,1,1,1,0,1,0,1,1.6852302007665243,0.6419575496164033,0.002490279067928491,0.027529416300707155,0.027529416300707155
5,1,1,0,0,0,1,1,0,0,1,1,0,1,1,1,0,0,0,0,1.3063160913567655,0.9085818526659613,0.014256987321705751,0.11453932573635439,0.11453932573635439
11,0,0,0,0,0,1,1,0,1,0,0,0,0,0,1,0,0,0,1,0.47204028905984124,0.8469074549655476,0.009789108115316166,0.08799046091721618,0.08799046091721618
24,1,1,1,1,0,0,0,1,1,0,0,0,0,1,0,0,0,0,0,-0.8541590938743137,0.7677256072562019,0.005964174846469762,0.05945002834593771,0.05945002834593771
15,0,0,1,1,0,1,1,0,0,1,0,0,1,1,0,0,0,1,1,0.9922162375039397,0.817222359631732,0.00815567933565363,0.07653518145581295,0.07653518145581295
72,0,1,0,0,0,1,0,0,0,0,0,0,0,0,0,0,1,0,1,-1.4624159537162946,0.6419575496164033,0.002490279067928491,0.027529416300707155,0.027529416300707155
56,0,1,0,1,0,1,0,1,0,1,1,0,0,0,1,0,1,0,0,-0.17610226650948257,0.6710090587453561,0.003085072619735503,0.03347844798497823,0.03347844798497823
64,0,1,1,0,0,1,0,0,0,0,0,0,0,0,0,0,1,0,1,-1.487344513545884,0.6555468612609421,0.002755656035094927,0.030210834407233156,0.030210834407233156
34,0,0,0,1,0,1,1,0,0,0,1,0,1,1,1,0,0,1,1,1.1849971001860975,0.7286243341114813,0.004609291590527576,0.04777537654084685,0.04777537654084685
2,1,1,0,0,0,1,1,0,0,0,0,0,0,0,1,0,0,1,1,0.38894508962787666,0.9544211124058478,0.01918286543259826,0.13658902706858933,0.13658902706858933
35,0,1,0,0,0,1,0,0,0,0,0,0,0,0,0,1,0,0,0,-1.4690635696708516,0.7253108322429414,0.004507451042951911,0.04686012202126277,0.04686012202126277
22,0,1,0,0,0,1,0,0,0,0,0,0,0,0,0,1,0,0,0,-1.4790349936026874,0.7772239626242997,0.006339847981342745,0.0625297608539006,0.0625297608539006
5,1,1,0,0,0,1,0,1,0,0,0,1,0,0,0,0,0,1,1,-0.5184544881691766,0.9085818526659613,0.014256987321705751,0.11453932573635439,0.11453932573635439
9,0,1,0,0,0,0,0,1,1,1,1,0,0,0,0,1,0,0,0,-0.8392019579765602,0.8645756330248363,0.010901071741709328,0.09522425637547682,0.09522425637547682
11,1,1,0,0,0,1,0,0,0,0,0,0,0,0,1,0,0,0,0,-1.3843064662502478,0.8469074549655476,0.009789108115316166,0.08799046091721618,0.08799046091721618
23,0,1,0,0,0,1,0,0,0,0,0,0,0,0,0,1,0,0,0,-1.4740492816367694,0.7723876776489026,0.006146116983133188,0.060949762364490456,0.060949762364490456
4,1,0,0,1,1,1,1,0,0,0,0,0,0,1,0,0,0,1,0,0.5335307366394948,0.9221895280070969,0.015517187361763772,0.12087777811840728,0.12087777811840728
68,0,1,0,1,0,1,0,0,0,0,0,0,0,0,1,0,1,0,0,-1.3145064987273976,0.6485447168747005,0.0026161967996319807,0.028807250213664037,0.028807250213664037
33,0,1,0,1,0,1,1,0,0,0,0,0,1,1,0,0,0,1,0,0.8792067662764678,0.732029255003116,0.004715929386838689,0.04872789424351476,0.04872789424351476
31,0,1,0,0,0,1,0,1,1,1,1,1,1,0,0,0,0,0,1,0.2543308665480941,0.7391329118702427,0.004945042598351195,0.05075440110013929,0.05075440110013929
1,1,1,0,0,0,1,0,1,0,1,0,1,0,0,1,0,0,0,0,-0.15615941864581104,0.9743124842439652,0.02235010364622835,0.1468274853100915,0.1468274853100915
56,0,0,0,0,0,1,0,0,0,0,0,0,0,0,0,0,1,0,0,-1.4989778414663588,0.6710090587453561,0.003085072619735503,0.03347844798497823,0.03347844798497823
1,1,1,0,0,0,1,1,0,0,0,0,0,1,0,0,0,0,1,1,0.47037838507120205,0.9743124842439652,0.02235010364622835,0.1468274853100915,0.1468274853100915
66,0,1,0,1,1,1,0,1,1,1,1,1,1,0,0,1,0,1,1,0.34241177794597627,0.6519909407703324,0.0026840999053434323,0.029492182160968494,0.029492182160968494
72,0,1,0,1,1,1,0,0,0,0,0,0,0,0,1,0,1,0,0,-1.322816018670594,0.6419575496164033,0.002490279067928491,0.027529416300707155,0.027529416300707155
34,0,1,1,0,0,1,1,0,0,0,0,0,0,0,0,0,0,0,0,0.14464520329790093,0.7286243341114813,0.004609291590527576,0.04777537654084685,0.04777537654084685
58,0,0,0,1,1,1,1,0,0,1,1,0,1,0,0,0,0,1,1,0.8891781902083034,0.6669419291751147,0.0029954745981990286,0.0325962586220786,0.0325962586220786
2,1,1,0,0,0,1,0,1,0,0,0,0,0,0,0,0,0,1,1,-0.6530687112489594,0.9544211124058478,0.01918286543259826,0.13658902706858933,0.13658902706858933
37,0,1,0,0,0,0,0,1,0,0,0,0,1,0,0,0,1,0,0,-0.963844757124507,0.7189405920832638,0.0043169072108659315,0.0451328504105416,0.0451328504105416
71,0,0,0,0,0,1,1,0,1,1,1,1,1,1,1,0,1,0,1,1.6071207133004777,0.6435679119154606,0.0025205988088756303,0.02783802704790539,0.02783802704790539
1,0,1,0,1,1,1,0,0,0,0,0,0,0,0,0,1,0,0,0,-1.493992129500441,0.9743124842439652,0.02235010364622835,0.1468274853100915,0.1468274853100915
71,0,1,1,1,1,1,0,0,0,0,0,0,0,0,0,0,1,0,0,-1.4956540334890804,0.6435679119154606,0.0025205988088756303,0.02783802704790539,0.02783802704790539
35,0,1,0,1,1,1,0,0,0,0,0,0,0,0,0,1,0,1,0,-1.4923302255118018,0.7253108322429414,0.004507451042951911,0.04686012202126277,0.04686012202126277
6,0,0,0,1,1,1,0,0,0,0,0,0,0,0,0,1,0,0,0,-1.4989778414663588,0.8962011910421149,0.01321361285882388,0.10892151775419001,0.10892151775419001
3,1,0,0,0,0,1,1,0,0,0,0,0,1,0,0,0,0,1,1,0.48533552096895577,0.9373188893787414,0.017092860770546496,0.12812771737333695,0.12812771737333695
69,0,0,0,1,1,1,0,1,0,1,1,1,0,0,0,1,0,0,0,-0.18939749841859688,0.6468608243449303,0.002583528294433392,0.028476690845760766,0.028476690845760766
44,1,1,0,0,0,0,0,1,0,1,1,0,1,1,0,1,0,0,1,-0.3605736092484439,0.6989597866938809,0.0037619201221218337,0.03998903582240876,0.03998903582240876
53,0,0,0,1,0,1,1,0,0,0,0,1,0,1,1,1,0,1,1,0.8758829582991894,0.6773932996244997,0.003230113874366814,0.03489628604896822,0.03489628604896822
24,1,0,0,1,0,1,1,0,0,1,1,0,1,1,0,0,0,0,1,1.1467733084473937,0.7677256072562019,0.005964174846469762,0.05945002834593771,0.05945002834593771
5,0,0,0,1,0,1,1,0,0,0,0,0,0,0,0,0,0,1,1,0.13799758734334366,0.9085818526659613,0.014256987321705751,0.11453932573635439,0.11453932573635439
2,0,0,0,0,1,1,0,1,0,1,0,0,0,0,0,0,0,0,0,-0.4403450007031301,0.9544211124058478,0.01918286543259826,0.13658902706858933,0.13658902706858933
62,0,1,0,0,1,1,0,0,0,0,0,0,0,0,1,0,1,0,1,-1.3427588665342656,0.6592190846564381,0.0028311702861325673,0.03096578220998969,0.03096578220998969
19,0,0,0,1,0,1,1,0,0,0,1,0,1,1,0,0,0,1,1,1.063678109015429,0.7929113200145855,0.0070048485392757275,0.06782398836650938,0.06782398836650938
9,0,1,0,0,0,1,1,0,0,0,0,0,0,0,0,0,0,0,0,0.1745594750934079,0.8645756330248363,0.010901071741709328,0.09522425637547682,0.09522425637547682
53,0,1,0,0,0,1,0,0,0,0,0,0,0,0,0,0,1,0,0,-1.505625457420916,0.6773932996244997,0.003230113874366814,0.03489628604896822,0.03489628604896822
5,0,1,0,0,0,1,1,0,0,0,0,0,0,1,0,0,0,0,0,0.4637307691166448,0.9085818526659613,0.014256987321705751,0.11453932573635439,0.11453932573635439
71,0,0,1,1,1,1,0,1,1,1,0,0,1,0,1,1,0,1,0,0.14630710728654012,0.6435679119154606,0.0025205988088756303,0.02783802704790539,0.02783802704790539
1,0,0,0,0,0,1,0,0,0,0,0,0,0,0,0,0,0,0,1,-1.5039635534322768,0.9743124842439652,0.02235010364622835,0.1468274853100915,0.1468274853100915
18,1,1,0,0,0,1,1,0,0,1,0,0,0,0,1,0,0,1,1,0.526883120684938,0.798585597100695,0.007259843514731271,0.06980238681281059,0.06980238681281059
72,0,1,0,0,0,1,1,0,0,1,1,0,1,1,1,0,1,1,1,1.2913589554590124,0.6419575496164033,0.002490279067928491,0.027529416300707155,0.027529416300707155
4,0,0,0,1,0,1,0,1,1,1,0,0,0,0,0,0,0,0,0,-0.3356450494188545,0.9221895280070969,0.015517187361763772,0.12087777811840728,0.12087777811840728
59,0,1,0,0,0,1,0,1,0,0,1,0,0,0,1,0,1,0,0,-0.35392599329388685,0.6649614286359096,0.0029526183444970946,0.03217256791019485,0.03217256791019485
1,1,0,0,0,0,1,1,0,0,0,0,0,0,0,0,0,0,0,0,0.20945945885483294,0.9743124842439652,0.02235010364622835,0.1468274853100915,0.1468274853100915
31,0,0,1,1,0,1,1,0,0,0,0,0,0,1,1,0,0,1,1,0.6664830557306382,0.7391329118702427,0.004945042598351195,0.05075440110013929,0.05075440110013929
3,0,1,0,1,0,1,0,0,0,0,0,0,0,0,0,0,0,0,0,-1.4890064175345232,0.9373188893787414,0.017092860770546496,0.12812771737333695,0.12812771737333695
65,1,0,1,1,0,1,1,0,0,1,1,0,1,1,1,1,0,1,1,1.3777779628682554,0.6537547892731487,0.002719403042122667,0.02984713825493901,0.02984713825493901
49,0,1,0,1,0,1,1,0,0,0,1,1,1,1,0,1,0,0,1,1.1451114044587545,0.6864927538867036,0.0034464244917631367,0.03698759780359384,0.03698759780359384
2,0,1,0,0,0,1,0,0,0,0,0,0,0,0,0,0,0,0,0,-1.5106111693868338,0.9544211124058478,0.01918286543259826,0.13658902706858933,0.13658902706858933
53,1,0,0,1,0,1,0,0,0,0,0,0,0,0,0,1,0,0,0,-1.4624159537162946,0.6773932996244997,0.003230113874366814,0.03489628604896822,0.03489628604896822
55,0,0,0,1,0,1,1,0,1,0,0,0,1,1,0,1,0,1,1,0.9955400454812182,0.6730980579890953,0.0031319345818057722,0.033937922764987416,0.033937922764987416
72,0,1,0,1,1,1,1,0,1,1,1,1,1,1,1,0,1,0,1,1.6370349850959847,0.6419575496164033,0.002490279067928491,0.027529416300707155,0.027529416300707155
36,0,0,1,0,0,1,1,0,0,0,0,0,0,0,1,0,0,0,1,0.3357641619914195,0.7220842981429184,0.004410087057617903,0.045979950318991825,0.045979950318991825
10,0,0,0,1,1,1,0,0,0,0,0,0,0,0,0,0,0,0,1,-1.4956540334890804,0.8554585264638187,0.010313003097985489,0.09145336847937524,0.09145336847937524
1,1,1,1,0,0,1,1,0,0,0,0,0,1,1,1,0,0,1,1,0.9706114856516288,0.9743124842439652,0.02235010364622835,0.1468274853100915,0.1468274853100915
72,0,0,0,1,1,1,0,1,1,1,1,1,0,1,1,0,1,0,0,0.5335307366394948,0.6419575496164033,0.002490279067928491,0.027529416300707155,0.027529416300707155
28,0,0,0,0,0,1,0,1,0,1,0,1,0,0,0,0,0,0,0,-0.33730695340749395,0.7506071373425116,0.0053347764644180165,0.05414016114784159,0.05414016114784159
38,0,1,0,1,0,1,1,0,1,0,0,0,1,0,1,0,0,0,0,0.8941639021742215,0.7158758576100376,0.0042276442662364,0.04431696426317133,0.04431696426317133
61,0,0,0,0,0,1,1,0,1,1,1,1,1,1,1,1,0,1,1,1.7882682480621601,0.6611010360108607,0.002870516527482457,0.031357744906887475,0.031357744906887475
52,0,1,0,1,1,1,0,0,0,0,0,0,0,0,1,0,1,0,0,-1.3377731545683478,0.6796022882225629,0.00328157591746785,0.03539633014558485,0.03539633014558485
67,0,1,0,0,0,1,0,0,0,0,0,0,0,0,0,1,0,0,1,-1.5072873614095552,0.6502545080837984,0.0026497095459112013,0.029145652408135048,0.029145652408135048
34,0,0,0,0,1,1,1,0,1,1,1,1,1,1,1,0,1,0,1,1.7068349526188353,0.7286243341114813,0.004609291590527576,0.04777537654084685,0.04777537654084685
54,0,0,0,0,0,1,0,1,1,0,1,1,1,1,0,0,1,1,0,0.5252212166962984,0.6752256920763566,0.003180258311786613,0.03441034838970081,0.03441034838970081
1,0,0,0,1,0,1,0,0,0,0,0,0,0,0,0,0,0,0,1,-1.4790349936026874,0.9743124842439652,0.02235010364622835,0.1468274853100915,0.1468274853100915
15,1,0,1,0,0,1,1,0,0,1,0,0,0,1,1,0,0,1,0,0.8326734545945673,0.817222359631732,0.00815567933565363,0.07653518145581295,0.07653518145581295
4,1,0,0,0,0,1,0,1,0,0,0,0,0,0,0,0,0,0,1,-0.6248163434420914,0.9221895280070969,0.015517187361763772,0.12087777811840728,0.12087777811840728
9,1,0,0,0,0,1,0,1,0,1,0,1,1,0,0,0,0,0,0,0.04825477195682182,0.8645756330248363,0.010901071741709328,0.09522425637547682,0.09522425637547682
46,0,0,0,0,1,1,1,0,0,1,1,0,1,1,0,0,0,1,1,1.1633923483337865,0.6938140321924815,0.003628947567853564,0.038730988089776375,0.038730988089776375
22,1,0,0,0,0,1,1,0,0,0,0,1,1,0,1,0,0,1,1,0.8376591665604854,0.7772239626242997,0.006339847981342745,0.0625297608539006,0.0625297608539006
38,1,1,0,0,0,1,1,0,0,0,0,0,0,0,0,1,0,0,1,0.18785470700252244,0.7158758576100376,0.0042276442662364,0.04431696426317133,0.04431696426317133
55,0,0,0,1,1,1,0,1,1,1,0,1,1,0,1,1,0,0,1,0.3390879699686979,0.6730980579890953,0.0031319345818057722,0.033937922764987416,0.033937922764987416
1,0,0,0,0,0,1,0,0,0,0,0,0,0,0,0,0,0,0,0,-1.4923302255118018,0.9743124842439652,0.02235010364622835,0.1468274853100915,0.1468274853100915
64,0,1,1,1,0,1,1,0,1,0,1,0,0,0,0,1,0,0,0,0.5152497927644627,0.6555468612609421,0.002755656035094927,0.030210834407233156,0.030210834407233156
53,1,1,0,0,1,1,0,0,0,0,0,0,0,0,0,0,1,0,0,-1.4973159374777196,0.6773932996244997,0.003230113874366814,0.03489628604896822,0.03489628604896822
58,0,0,0,1,0,1,0,1,1,0,1,1,1,1,1,0,1,1,1,0.6482021118556061,0.6669419291751147,0.0029954745981990286,0.0325962586220786,0.0325962586220786
56,0,1,0,1,0,0,0,1,0,0,1,1,1,1,0,1,0,0,1,-0.3572498012711655,0.6710090587453561,0.003085072619735503,0.03347844798497823,0.03347844798497823
72,0,1,0,1,1,1,1,0,1,0,1,1,1,1,0,0,1,0,1,1.3329065551749946,0.6419575496164033,0.002490279067928491,0.027529416300707155,0.027529416300707155
1,1,1,0,0,0,1,0,1,1,0,0,1,0,0,0,0,0,1,1,-0.3605736092484439,0.9743124842439652,0.02235010364622835,0.1468274853100915,0.1468274853100915
72,0,1,1,1,0,1,1,0,0,1,0,0,1,1,1,1,0,0,1,1.0786352449131829,0.6419575496164033,0.002490279067928491,0.027529416300707155,0.027529416300707155
22,0,1,0,0,0,1,1,0,0,0,0,0,0,1,1,0,0,1,0,0.6066545121396237,0.7772239626242997,0.006339847981342745,0.0625297608539006,0.0625297608539006
8,1,0,1,0,0,1,1,0,0,1,1,0,1,1,1,0,0,1,1,1.352849403038666,0.8743368175545859,0.01156705087089483,0.09935054964947354,0.09935054964947354
16,1,0,0,0,1,1,1,0,0,0,0,0,1,0,0,0,0,1,1,0.5385164486054129,0.8107173068575363,0.007832475449686212,0.07414442618478301,0.07414442618478301
39,0,0,0,0,0,0,0,1,0,1,1,1,0,0,0,0,0,0,0,-0.7876829343287419,0.7128864964214463,0.00414205349534239,0.043530572366621945,0.043530572366621945
12,0,0,0,0,0,1,0,1,0,0,0,0,0,0,0,0,0,0,1,-0.6580544232148772,0.8388580793219884,0.009318867014819062,0.08479678961103854,0.08479678961103854
54,0,1,0,1,0,1,0,1,1,1,0,0,1,1,0,0,1,0,1,0.3241308340709442,0.6752256920763566,0.003180258311786613,0.03441034838970081,0.03441034838970081
18,0,0,0,0,0,0,0,1,1,1,0,1,0,0,0,1,0,0,1,-0.8175972061242491,0.798585597100695,0.007259843514731271,0.06980238681281059,0.06980238681281059
32,0,1,0,1,0,1,0,1,1,1,0,1,0,1,0,1,0,0,0,0.18951661099116163,0.7355303895625583,0.00482771692436557,0.04972004336955682,0.04972004336955682
41,0,0,0,0,0,1,0,0,0,0,0,0,0,0,0,1,0,0,1,-1.4973159374777196,0.7071206594283597,0.003981008341391358,0.042040010297382246,0.042040010297382246
67,0,1,0,1,1,1,0,0,0,0,0,0,0,0,1,0,1,0,0,-1.334449346591069,0.6502545080837984,0.0026497095459112013,0.029145652408135048,0.029145652408135048
65,0,1,0,1,0,1,1,0,1,0,1,0,1,1,1,0,0,1,1,1.3113018033226835,0.6537547892731487,0.002719403042122667,0.02984713825493901,0.02984713825493901
25,0,0,0,0,0,1,0,1,1,1,1,1,1,0,1,0,0,0,1,0.45043553720753027,0.7632263722784222,0.005792955912006608,0.05802443652851541,0.05802443652851541
1,1,0,0,1,1,1,1,0,0,0,0,0,0,0,0,0,0,1,1,0.16624995515021143,0.9743124842439652,0.02235010364622835,0.1468274853100915,0.1468274853100915
67,0,0,0,1,0,1,1,0,0,1,1,1,1,1,1,1,0,0,1,1.4924493380843664,0.6502545080837984,0.0026497095459112013,0.029145652408135048,0.029145652408135048
7,1,1,1,0,0,1,1,0,0,0,0,0,0,0,1,0,0,0,0,0.29754037025271557,0.8848383086630132,0.012329368360988486,0.10389128471090825,0.10389128471090825
43,0,0,1,0,0,0,0,1,1,1,0,0,0,0,0,0,0,0,1,-1.0419542445905536,0.7016186635948665,0.003832182002392298,0.04064972482294138,0.04064972482294138
24,0,0,0,0,0,1,1,0,1,0,0,0,1,1,0,0,0,1,1,0.9905543335153001,0.7677256072562019,0.005964174846469762,0.05945002834593771,0.05945002834593771
9,1,1,1,0,0,1,0,1,1,0,0,0,0,0,1,0,0,1,0,-0.34063076138477255,0.8645756330248363,0.010901071741709328,0.09522425637547682,0.09522425637547682
69,0,1,0,1,1,1,0,0,0,0,0,0,0,0,0,0,1,0,0,-1.4823588015799658,0.6468608243449303,0.002583528294433392,0.028476690845760766,0.028476690845760766
37,0,0,0,0,1,1,0,0,0,0,0,0,0,0,0,1,0,0,0,-1.4790349936026874,0.7189405920832638,0.0043169072108659315,0.0451328504105416,0.0451328504105416
20,0,1,0,1,1,0,0,1,1,0,1,1,0,0,0,0,1,0,1,-0.844187669942478,0.7874709741517664,0.006767715032425889,0.0659587290124013,0.0659587290124013
7,0,1,0,0,0,1,1,0,0,0,0,0,0,0,0,0,0,0,0,0.14464520329790093,0.8848383086630132,0.012329368360988486,0.10389128471090825,0.10389128471090825
37,1,0,1,0,0,1,1,0,0,0,0,0,0,0,1,0,0,1,1,0.3806355696846802,0.7189405920832638,0.0043169072108659315,0.0451328504105416,0.0451328504105416
5,1,0,0,0,0,1,1,0,0,0,0,0,1,1,1,0,0,0,1,0.9672876776743504,0.9085818526659613,0.014256987321705751,0.11453932573635439,0.11453932573635439
41,0,1,0,0,0,0,0,1,0,0,1,0,1,1,0,1,0,1,1,-0.4469926166576871,0.7071206594283597,0.003981008341391358,0.042040010297382246,0.042040010297382246
54,0,0,0,0,0,1,1,0,1,1,0,0,1,1,0,1,0,0,1,1.171701868276983,0.6752256920763566,0.003180258311786613,0.03441034838970081,0.03441034838970081
3,1,0,1,0,0,1,1,0,0,0,0,0,0,0,0,0,0,1,1,0.18619280301388322,0.9373188893787414,0.017092860770546496,0.12812771737333695,0.12812771737333695
69,0,1,1,0,0,1,0,0,0,0,0,0,0,0,0,0,1,0,0,-1.4790349936026874,0.6468608243449303,0.002583528294433392,0.028476690845760766,0.028476690845760766
53,0,0,0,0,0,1,1,0,0,1,1,1,0,1,0,1,0,0,1,0.9855686215493825,0.6773932996244997,0.003230113874366814,0.03489628604896822,0.03489628604896822
18,0,1,0,1,1,0,0,1,0,1,1,0,1,0,0,1,0,0,0,-0.6115211115329771,0.798585597100695,0.007259843514731271,0.06980238681281059,0.06980238681281059
64,0,1,0,1,0,1,1,0,1,1,0,1,1,1,0,0,1,0,1,1.3046541873681263,0.6555468612609421,0.002755656035094927,0.030210834407233156,0.030210834407233156
31,1,0,0,1,1,1,1,0,0,1,0,0,0,1,1,0,0,1,1,0.8758829582991894,0.7391329118702427,0.004945042598351195,0.05075440110013929,0.05075440110013929
20,0,0,0,0,0,0,0,1,0,0,0,0,0,0,0,0,0,0,0,-1.3261398266478726,0.7874709741517664,0.006767715032425889,0.0659587290124013,0.0659587290124013
57,0,1,0,1,1,1,0,1,1,1,0,1,0,0,0,1,0,0,0,-0.17277845853220394,0.6689574203086703,0.003039606595789443,0.03303139376725084,0.03303139376725084
63,0,1,1,1,0,1,1,0,1,1,1,0,1,1,1,0,1,0,0,1.4525636423570234,0.6573679996492523,0.0027928980105273514,0.030583600220822293,0.030583600220822293
13,0,1,0,1,1,0,0,1,1,1,0,1,0,0,0,0,1,0,0,-0.8059638782037742,0.8312566322761956,0.008894046614766308,0.0818402613059327,0.0818402613059327
48,0,0,1,1,0,1,0,1,0,1,0,0,0,1,0,1,0,0,1,-0.1943832103845147,0.6888828979881829,0.003505164885370563,0.03755076913789834,0.03755076913789834
2,1,0,0,0,0,1,1,0,0,0,0,0,0,0,0,0,0,1,1,0.20447374688891534,0.9544211124058478,0.01918286543259826,0.13658902706858933,0.13658902706858933
57,0,1,0,1,1,1,0,0,0,0,0,0,0,0,0,0,1,0,0,-1.4640778577049338,0.6689574203086703,0.003039606595789443,0.03303139376725084,0.03303139376725084
71,0,1,0,1,0,1,1,0,0,1,1,1,1,1,1,1,0,0,1,1.6071207133004777,0.6435679119154606,0.0025205988088756303,0.02783802704790539,0.02783802704790539
7,0,0,0,1,1,1,0,1,0,0,0,0,0,0,1,0,0,1,0,-0.5317497200782911,0.8848383086630132,0.012329368360988486,0.10389128471090825,0.10389128471090825
16,0,0,0,0,0,1,0,1,0,0,0,0,0,1,1,0,0,0,1,-0.058107083316092954,0.8107173068575363,0.007832475449686212,0.07414442618478301,0.07414442618478301
34,0,1,0,1,0,1,1,0,0,0,1,0,1,1,1,0,0,1,0,1.1982923320952117,0.7286243341114813,0.004609291590527576,0.04777537654084685,0.04777537654084685
37,1,0,0,1,0,1,1,0,0,0,1,0,1,1,1,0,0,1,1,1.1534209244019509,0.7189405920832638,0.0043169072108659315,0.0451328504105416,0.0451328504105416
16,0,1,0,0,0,1,1,0,0,1,0,0,0,0,1,0,0,0,1,0.5235593127076592,0.8107173068575363,0.007832475449686212,0.07414442618478301,0.07414442618478301
48,0,1,0,0,1,1,0,1,1,1,1,0,0,0,1,1,0,0,1,-0.013235675622831794,0.6888828979881829,0.003505164885370563,0.03755076913789834,0.03755076913789834
58,0,1,0,1,1,1,0,1,0,1,0,1,1,1,0,1,0,0,1,0.34573558592325515,0.6669419291751147,0.0029954745981990286,0.0325962586220786,0.0325962586220786
72,0,0,0,1,0,1,0,1,1,0,1,1,1,1,1,0,1,0,1,0.6681449597192779,0.6419575496164033,0.002490279067928491,0.027529416300707155,0.027529416300707155
7,0,0,0,0,0,1,0,0,0,0,0,0,0,0,0,0,0,0,0,-1.5122730733754732,0.8848383086630132,0.012329368360988486,0.10389128471090825,0.10389128471090825
38,1,0,0,0,0,1,1,0,1,1,1,0,0,0,0,0,0,0,1,0.634906879946492,0.7158758576100376,0.0042276442662364,0.04431696426317133,0.04431696426317133
48,1,0,1,1,0,1,1,0,1,1,1,1,1,1,1,0,0,1,0,1.7500444563234567,0.6888828979881829,0.003505164885370563,0.03755076913789834,0.03755076913789834
10,1,1,0,0,0,1,1,0,1,1,1,0,1,1,0,0,0,1,1,1.3162875152886018,0.8554585264638187,0.010313003097985489,0.09145336847937524,0.09145336847937524
30,0,0,0,0,0,1,0,1,1,1,1,1,1,0,0,1,0,0,0,0.32745464204822305,0.7428424163487329,0.0050683354621543905,0.051833777579476825,0.051833777579476825
31,0,1,0,1,0,1,0,1,0,0,0,0,1,0,1,0,0,0,1,-0.19105940240723632,0.7391329118702427,0.004945042598351195,0.05075440110013929,0.05075440110013929
46,0,0,1,0,0,1,0,1,0,0,1,1,0,1,1,1,0,0,1,0.14298329930926126,0.6938140321924815,0.003628947567853564,0.038730988089776375,0.038730988089776375
50,0,1,0,1,0,1,0,0,0,0,0,0,0,0,0,0,1,0,0,-1.470725473659491,0.6841504128114664,0.003389643293482253,0.03644129666249096,0.03644129666249096
28,0,1,0,1,0,1,1,0,0,0,0,1,0,0,0,0,0,0,0,0.39060699361651585,0.7506071373425116,0.0053347764644180165,0.05414016114784159,0.05414016114784159
66,0,0,0,0,0,0,0,1,1,1,1,1,1,1,0,0,1,0,1,-0.07638802719112507,0.6519909407703324,0.0026840999053434323,0.029492182160968494,0.029492182160968494
8,1,1,1,0,0,0,0,1,0,0,1,0,0,0,0,0,0,1,1,-1.1765684676703363,0.8743368175545859,0.01156705087089483,0.09935054964947354,0.09935054964947354
41,0,0,0,1,1,1,1,0,0,0,1,0,1,1,0,0,0,0,1,1.0005257574471362,0.7071206594283597,0.003981008341391358,0.042040010297382246,0.042040010297382246
72,0,1,1,1,0,1,1,0,0,1,1,1,1,1,1,0,1,0,1,1.557263593641299,0.6419575496164033,0.002490279067928491,0.027529416300707155,0.027529416300707155
7,0,0,0,0,0,1,0,0,0,0,0,0,0,0,0,1,0,0,0,-1.4923302255118018,0.8848383086630132,0.012329368360988486,0.10389128471090825,0.10389128471090825
38,0,0,0,1,1,1,0,0,0,0,0,0,0,0,0,0,0,0,0,-1.4740492816367694,0.7158758576100376,0.0042276442662364,0.04431696426317133,0.04431696426317133
44,0,1,0,0,0,1,1,0,1,1,1,0,1,1,0,1,0,1,1,1.371130346913698,0.6989597866938809,0.0037619201221218337,0.03998903582240876,0.03998903582240876
47,0,1,0,1,1,1,1,0,1,1,1,1,1,1,1,1,0,0,1,1.6170921372323135,0.6913226781406935,0.0035659686558325962,0.038131613989117574,0.038131613989117574
53,0,1,0,1,1,1,1,0,0,1,0,1,1,0,0,0,0,1,1,0.9224162699810893,0.6773932996244997,0.003230113874366814,0.03489628604896822,0.03489628604896822
4,0,1,0,1,0,1,0,1,0,0,1,0,1,0,1,0,0,1,0,0.026650020104510834,0.9221895280070969,0.015517187361763772,0.12087777811840728,0.12087777811840728
20,0,1,1,0,0,1,1,0,0,0,0,0,1,0,1,0,0,1,1,0.6498640158442452,0.7874709741517664,0.006767715032425889,0.0659587290124013,0.0659587290124013
2,1,1,0,0,0,1,0,1,0,0,0,0,0,0,0,0,0,0,0,-0.6696877511353523,0.9544211124058478,0.01918286543259826,0.13658902706858933,0.13658902706858933
57,0,1,1,1,0,1,0,1,0,1,1,0,1,0,1,1,0,0,1,0.20945945885483294,0.6689574203086703,0.003039606595789443,0.03303139376725084,0.03303139376725084
44,0,0,1,1,0,1,1,0,1,1,0,1,0,0,0,0,0,1,1,0.6764544796624743,0.6989597866938809,0.0037619201221218337,0.03998903582240876,0.03998903582240876
24,0,1,0,0,0,1,0,1,0,0,1,0,0,0,0,0,0,0,1,-0.5018354482827837,0.7677256072562019,0.005964174846469762,0.05945002834593771,0.05945002834593771
15,0,1,0,1,1,0,0,1,1,0,0,0,0,0,0,0,0,0,1,-1.1499780038521075,0.817222359631732,0.00815567933565363,0.07653518145581295,0.07653518145581295
3,1,0,0,0,0,0,0,1,0,0,0,0,0,0,0,0,0,1,0,-1.3145064987273976,0.9373188893787414,0.017092860770546496,0.12812771737333695,0.12812771737333695
4,1,0,0,0,1,1,1,0,0,1,1,0,0,0,1,0,0,0,0,0.6398925919124097,0.9221895280070969,0.015517187361763772,0.12087777811840728,0.12087777811840728
37,1,1,1,1,0,1,1,0,0,0,0,0,1,0,1,0,0,1,1,0.6947354235375064,0.7189405920832638,0.0043169072108659315,0.0451328504105416,0.0451328504105416
1,1,0,0,0,0,1,1,0,0,1,0,0,0,0,0,0,0,1,1,0.32911654603686225,0.9743124842439652,0.02235010364622835,0.1468274853100915,0.1468274853100915
24,0,0,0,0,0,1,0,1,1,0,0,1,0,0,0,0,0,0,0,-0.2808022177937579,0.7677256072562019,0.005964174846469762,0.05945002834593771,0.05945002834593771
5,1,0,0,0,0,1,1,0,0,1,0,0,1,0,1,0,0,1,1,0.864249630378714,0.9085818526659613,0.014256987321705751,0.11453932573635439,0.11453932573635439
33,0,0,0,0,0,1,1,0,0,1,1,0,1,1,1,0,0,1,0,1.4209874665728768,0.732029255003116,0.004715929386838689,0.04872789424351476,0.04872789424351476
58,0,0,0,1,1,1,0,0,0,0,0,0,0,0,0,0,1,0,1,-1.493992129500441,0.6669419291751147,0.0029954745981990286,0.0325962586220786,0.0325962586220786
72,0,0,0,1,1,1,1,0,1,1,0,0,1,0,1,0,1,0,1,1.033763837219922,0.6419575496164033,0.002490279067928491,0.027529416300707155,0.027529416300707155
71,0,0,0,1,0,1,0,0,0,0,0,0,0,0,1,0,1,0,0,-1.3610398104092976,0.6435679119154606,0.0025205988088756303,0.02783802704790539,0.02783802704790539
28,1,0,1,0,0,1,1,0,0,1,1,0,1,1,1,0,0,1,1,1.374454154890977,0.7506071373425116,0.0053347764644180165,0.05414016114784159,0.05414016114784159
51,0,1,0,1,0,1,0,1,1,1,1,1,1,1,0,0,1,0,1,0.6332449759578523,0.681854139199785,0.003334724055742794,0.03591111081215892,0.03591111081215892
30,1,0,0,0,0,1,0,1,1,1,1,1,1,1,0,1,0,0,0,0.6831020956170311,0.7428424163487329,0.0050683354621543905,0.051833777579476825,0.051833777579476825
72,0,1,1,1,0,1,1,0,1,1,0,1,0,0,0,0,1,0,1,0.664821151741999,0.6419575496164033,0.002490279067928491,0.027529416300707155,0.027529416300707155
36,1,1,1,0,0,1,1,0,1,0,0,0,1,0,1,0,0,1,1,0.8659115343673532,0.7220842981429184,0.004410087057617903,0.045979950318991825,0.045979950318991825
14,0,1,0,0,1,1,0,1,1,1,1,1,0,1,0,0,1,0,0,0.37564985771876214,0.8240576612486123,0.008508086494505379,0.07909398048302463,0.07909398048302463
72,0,0,0,1,1,1,0,1,1,1,0,1,1,0,1,0,1,0,0,0.3241308340709442,0.6419575496164033,0.002490279067928491,0.027529416300707155,0.027529416300707155
22,0,0,0,1,1,0,0,1,0,1,0,0,1,0,0,0,0,1,0,-0.8508352858970349,0.7772239626242997,0.006339847981342745,0.0625297608539006,0.0625297608539006
2,0,0,0,0,0,1,1,0,0,1,0,0,0,0,1,0,0,1,0,0.49032123293487334,0.9544211124058478,0.01918286543259826,0.13658902706858933,0.13658902706858933
15,0,0,0,0,0,1,0,0,0,0,0,0,0,0,0,0,0,0,0,-1.5023016494436374,0.817222359631732,0.00815567933565363,0.07653518145581295,0.07653518145581295
51,0,1,0,1,1,1,0,0,0,0,0,0,0,0,0,0,1,0,0,-1.5039635534322768,0.681854139199785,0.003334724055742794,0.03591111081215892,0.03591111081215892
70,0,1,0,1,0,0,0,1,1,0,1,1,0,0,0,0,1,0,1,-0.8524971898856744,0.6452021175658147,0.002551672337160255,0.02815370280249474,0.02815370280249474
71,0,0,0,1,1,1,0,0,0,0,0,0,0,0,0,0,1,0,0,-1.4856826095572444,0.6435679119154606,0.0025205988088756303,0.02783802704790539,0.02783802704790539
39,0,0,0,1,1,1,1,0,0,0,0,1,1,1,1,0,0,0,1,1.1683780602997047,0.7128864964214463,0.00414205349534239,0.043530572366621945,0.043530572366621945
61,0,0,0,1,1,1,0,1,1,1,0,0,0,0,1,0,0,1,0,-0.16613084257764693,0.6611010360108607,0.002870516527482457,0.031357744906887475,0.031357744906887475
52,0,0,0,0,0,1,0,1,1,0,0,0,0,0,0,0,0,0,1,-0.5001735442941445,0.6796022882225629,0.00328157591746785,0.03539633014558485,0.03539633014558485
1,1,0,0,0,0,0,0,1,0,0,0,0,1,0,0,0,0,1,1,-0.9655066611131462,0.9743124842439652,0.02235010364622835,0.1468274853100915,0.1468274853100915
64,0,1,0,1,0,1,1,0,1,0,1,1,1,1,1,1,0,0,1,1.4525636423570234,0.6555468612609421,0.002755656035094927,0.030210834407233156,0.030210834407233156
62,0,1,0,1,0,1,0,1,0,1,1,1,0,0,0,0,1,0,1,-0.15449751465717185,0.6592190846564381,0.0028311702861325673,0.03096578220998969,0.03096578220998969
30,0,1,0,1,0,1,0,0,0,0,0,0,0,0,0,0,1,0,0,-1.5205825933186699,0.7428424163487329,0.0050683354621543905,0.051833777579476825,0.051833777579476825
4,1,0,1,1,1,1,0,1,0,0,0,0,0,0,0,0,0,1,0,-0.6248163434420914,0.9221895280070969,0.015517187361763772,0.12087777811840728,0.12087777811840728
63,0,1,1,1,0,1,0,1,1,1,1,1,1,1,0,1,0,0,1,0.6382306879237705,0.6573679996492523,0.0027928980105273514,0.030583600220822293,0.030583600220822293
1,0,0,0,0,0,1,0,1,0,0,0,0,0,0,0,0,0,0,1,-0.6730115591126309,0.9743124842439652,0.02235010364622835,0.1468274853100915,0.1468274853100915
15,0,1,0,1,0,1,1,0,0,0,1,1,1,1,1,0,0,1,1,1.284711339504455,0.817222359631732,0.00815567933565363,0.07653518145581295,0.07653518145581295
27,0,1,0,1,1,1,1,0,1,1,0,0,0,0,0,1,0,0,1,0.526883120684938,0.7546760980475697,0.005479040808994945,0.05537422178102336,0.05537422178102336
4,0,0,0,0,1,0,0,1,1,1,1,0,1,1,0,0,0,0,1,-0.2525498499868899,0.9221895280070969,0.015517187361763772,0.12087777811840728,0.12087777811840728
72,0,0,0,1,0,1,1,0,1,1,1,0,1,1,1,0,1,1,1,1.5273493218457916,0.6419575496164033,0.002490279067928491,0.027529416300707155,0.027529416300707155
45,0,1,1,1,0,1,0,0,0,0,0,0,0,0,1,1,0,0,0,-1.3327874426024295,0.6963590108821652,0.0036942216775406023,0.039349803973645514,0.039349803973645514
45,0,0,1,0,0,1,1,0,1,1,0,1,1,0,1,0,0,1,1,1.0719876289586254,0.6963590108821652,0.0036942216775406023,0.039349803973645514,0.039349803973645514
36,0,0,0,0,0,1,0,1,1,1,1,1,1,0,0,1,0,0,1,0.3839593776619586,0.7220842981429184,0.004410087057617903,0.045979950318991825,0.045979950318991825
17,1,1,0,1,1,1,1,0,1,0,1,0,1,0,0,0,0,1,1,0.8177163186968142,0.8045134998853144,0.007534869537132169,0.07190499047148602,0.07190499047148602
1,0,1,0,0,0,1,0,0,0,0,0,0,0,0,0,0,0,0,0,-1.5255683052845876,0.9743124842439652,0.02235010364622835,0.1468274853100915,0.1468274853100915
16,0,1,1,0,0,1,1,0,0,0,0,0,0,0,1,0,0,0,1,0.3208070260936658,0.8107173068575363,0.007832475449686212,0.07414442618478301,0.07414442618478301
3,1,1,0,0,0,1,0,0,0,0,0,0,0,0,0,0,0,0,1,-1.4956540334890804,0.9373188893787414,0.017092860770546496,0.12812771737333695,0.12812771737333695
4,1,1,0,1,1,1,0,1,0,0,0,0,0,0,1,0,0,1,1,-0.46194975255544085,0.9221895280070969,0.015517187361763772,0.12087777811840728,0.12087777811840728
71,0,0,0,1,0,1,0,1,1,1,1,1,1,1,0,0,1,0,1,0.651525919832885,0.6435679119154606,0.0025205988088756303,0.02783802704790539,0.02783802704790539
10,0,1,0,1,1,1,0,0,0,0,0,0,0,0,1,0,0,0,1,-1.3427588665342656,0.8554585264638187,0.010313003097985489,0.09145336847937524,0.09145336847937524
20,0,1,0,1,1,1,0,0,0,0,0,0,0,0,0,0,1,0,0,-1.487344513545884,0.7874709741517664,0.006767715032425889,0.0659587290124013,0.0659587290124013
4,1,1,0,0,0,1,1,0,0,0,0,0,1,0,0,0,0,1,1,0.5385164486054129,0.9221895280070969,0.015517187361763772,0.12087777811840728,0.12087777811840728
26,1,1,0,0,0,1,1,0,0,0,1,0,1,1,1,0,0,1,1,1.115197132663247,0.7588796606729277,0.005631521405658712,0.05666748667997901,0.05666748667997901
4,0,0,0,0,0,1,0,1,0,0,0,0,1,0,0,0,0,0,0,-0.30905458560062593,0.9221895280070969,0.015517187361763772,0.12087777811840728,0.12087777811840728
5,1,1,0,0,0,0,0,1,0,1,0,0,1,1,0,0,0,0,1,-0.4586259445781622,0.9085818526659613,0.014256987321705751,0.11453932573635439,0.11453932573635439
4,1,0,0,1,0,1,1,0,0,1,0,0,1,0,1,0,0,1,1,0.8925019981855823,0.9221895280070969,0.015517187361763772,0.12087777811840728,0.12087777811840728
29,0,1,1,1,0,1,1,0,0,0,0,0,0,1,1,0,0,1,1,0.6482021118556061,0.746664964341879,0.005198070769814978,0.05296124339833497,0.05296124339833497
2,0,1,0,0,0,1,1,0,1,1,0,0,1,1,0,0,0,1,0,1.176687580242901,0.9544211124058478,0.01918286543259826,0.13658902706858933,0.13658902706858933
29,0,0,0,0,0,1,0,0,0,0,0,0,0,0,0,0,1,0,0,-1.5089492653981946,0.746664964341879,0.005198070769814978,0.05296124339833497,0.05296124339833497
1,1,1,0,0,1,1,1,0,0,0,0,0,1,1,0,0,0,1,1,0.8659115343673532,0.9743124842439652,0.02235010364622835,0.1468274853100915,0.1468274853100915
1,1,1,0,0,0,1,1,0,0,0,0,0,0,0,0,0,0,0,0,0.15295472324109738,0.9743124842439652,0.02235010364622835,0.1468274853100915,0.1468274853100915
8,1,0,1,0,0,1,1,0,0,0,1,0,1,1,0,0,0,0,1,0.9855686215493825,0.8743368175545859,0.01156705087089483,0.09935054964947354,0.09935054964947354
13,0,1,0,0,0,1,0,0,0,0,0,0,0,0,0,0,0,1,1,-1.4757111856254088,0.8312566322761956,0.008894046614766308,0.0818402613059327,0.0818402613059327
59,0,0,0,1,0,1,1,0,1,1,0,0,1,0,1,0,0,1,1,0.9955400454812182,0.6649614286359096,0.0029526183444970946,0.03217256791019485,0.03217256791019485
1,1,0,0,1,1,1,0,0,0,0,0,0,0,0,0,0,0,0,1,-1.4840207055686052,0.9743124842439652,0.02235010364622835,0.1468274853100915,0.1468274853100915
50,1,1,1,0,0,1,1,0,0,0,0,0,1,1,1,0,0,1,1,1.0271162212653648,0.6841504128114664,0.003389643293482253,0.03644129666249096,0.03644129666249096
18,0,1,0,1,0,1,0,1,0,0,0,0,0,0,0,0,0,0,1,-0.679659175067188,0.798585597100695,0.007259843514731271,0.06980238681281059,0.06980238681281059
17,0,0,0,1,1,1,0,1,1,1,0,0,1,1,0,0,0,0,0,0.3241308340709442,0.8045134998853144,0.007534869537132169,0.07190499047148602,0.07190499047148602
47,0,1,0,1,0,1,0,1,0,1,1,0,1,1,0,0,1,1,0,0.29255465828679755,0.6913226781406935,0.0035659686558325962,0.038131613989117574,0.038131613989117574
26,1,0,0,0,0,1,1,0,0,0,0,0,0,0,1,0,0,0,1,0.3374260659800587,0.7588796606729277,0.005631521405658712,0.05666748667997901,0.05666748667997901
6,1,0,0,0,0,0,0,1,0,0,1,0,1,1,0,0,0,1,1,-0.5600020878851589,0.8962011910421149,0.01321361285882388,0.10892151775419001,0.10892151775419001
19,0,1,0,1,1,1,0,1,0,0,0,0,0,0,1,0,0,0,0,-0.4885402163736694,0.7929113200145855,0.0070048485392757275,0.06782398836650938,0.06782398836650938
3,1,0,0,0,0,1,0,1,0,0,0,1,1,0,1,0,0,1,1,-0.03982613944106061,0.9373188893787414,0.017092860770546496,0.12812771737333695,0.12812771737333695
68,0,0,1,1,1,0,0,1,0,1,1,0,1,1,0,0,1,1,1,-0.3921497850325905,0.6485447168747005,0.0026161967996319807,0.028807250213664037,0.028807250213664037
2,0,0,0,1,0,1,0,0,0,0,0,0,0,0,0,0,0,0,0,-1.493992129500441,0.9544211124058478,0.01918286543259826,0.13658902706858933,0.13658902706858933
7,0,1,0,0,0,0,0,1,0,0,0,0,0,0,0,1,0,0,1,-1.3444207705229048,0.8848383086630132,0.012329368360988486,0.10389128471090825,0.10389128471090825
18,0,0,0,0,0,1,0,0,0,0,0,0,0,0,0,0,0,0,1,-1.5039635534322768,0.798585597100695,0.007259843514731271,0.06980238681281059,0.06980238681281059
71,0,0,0,1,0,1,0,0,0,0,0,0,0,0,1,0,1,0,0,-1.3211541146819548,0.6435679119154606,0.0025205988088756303,0.02783802704790539,0.02783802704790539
13,0,1,1,1,0,1,1,0,1,1,0,0,0,1,1,0,0,0,0,0.9639638696970715,0.8312566322761956,0.008894046614766308,0.0818402613059327,0.0818402613059327
3,1,1,0,0,0,0,0,1,0,1,0,1,0,0,0,0,0,0,1,-0.9289447733630818,0.9373188893787414,0.017092860770546496,0.12812771737333695,0.12812771737333695
72,0,1,0,1,0,1,1,0,0,1,1,0,1,1,1,0,1,0,1,1.2946827634362907,0.6419575496164033,0.002490279067928491,0.027529416300707155,0.027529416300707155
66,0,1,0,1,1,0,0,1,0,1,1,0,1,1,0,0,1,0,1,-0.2675069858846436,0.6519909407703324,0.0026840999053434323,0.029492182160968494,0.029492182160968494
24,0,1,0,1,1,1,0,0,0,0,0,0,0,0,0,1,0,0,1,-1.4624159537162946,0.7677256072562019,0.005964174846469762,0.05945002834593771,0.05945002834593771
1,1,0,0,0,0,1,0,1,0,0,0,0,0,0,0,0,0,1,1,-0.6879686950103844,0.9743124842439652,0.02235010364622835,0.1468274853100915,0.1468274853100915
56,0,0,0,1,1,1,0,0,0,0,0,0,0,0,1,0,1,0,1,-1.3410969625456262,0.6710090587453561,0.003085072619735503,0.03347844798497823,0.03347844798497823
22,0,0,1,1,0,1,0,0,0,0,0,0,0,0,1,1,0,0,0,-1.3028731708069223,0.7772239626242997,0.006339847981342745,0.0625297608539006,0.0625297608539006
14,1,1,0,0,0,0,0,1,0,0,1,0,1,1,0,0,0,1,1,-0.46693546452135865,0.8240576612486123,0.008508086494505379,0.07909398048302463,0.07909398048302463
61,1,0,1,1,0,1,1,0,0,1,1,0,1,1,1,1,0,0,1,1.3162875152886018,0.6611010360108607,0.002870516527482457,0.031357744906887475,0.031357744906887475
40,1,0,1,1,0,0,0,1,0,1,0,0,1,0,0,0,0,1,1,-0.8475114779197566,0.7099691459680679,0.004059910336396862,0.04277208089669704,0.04277208089669704
42,0,0,0,0,0,1,0,1,1,1,1,0,0,0,0,0,0,0,0,-0.17111655454356475,0.7043380877631116,0.0039051573709433167,0.0413329850998293,0.0413329850998293
72,0,0,0,1,1,1,0,1,1,0,1,1,1,1,1,0,1,0,1,0.6149640320828202,0.6419575496164033,0.002490279067928491,0.027529416300707155,0.027529416300707155
12,0,0,0,0,0,1,1,0,0,0,0,1,0,0,1,0,0,0,1,0.49032123293487334,0.8388580793219884,0.009318867014819062,0.08479678961103854,0.08479678961103854
71,0,1,0,1,0,1,0,0,0,0,0,0,0,0,1,0,1,0,0,-1.3410969625456262,0.6435679119154606,0.0025205988088756303,0.02783802704790539,0.02783802704790539
26,0,0,0,1,0,1,0,0,0,0,0,0,0,0,0,1,0,0,0,-1.5155968813527516,0.7588796606729277,0.005631521405658712,0.05666748667997901,0.05666748667997901
7,0,0,0,0,1,0,0,1,1,0,0,0,0,0,0,0,0,0,0,-1.163273235761222,0.8848383086630132,0.012329368360988486,0.10389128471090825,0.10389128471090825
6,0,0,0,1,1,1,0,1,0,0,0,0,0,0,0,0,0,0,0,-0.6414353833284843,0.8962011910421149,0.01321361285882388,0.10892151775419001,0.10892151775419001
58,1,0,0,0,0,1,1,0,1,1,1,0,1,1,0,1,0,1,1,1.3844255788228126,0.6669419291751147,0.0029954745981990286,0.0325962586220786,0.0325962586220786
51,0,1,0,1,0,0,0,1,0,1,0,0,0,0,0,0,0,0,1,-1.1549637158180255,0.681854139199785,0.003334724055742794,0.03591111081215892,0.03591111081215892
72,0,1,0,1,1,0,0,1,1,1,1,1,1,1,0,0,1,0,1,0.028311924093150503,0.6419575496164033,0.002490279067928491,0.027529416300707155,0.027529416300707155
18,1,0,0,0,0,1,1,0,1,0,0,0,1,1,0,0,0,1,1,1.0387495491858396,0.798585597100695,0.007259843514731271,0.06980238681281059,0.06980238681281059
7,1,0,0,0,0,1,1,0,0,0,0,0,0,0,1,0,0,0,1,0.34241177794597627,0.8848383086630132,0.012329368360988486,0.10389128471090825,0.10389128471090825
47,0,0,0,0,0,1,0,1,1,1,0,1,0,1,1,0,1,0,0,0.30751179418455127,0.6913226781406935,0.0035659686558325962,0.038131613989117574,0.038131613989117574
2,1,1,1,0,0,1,0,1,0,0,0,0,0,0,0,0,0,1,1,-0.6680258471467129,0.9544211124058478,0.01918286543259826,0.13658902706858933,0.13658902706858933
62,0,1,1,0,0,1,1,0,0,1,1,1,1,1,1,1,0,0,1,1.5273493218457916,0.6592190846564381,0.0028311702861325673,0.03096578220998969,0.03096578220998969
16,0,0,0,1,1,1,0,0,0,0,0,0,0,0,0,0,1,0,0,-1.4989778414663588,0.8107173068575363,0.007832475449686212,0.07414442618478301,0.07414442618478301
6,0,1,0,0,0,1,0,1,0,0,0,1,0,0,0,0,0,0,1,-0.5084830642373409,0.8962011910421149,0.01321361285882388,0.10892151775419001,0.10892151775419001
19,1,1,0,0,0,1,0,1,0,0,1,1,0,0,0,0,0,0,1,-0.32567362548701884,0.7929113200145855,0.0070048485392757275,0.06782398836650938,0.06782398836650938
69,0,0,0,1,1,0,0,1,1,0,1,0,0,1,0,0,1,0,1,-0.6929544069763023,0.6468608243449303,0.002583528294433392,0.028476690845760766,0.028476690845760766
11,1,1,0,1,1,1,1,0,0,0,0,0,0,0,1,0,0,1,1,0.3174832181163869,0.8469074549655476,0.009789108115316166,0.08799046091721618,0.08799046091721618
64,0,0,0,1,0,1,1,0,0,1,1,1,1,1,1,0,0,1,1,1.540644553754906,0.6555468612609421,0.002755656035094927,0.030210834407233156,0.030210834407233156
39,1,0,0,1,0,1,1,0,1,0,1,1,1,1,0,1,0,0,1,1.3262589392204374,0.7128864964214463,0.00414205349534239,0.043530572366621945,0.043530572366621945
15,1,0,0,0,0,1,0,1,1,0,0,0,0,0,1,0,0,0,1,-0.30240696964606867,0.817222359631732,0.00815567933565363,0.07653518145581295,0.07653518145581295
25,0,1,0,0,0,1,0,0,0,0,0,0,0,0,0,0,0,0,0,-1.4690635696708516,0.7632263722784222,0.005792955912006608,0.05802443652851541,0.05802443652851541
6,0,0,0,0,0,1,0,0,0,0,0,0,0,0,0,0,1,0,0,-1.5006397454549982,0.8962011910421149,0.01321361285882388,0.10892151775419001,0.10892151775419001
66,0,1,0,1,0,1,1,0,1,1,1,1,1,1,1,1,0,0,0,1.6952016246983599,0.6519909407703324,0.0026840999053434323,0.029492182160968494,0.029492182160968494
61,0,0,0,0,0,1,0,1,0,1,1,1,1,1,1,0,1,0,0,0.7927877588672247,0.6611010360108607,0.002870516527482457,0.031357744906887475,0.031357744906887475
43,0,0,1,1,0,1,1,0,1,1,0,0,1,0,1,0,0,1,1,0.9872305255380217,0.7016186635948665,0.003832182002392298,0.04064972482294138,0.04064972482294138
12,0,0,0,0,0,1,0,0,0,0,0,0,0,0,0,0,0,0,0,-1.4856826095572444,0.8388580793219884,0.009318867014819062,0.08479678961103854,0.08479678961103854
23,0,1,1,0,0,0,0,1,0,0,0,0,0,1,0,0,0,0,1,-1.0020685488632106,0.7723876776489026,0.006146116983133188,0.060949762364490456,0.060949762364490456
71,0,1,1,1,0,0,0,1,0,1,1,0,1,1,0,0,0,0,1,-0.4154164408735407,0.6435679119154606,0.0025205988088756303,0.02783802704790539,0.02783802704790539
34,0,0,0,0,0,1,0,1,0,0,0,1,1,0,1,0,0,0,0,0.006707172240839519,0.7286243341114813,0.004609291590527576,0.04777537654084685,0.04777537654084685
5,1,0,0,0,0,1,0,0,0,0,0,0,0,0,0,0,0,0,0,-1.493992129500441,0.9085818526659613,0.014256987321705751,0.11453932573635439,0.11453932573635439
41,0,0,0,1,0,0,0,1,0,1,0,1,0,0,0,1,0,0,0,-0.9754780850449819,0.7071206594283597,0.003981008341391358,0.042040010297382246,0.042040010297382246
72,0,0,0,1,1,1,0,0,0,0,0,0,0,0,0,0,1,0,0,-1.4989778414663588,0.6419575496164033,0.002490279067928491,0.027529416300707155,0.027529416300707155
14,0,1,1,0,0,1,1,0,0,0,0,0,1,1,1,0,0,1,1,1.023792413288086,0.8240576612486123,0.008508086494505379,0.07909398048302463,0.07909398048302463
41,0,0,0,0,0,1,0,0,0,0,0,0,0,0,0,0,1,0,1,-1.493992129500441,0.7071206594283597,0.003981008341391358,0.042040010297382246,0.042040010297382246
23,0,0,0,1,1,1,1,0,1,0,0,0,0,0,1,1,0,0,0,0.5667688164122807,0.7723876776489026,0.006146116983133188,0.060949762364490456,0.060949762364490456
71,0,1,0,1,1,1,1,0,1,1,1,1,1,1,0,0,1,0,0,1.479154106175252,0.6435679119154606,0.0025205988088756303,0.02783802704790539,0.02783802704790539
1,1,0,0,0,0,1,1,0,0,0,0,0,0,0,0,0,0,1,1,0.18286899503660436,0.9743124842439652,0.02235010364622835,0.1468274853100915,0.1468274853100915
72,0,1,0,1,0,1,0,0,0,0,0,0,0,0,1,0,1,0,0,-1.3095207867614798,0.6419575496164033,0.002490279067928491,0.027529416300707155,0.027529416300707155
6,0,1,0,1,1,1,1,0,0,0,0,0,0,0,0,0,0,1,1,0.16624995515021143,0.8962011910421149,0.01321361285882388,0.10892151775419001,0.10892151775419001
23,0,1,0,1,1,1,0,0,0,0,0,0,0,0,0,1,0,0,1,-1.4890064175345232,0.7723876776489026,0.006146116983133188,0.060949762364490456,0.060949762364490456
10,1,1,1,1,0,1,1,0,0,0,0,0,0,1,1,0,0,1,0,0.6897497115715884,0.8554585264638187,0.010313003097985489,0.09145336847937524,0.09145336847937524
72,0,0,0,0,0,1,1,0,1,1,1,1,1,1,0,0,1,1,1,1.4990969540389238,0.6419575496164033,0.002490279067928491,0.027529416300707155,0.027529416300707155
7,0,0,0,1,0,1,0,1,1,0,0,0,0,0,0,0,0,0,1,-0.48189260041911236,0.8848383086630132,0.012329368360988486,0.10389128471090825,0.10389128471090825
6,1,1,0,0,1,1,1,0,0,0,1,0,1,1,0,0,0,0,0,0.9872305255380217,0.8962011910421149,0.01321361285882388,0.10892151775419001,0.10892151775419001
9,0,1,0,1,1,1,1,0,0,1,0,1,1,1,0,0,0,1,1,1.2198970839475225,0.8645756330248363,0.010901071741709328,0.09522425637547682,0.09522425637547682
12,0,0,0,0,0,1,1,0,0,1,0,0,0,1,1,0,0,1,1,0.8094067987536177,0.8388580793219884,0.009318867014819062,0.08479678961103854,0.08479678961103854
1,0,0,0,0,0,1,0,0,0,0,0,0,0,0,0,0,0,0,1,-1.5089492653981946,0.9743124842439652,0.02235010364622835,0.1468274853100915,0.1468274853100915
48,0,0,1,1,1,0,0,1,0,1,0,0,0,0,0,1,0,0,0,-1.1599494277839435,0.6888828979881829,0.003505164885370563,0.03755076913789834,0.03755076913789834
20,0,1,0,0,0,1,1,0,0,0,0,0,1,0,0,0,0,1,0,0.465392673105284,0.7874709741517664,0.006767715032425889,0.0659587290124013,0.0659587290124013
16,1,0,1,1,0,1,1,0,0,0,0,0,0,1,1,0,0,0,1,0.6831020956170311,0.8107173068575363,0.007832475449686212,0.07414442618478301,0.07414442618478301
2,1,0,0,0,0,1,1,0,0,0,0,0,1,0,0,0,0,0,1,0.4936450409121522,0.9544211124058478,0.01918286543259826,0.13658902706858933,0.13658902706858933
10,0,0,0,0,0,1,0,0,0,0,0,0,0,0,0,1,0,0,1,-1.5122730733754732,0.8554585264638187,0.010313003097985489,0.09145336847937524,0.09145336847937524
2,1,0,1,0,0,1,1,0,0,0,0,0,0,1,0,0,0,1,1,0.49198313692351253,0.9544211124058478,0.01918286543259826,0.13658902706858933,0.13658902706858933
20,0,1,0,1,1,1,1,0,0,1,0,1,1,0,1,0,0,0,0,1.063678109015429,0.7874709741517664,0.006767715032425889,0.0659587290124013,0.0659587290124013
20,0,1,0,1,0,1,0,0,0,0,0,0,0,0,0,1,0,0,0,-1.4674016656822124,0.7874709741517664,0.006767715032425889,0.0659587290124013,0.0659587290124013
19,0,1,0,1,1,1,0,0,0,0,0,0,0,0,0,1,0,0,0,-1.4956540334890804,0.7929113200145855,0.0070048485392757275,0.06782398836650938,0.06782398836650938
19,1,1,1,0,0,1,1,0,1,0,0,0,1,0,1,0,0,1,1,0.8576020144241567,0.7929113200145855,0.0070048485392757275,0.06782398836650938,0.06782398836650938
22,0,1,0,1,0,1,1,0,1,1,0,1,1,1,0,0,0,1,1,1.3229351312431585,0.7772239626242997,0.006339847981342745,0.0625297608539006,0.0625297608539006
35,0,0,0,0,0,1,1,0,0,0,0,1,0,0,1,0,0,0,0,0.5069402728212663,0.7253108322429414,0.004507451042951911,0.04686012202126277,0.04686012202126277
1,0,0,0,0,0,1,0,1,0,0,0,0,0,0,0,0,0,0,0,-0.6530687112489594,0.9743124842439652,0.02235010364622835,0.1468274853100915,0.1468274853100915
39,0,1,0,0,0,1,1,0,0,0,0,0,0,0,1,0,0,0,1,0.2775975223890443,0.7128864964214463,0.00414205349534239,0.043530572366621945,0.043530572366621945
54,0,0,1,1,0,1,1,0,0,0,1,1,1,1,0,1,0,1,1,1.1401256924928365,0.6752256920763566,0.003180258311786613,0.03441034838970081,0.03441034838970081
1,1,0,0,0,0,1,0,0,0,0,0,0,0,0,0,0,0,0,1,-1.4823588015799658,0.9743124842439652,0.02235010364622835,0.1468274853100915,0.1468274853100915
66,1,1,0,1,0,1,1,0,1,0,1,0,1,1,1,0,1,0,1,1.371130346913698,0.6519909407703324,0.0026840999053434323,0.029492182160968494,0.029492182160968494
56,0,1,0,0,0,1,1,0,1,0,0,1,1,1,1,0,0,0,1,1.347863691072748,0.6710090587453561,0.003085072619735503,0.03347844798497823,0.03347844798497823
18,0,1,0,0,1,1,0,1,0,0,0,0,0,0,0,0,0,0,1,-0.6364496713625665,0.798585597100695,0.007259843514731271,0.06980238681281059,0.06980238681281059
16,0,0,0,1,1,1,1,0,0,1,0,0,0,0,1,0,0,0,1,0.5036164648439879,0.8107173068575363,0.007832475449686212,0.07414442618478301,0.07414442618478301
68,0,0,0,0,0,1,0,1,1,0,1,0,0,0,0,1,0,0,1,-0.343954569362051,0.6485447168747005,0.0026161967996319807,0.028807250213664037,0.028807250213664037
53,0,0,1,1,0,1,0,0,0,0,0,0,0,0,1,0,1,0,0,-1.3194922106933153,0.6773932996244997,0.003230113874366814,0.03489628604896822,0.03489628604896822
72,0,0,0,1,1,1,0,1,1,0,1,1,1,1,1,0,1,0,0,0.6614973437647206,0.6419575496164033,0.002490279067928491,0.027529416300707155,0.027529416300707155
9,0,1,0,0,0,1,1,0,0,0,0,0,0,0,1,0,0,1,1,0.3673403377755657,0.8645756330248363,0.010901071741709328,0.09522425637547682,0.09522425637547682
30,0,0,0,0,0,1,0,1,1,0,0,0,0,0,0,0,0,0,1,-0.5317497200782911,0.7428424163487329,0.0050683354621543905,0.051833777579476825,0.051833777579476825
36,1,0,0,0,0,1,1,0,0,1,0,0,1,1,1,0,0,1,1,1.141787596481476,0.7220842981429184,0.004410087057617903,0.045979950318991825,0.045979950318991825
18,0,0,0,0,0,0,0,1,0,0,1,1,0,0,0,0,0,1,1,-0.9837876049881783,0.798585597100695,0.007259843514731271,0.06980238681281059,0.06980238681281059
55,0,0,1,1,1,1,0,1,1,0,1,1,1,0,1,1,0,1,0,0.3806355696846802,0.6730980579890953,0.0031319345818057722,0.033937922764987416,0.033937922764987416
39,1,0,0,1,0,0,0,1,1,0,1,0,1,1,0,0,0,1,0,-0.29575935369151163,0.7128864964214463,0.00414205349534239,0.043530572366621945,0.043530572366621945
21,1,1,0,0,0,1,1,0,0,1,0,0,0,0,1,0,0,1,1,0.5833878562986736,0.7822470612896891,0.006546583090128551,0.06419686154369075,0.06419686154369075
2,1,1,0,0,0,0,0,1,0,1,1,1,0,0,0,0,0,0,1,-0.8109495901696921,0.9544211124058478,0.01918286543259826,0.13658902706858933,0.13658902706858933
33,0,1,1,0,0,1,0,0,0,0,0,0,0,0,1,1,0,0,1,-1.3261398266478726,0.732029255003116,0.004715929386838689,0.04872789424351476,0.04872789424351476
44,0,1,0,1,0,0,0,1,0,1,1,0,1,1,0,0,1,0,0,-0.348940281327969,0.6989597866938809,0.0037619201221218337,0.03998903582240876,0.03998903582240876
30,0,0,0,1,1,1,0,1,1,0,0,1,0,1,0,0,0,0,0,0.049916675945461016,0.7428424163487329,0.0050683354621543905,0.051833777579476825,0.051833777579476825
71,0,0,0,1,0,1,0,0,0,0,0,0,0,0,0,0,1,0,1,-1.459092145739016,0.6435679119154606,0.0025205988088756303,0.02783802704790539,0.02783802704790539
4,1,0,0,0,0,1,1,0,0,0,0,0,0,0,1,0,0,1,0,0.3507212978891727,0.9221895280070969,0.015517187361763772,0.12087777811840728,0.12087777811840728
35,1,1,0,0,1,1,1,0,0,0,1,0,1,0,0,1,0,1,1,0.6764544796624743,0.7253108322429414,0.004507451042951911,0.04686012202126277,0.04686012202126277
1,0,1,0,1,0,1,1,0,0,0,1,0,0,0,0,0,0,0,0,0.3507212978891727,0.9743124842439652,0.02235010364622835,0.1468274853100915,0.1468274853100915
23,0,1,1,1,0,1,1,0,0,1,1,0,1,1,1,0,0,1,1,1.317949419277241,0.7723876776489026,0.006146116983133188,0.060949762364490456,0.060949762364490456
22,0,0,0,0,1,0,0,1,0,0,1,0,1,1,0,1,0,0,1,-0.5101449682259801,0.7772239626242997,0.006339847981342745,0.0625297608539006,0.0625297608539006
49,0,0,0,0,1,1,0,0,0,0,0,0,0,0,0,1,0,0,0,-1.5072873614095552,0.6864927538867036,0.0034464244917631367,0.03698759780359384,0.03698759780359384
42,0,0,0,1,1,1,1,0,0,0,1,0,1,1,0,0,0,1,1,0.9091210380719752,0.7043380877631116,0.0039051573709433167,0.0413329850998293,0.0413329850998293
33,1,0,0,1,1,1,1,0,0,0,1,0,1,1,0,1,0,1,1,0.9639638696970715,0.732029255003116,0.004715929386838689,0.04872789424351476,0.04872789424351476
7,0,0,0,1,1,1,0,0,0,0,0,0,0,0,0,0,1,0,0,-1.493992129500441,0.8848383086630132,0.012329368360988486,0.10389128471090825,0.10389128471090825
67,0,0,0,1,1,1,1,0,1,0,1,1,0,1,1,1,0,0,1,1.1783494842315403,0.6502545080837984,0.0026497095459112013,0.029145652408135048,0.029145652408135048
15,0,1,0,0,0,1,1,0,0,1,0,1,0,1,1,0,0,1,0,1.0271162212653648,0.817222359631732,0.00815567933565363,0.07653518145581295,0.07653518145581295
67,0,1,0,1,0,1,1,0,0,1,1,0,0,1,1,0,1,1,1,0.942359117844761,0.6502545080837984,0.0026497095459112013,0.029145652408135048,0.029145652408135048
53,0,1,0,1,1,1,0,1,1,1,0,1,1,0,0,0,1,0,1,0.16292614717293305,0.6773932996244997,0.003230113874366814,0.03489628604896822,0.03489628604896822
21,0,1,0,1,1,1,0,0,0,0,0,0,0,0,0,1,0,0,0,-1.4956540334890804,0.7822470612896891,0.006546583090128551,0.06419686154369075,0.06419686154369075
40,0,0,0,1,1,1,0,1,1,1,0,1,0,1,0,0,0,0,1,0.2177689787980294,0.7099691459680679,0.004059910336396862,0.04277208089669704,0.04277208089669704
22,0,0,0,1,1,1,0,0,0,0,0,0,0,0,0,1,0,0,0,-1.4640778577049338,0.7772239626242997,0.006339847981342745,0.0625297608539006,0.0625297608539006
39,0,1,0,0,0,0,0,1,0,0,0,1,0,1,0,0,0,1,1,-0.8043019742151348,0.7128864964214463,0.00414205349534239,0.043530572366621945,0.043530572366621945
45,1,1,0,0,0,1,0,0,0,0,0,0,0,0,0,1,0,1,1,-1.4757111856254088,0.6963590108821652,0.0036942216775406023,0.039349803973645514,0.039349803973645514
2,0,0,0,1,0,1,0,0,0,0,0,0,0,0,0,0,0,0,0,-1.477373089614048,0.9544211124058478,0.01918286543259826,0.13658902706858933,0.13658902706858933
57,0,0,0,1,1,1,0,0,0,0,0,0,0,0,0,0,1,0,0,-1.4973159374777196,0.6689574203086703,0.003039606595789443,0.03303139376725084,0.03303139376725084
8,0,1,0,1,1,1,0,1,0,0,0,0,1,0,0,0,0,1,1,-0.3456164733506904,0.8743368175545859,0.01156705087089483,0.09935054964947354,0.09935054964947354
7,1,1,1,1,0,1,1,0,1,1,0,0,0,1,1,0,0,0,1,0.9938781414925789,0.8848383086630132,0.012329368360988486,0.10389128471090825,0.10389128471090825
6,1,1,0,0,0,0,0,1,0,1,0,0,0,0,0,0,0,0,1,-1.1400065799202719,0.8962011910421149,0.01321361285882388,0.10892151775419001,0.10892151775419001
7,0,0,0,1,1,1,0,0,0,0,0,0,0,0,0,0,0,0,0,-1.4740492816367694,0.8848383086630132,0.012329368360988486,0.10389128471090825,0.10389128471090825
49,0,1,0,0,0,1,0,1,0,0,0,1,1,0,1,0,1,0,1,0.04493096397954342,0.6864927538867036,0.0034464244917631367,0.03698759780359384,0.03698759780359384
65,0,0,0,0,0,1,1,0,1,1,0,1,0,0,1,1,0,1,1,0.8326734545945673,0.6537547892731487,0.002719403042122667,0.02984713825493901,0.02984713825493901
55,0,0,0,0,0,1,0,1,0,0,0,0,0,0,0,1,0,0,0,-0.656392519226238,0.6730980579890953,0.0031319345818057722,0.033937922764987416,0.033937922764987416
71,0,1,0,1,1,1,0,1,1,1,1,1,1,1,1,0,1,0,0,0.7329592152762099,0.6435679119154606,0.0025205988088756303,0.02783802704790539,0.02783802704790539
35,0,1,0,0,0,1,1,0,1,1,1,1,0,0,1,0,0,0,1,1.0620162050267898,0.7253108322429414,0.004507451042951911,0.04686012202126277,0.04686012202126277
3,1,1,1,0,0,1,1,0,0,0,0,0,0,0,1,0,0,1,1,0.40556412951426957,0.9373188893787414,0.017092860770546496,0.12812771737333695,0.12812771737333695
11,1,0,0,0,1,1,0,0,0,0,0,0,0,0,0,0,0,0,0,-1.4856826095572444,0.8469074549655476,0.009789108115316166,0.08799046091721618,0.08799046091721618
1,1,0,0,0,0,1,1,0,0,0,1,0,0,0,0,0,0,1,0,0.34905939390053353,0.9743124842439652,0.02235010364622835,0.1468274853100915,0.1468274853100915
17,0,1,0,0,0,1,1,0,1,1,1,1,1,0,1,0,0,0,1,1.3910731947773698,0.8045134998853144,0.007534869537132169,0.07190499047148602,0.07190499047148602
72,0,0,0,1,0,1,1,0,1,0,1,1,1,1,1,0,1,0,1,1.5074064739821202,0.6419575496164033,0.002490279067928491,0.027529416300707155,0.027529416300707155
28,0,0,0,1,1,1,1,0,1,0,0,0,0,1,0,1,0,0,1,0.6000068961850665,0.7506071373425116,0.0053347764644180165,0.05414016114784159,0.05414016114784159
18,0,0,0,1,0,1,0,0,0,0,0,0,0,0,0,0,1,0,0,-1.4856826095572444,0.798585597100695,0.007259843514731271,0.06980238681281059,0.06980238681281059
40,1,0,1,1,0,1,1,0,0,1,0,1,1,1,0,1,0,0,1,1.1434495004701153,0.7099691459680679,0.004059910336396862,0.04277208089669704,0.04277208089669704
52,0,0,0,0,0,1,0,1,0,0,1,0,0,1,0,0,0,1,1,-0.1777641704981218,0.6796022882225629,0.00328157591746785,0.03539633014558485,0.03539633014558485
47,0,0,0,1,0,1,0,1,0,1,0,0,1,0,0,0,0,0,1,-0.20601653830498978,0.6913226781406935,0.0035659686558325962,0.038131613989117574,0.038131613989117574
23,0,0,0,0,0,1,0,1,0,0,1,0,0,0,0,0,0,0,0,-0.5018354482827837,0.7723876776489026,0.006146116983133188,0.060949762364490456,0.060949762364490456
66,0,1,0,1,1,1,0,1,1,1,1,1,0,0,0,0,1,0,0,0.034959540047707294,0.6519909407703324,0.0026840999053434323,0.029492182160968494,0.029492182160968494
8,0,0,0,0,0,1,1,0,0,0,0,0,0,0,1,0,0,1,1,0.2892308503095191,0.8743368175545859,0.01156705087089483,0.09935054964947354,0.09935054964947354
47,1,1,1,0,0,1,1,0,1,0,0,0,0,1,0,0,0,0,0,0.6880878075829492,0.6913226781406935,0.0035659686558325962,0.038131613989117574,0.038131613989117574
7,1,0,0,0,0,1,0,0,0,0,0,0,0,0,0,0,0,0,0,-1.487344513545884,0.8848383086630132,0.012329368360988486,0.10389128471090825,0.10389128471090825
71,0,0,0,1,1,1,1,0,1,1,1,1,1,1,1,0,1,0,0,1.6237397531868707,0.6435679119154606,0.0025205988088756303,0.02783802704790539,0.02783802704790539
50,0,0,1,0,0,1,1,0,1,1,0,0,0,0,1,0,0,1,1,0.6182878400600991,0.6841504128114664,0.003389643293482253,0.03644129666249096,0.03644129666249096
46,0,1,0,1,0,1,0,1,1,1,1,1,0,0,0,0,1,0,0,0.028311924093150503,0.6938140321924815,0.003628947567853564,0.038730988089776375,0.038730988089776375
1,1,1,0,0,0,1,1,0,0,0,0,0,0,0,0,0,0,1,0,0.18619280301388322,0.9743124842439652,0.02235010364622835,0.1468274853100915,0.1468274853100915
66,0,0,0,0,0,0,0,1,1,0,1,1,1,1,0,0,1,0,1,-0.11461181892982873,0.6519909407703324,0.0026840999053434323,0.029492182160968494,0.029492182160968494
42,0,0,0,1,0,1,1,0,0,0,1,1,0,0,1,0,0,0,1,0.7013830394920637,0.7043380877631116,0.0039051573709433167,0.0413329850998293,0.0413329850998293
5,0,0,0,0,0,1,1,0,0,0,0,1,0,0,0,0,0,0,1,0.36069272182100887,0.9085818526659613,0.014256987321705751,0.11453932573635439,0.11453932573635439
7,1,1,0,1,1,1,0,1,1,0,0,0,0,0,0,1,0,1,1,-0.5001735442941445,0.8848383086630132,0.012329368360988486,0.10389128471090825,0.10389128471090825
29,0,1,0,0,0,1,0,1,0,1,1,0,0,1,1,1,0,0,0,0.20281184290027615,0.746664964341879,0.005198070769814978,0.05296124339833497,0.05296124339833497
27,0,0,0,1,1,1,0,1,0,1,0,0,0,0,0,0,0,0,0,-0.49684973631686585,0.7546760980475697,0.005479040808994945,0.05537422178102336,0.05537422178102336
15,1,0,1,0,0,1,1,0,0,1,0,0,0,0,0,0,0,0,1,0.34905939390053353,0.817222359631732,0.00815567933565363,0.07653518145581295,0.07653518145581295
25,0,0,0,1,1,1,0,0,0,0,0,0,0,0,0,0,1,0,0,-1.4856826095572444,0.7632263722784222,0.005792955912006608,0.05802443652851541,0.05802443652851541
11,1,0,0,1,0,1,1,0,0,0,0,0,1,1,1,0,0,1,1,0.9706114856516288,0.8469074549655476,0.009789108115316166,0.08799046091721618,0.08799046091721618
57,0,1,0,1,0,1,1,0,1,1,1,1,1,0,1,0,0,1,1,1.2714161075953405,0.6689574203086703,0.003039606595789443,0.03303139376725084,0.03303139376725084
67,1,1,0,0,0,1,1,0,1,1,1,1,1,1,1,1,0,0,1,1.7799587281189637,0.6502545080837984,0.0026497095459112013,0.029145652408135048,0.029145652408135048
47,0,0,1,1,0,1,1,0,0,0,1,0,1,1,1,0,0,1,0,1.160068540356508,0.6913226781406935,0.0035659686558325962,0.038131613989117574,0.038131613989117574
13,0,0,0,0,0,1,1,0,0,0,0,0,1,0,0,0,0,0,1,0.5684307204009204,0.8312566322761956,0.008894046614766308,0.0818402613059327,0.0818402613059327
8,1,1,0,0,0,0,0,1,1,0,0,0,0,0,0,0,0,1,1,-1.141668483908911,0.8743368175545859,0.01156705087089483,0.09935054964947354,0.09935054964947354
44,1,0,0,1,0,1,1,0,0,0,0,0,1,1,1,0,0,1,1,1.0404114531744788,0.6989597866938809,0.0037619201221218337,0.03998903582240876,0.03998903582240876
71,0,1,0,1,1,1,0,1,1,0,0,0,1,0,1,1,0,1,1,0.04659286796818262,0.6435679119154606,0.0025205988088756303,0.02783802704790539,0.02783802704790539
24,1,1,1,1,0,1,1,0,0,1,1,0,1,1,1,0,0,1,1,1.3113018033226835,0.7677256072562019,0.005964174846469762,0.05945002834593771,0.05945002834593771
15,1,1,1,0,0,1,1,0,0,1,0,0,0,0,1,0,0,1,1,0.5119259847871843,0.817222359631732,0.00815567933565363,0.07653518145581295,0.07653518145581295
1,0,0,0,0,0,1,0,0,0,0,0,0,0,0,0,0,0,1,0,-1.4973159374777196,0.9743124842439652,0.02235010364622835,0.1468274853100915,0.1468274853100915
2,0,1,1,0,0,1,1,0,0,0,0,0,0,0,1,0,0,0,1,0.2593165785140117,0.9544211124058478,0.01918286543259826,0.13658902706858933,0.13658902706858933
55,0,1,1,0,0,1,1,0,1,1,1,1,1,1,1,0,0,1,1,1.7184682805393101,0.6730980579890953,0.0031319345818057722,0.033937922764987416,0.033937922764987416
71,0,1,1,0,0,1,1,0,0,1,0,1,1,1,1,0,1,1,1,1.3960589067432874,0.6435679119154606,0.0025205988088756303,0.02783802704790539,0.02783802704790539
50,0,1,0,1,1,1,0,0,0,0,0,0,0,0,1,0,1,0,0,-1.3244779226592331,0.6841504128114664,0.003389643293482253,0.03644129666249096,0.03644129666249096
1,0,1,0,0,0,1,1,0,0,0,0,0,1,1,0,0,0,1,1,0.812730606730896,0.9743124842439652,0.02235010364622835,0.1468274853100915,0.1468274853100915
5,0,1,0,0,0,1,0,0,0,0,0,0,0,0,0,0,0,0,1,-1.5139349773641124,0.9085818526659613,0.014256987321705751,0.11453932573635439,0.11453932573635439
66,0,0,0,0,0,1,1,0,1,1,1,1,1,0,1,1,0,0,1,1.3212732272545193,0.6519909407703324,0.0026840999053434323,0.029492182160968494,0.029492182160968494
49,0,0,0,1,1,1,0,1,1,1,1,1,1,1,0,1,0,0,1,0.7445925431966852,0.6864927538867036,0.0034464244917631367,0.03698759780359384,0.03698759780359384
3,0,0,1,1,0,0,0,1,0,1,0,0,0,0,0,0,0,1,1,-1.1316970599770755,0.9373188893787414,0.017092860770546496,0.12812771737333695,0.12812771737333695
66,0,1,0,1,1,1,0,0,0,0,0,0,0,0,1,1,0,0,1,-1.2995493628296437,0.6519909407703324,0.0026840999053434323,0.029492182160968494,0.029492182160968494
11,0,1,0,0,1,1,1,0,0,0,0,0,0,1,1,0,0,1,0,0.7113544634238993,0.8469074549655476,0.009789108115316166,0.08799046091721618,0.08799046091721618
28,0,1,0,0,0,0,0,1,0,0,0,1,0,0,0,0,0,0,1,-1.153301811829386,0.7506071373425116,0.0053347764644180165,0.05414016114784159,0.05414016114784159
65,0,1,0,1,0,1,1,0,1,1,1,0,1,0,1,0,1,1,1,1.1484352124360329,0.6537547892731487,0.002719403042122667,0.02984713825493901,0.02984713825493901
62,0,0,0,0,0,1,0,0,0,0,0,0,0,0,0,0,1,0,1,-1.5155968813527516,0.6592190846564381,0.0028311702861325673,0.03096578220998969,0.03096578220998969
2,0,0,0,1,0,1,0,0,0,0,0,0,0,0,0,0,0,0,0,-1.4856826095572444,0.9544211124058478,0.01918286543259826,0.13658902706858933,0.13658902706858933
2,0,0,0,0,0,1,0,0,0,0,0,0,0,0,0,0,0,0,0,-1.477373089614048,0.9544211124058478,0.01918286543259826,0.13658902706858933,0.13658902706858933
55,0,0,0,1,1,1,0,0,0,0,0,0,0,0,1,0,1,0,1,-1.3012112668182831,0.6730980579890953,0.0031319345818057722,0.033937922764987416,0.033937922764987416
41,0,1,1,1,0,1,1,0,0,1,0,0,1,1,0,0,0,1,1,0.9888924295266609,0.7071206594283597,0.003981008341391358,0.042040010297382246,0.042040010297382246
17,1,0,0,1,1,1,1,0,1,0,1,0,1,1,1,0,0,1,1,1.3096398993340443,0.8045134998853144,0.007534869537132169,0.07190499047148602,0.07190499047148602
30,0,0,0,0,0,1,1,0,0,0,0,1,1,1,0,1,0,0,1,0.9839067175607433,0.7428424163487329,0.0050683354621543905,0.051833777579476825,0.051833777579476825
17,0,1,0,0,0,1,0,1,1,1,0,0,0,0,0,1,0,0,0,-0.28911173773695437,0.8045134998853144,0.007534869537132169,0.07190499047148602,0.07190499047148602
16,0,0,0,1,1,1,0,1,1,1,0,1,0,1,0,0,1,0,0,0.11473093150239348,0.8107173068575363,0.007832475449686212,0.07414442618478301,0.07414442618478301
72,0,1,0,0,0,1,0,0,0,0,0,0,0,0,1,0,1,0,0,-1.3311255386137903,0.6419575496164033,0.002490279067928491,0.027529416300707155,0.027529416300707155
9,0,1,0,0,0,1,1,0,0,0,0,0,0,0,1,0,0,1,1,0.3806355696846802,0.8645756330248363,0.010901071741709328,0.09522425637547682,0.09522425637547682
1,0,0,0,0,0,1,1,0,0,1,0,0,0,0,0,0,0,1,0,0.3174832181163869,0.9743124842439652,0.02235010364622835,0.1468274853100915,0.1468274853100915
23,0,1,0,0,1,1,0,1,0,1,0,1,0,0,0,0,0,1,0,-0.35392599329388685,0.7723876776489026,0.006146116983133188,0.060949762364490456,0.060949762364490456
8,0,1,0,0,1,1,0,0,0,0,0,0,0,0,0,0,0,0,0,-1.5072873614095552,0.8743368175545859,0.01156705087089483,0.09935054964947354,0.09935054964947354
19,0,1,0,1,1,0,0,1,1,1,0,0,0,0,0,0,0,0,1,-0.9920971249313748,0.7929113200145855,0.0070048485392757275,0.06782398836650938,0.06782398836650938
7,0,0,0,0,0,1,0,1,1,0,0,0,0,0,1,0,0,1,1,-0.37054503318027976,0.8848383086630132,0.012329368360988486,0.10389128471090825,0.10389128471090825
1,1,1,1,0,0,1,1,0,0,0,0,0,0,0,0,0,0,1,1,0.16126424318429386,0.9743124842439652,0.02235010364622835,0.1468274853100915,0.1468274853100915
61,0,1,0,0,0,1,1,0,1,0,1,0,1,1,1,1,0,1,0,1.3029922833794871,0.6611010360108607,0.002870516527482457,0.031357744906887475,0.031357744906887475
57,0,0,0,1,0,1,0,1,1,1,0,1,1,0,0,0,1,0,1,0.18453089902524356,0.6689574203086703,0.003039606595789443,0.03303139376725084,0.03303139376725084
9,1,1,0,0,0,1,1,0,0,0,0,0,0,1,0,0,0,1,1,0.5318688326508556,0.8645756330248363,0.010901071741709328,0.09522425637547682,0.09522425637547682
15,0,1,0,0,1,1,0,1,1,0,1,0,0,1,0,1,0,0,0,0.0017214602749214547,0.817222359631732,0.00815567933565363,0.07653518145581295,0.07653518145581295
1,0,0,0,0,0,1,0,0,0,0,0,0,0,0,0,0,0,0,0,-1.5006397454549982,0.9743124842439652,0.02235010364622835,0.1468274853100915,0.1468274853100915
12,0,0,0,1,0,1,0,1,0,0,0,0,0,0,0,0,0,0,0,-0.62814015141937,0.8388580793219884,0.009318867014819062,0.08479678961103854,0.08479678961103854
54,0,1,0,0,0,1,0,0,0,0,0,0,0,0,0,0,1,0,0,-1.4890064175345232,0.6752256920763566,0.003180258311786613,0.03441034838970081,0.03441034838970081
4,0,1,0,1,1,1,0,1,0,0,0,0,0,0,0,0,0,1,0,-0.6647020391694345,0.9221895280070969,0.015517187361763772,0.12087777811840728,0.12087777811840728
7,1,0,0,0,0,1,1,0,0,0,0,0,1,0,0,0,0,0,1,0.5152497927644627,0.8848383086630132,0.012329368360988486,0.10389128471090825,0.10389128471090825
20,0,0,0,1,0,1,0,0,0,0,0,0,0,0,0,1,0,0,0,-1.477373089614048,0.7874709741517664,0.006767715032425889,0.0659587290124013,0.0659587290124013
26,0,0,0,0,1,0,0,1,1,0,0,1,0,1,0,0,0,0,0,-0.6314639593966487,0.7588796606729277,0.005631521405658712,0.05666748667997901,0.05666748667997901
36,1,1,1,1,0,1,1,0,0,0,0,0,0,1,1,0,0,1,1,0.6415544959010488,0.7220842981429184,0.004410087057617903,0.045979950318991825,0.045979950318991825
53,0,0,0,1,0,1,1,0,0,1,1,1,1,1,1,1,0,0,1,1.4675207782547772,0.6773932996244997,0.003230113874366814,0.03489628604896822,0.03489628604896822
3,1,1,0,0,0,1,0,1,0,0,0,1,1,1,0,0,0,1,1,0.15129281925245772,0.9373188893787414,0.017092860770546496,0.12812771737333695,0.12812771737333695
68,0,0,0,0,0,0,0,1,1,1,1,1,1,1,0,0,1,0,0,-0.014897579611471463,0.6485447168747005,0.0026161967996319807,0.028807250213664037,0.028807250213664037
72,0,1,0,1,1,1,0,1,1,1,1,1,1,1,1,0,1,0,1,0.864249630378714,0.6419575496164033,0.002490279067928491,0.027529416300707155,0.027529416300707155
12,0,1,0,0,0,1,0,0,0,0,0,0,0,0,1,1,0,0,0,-1.3244779226592331,0.8388580793219884,0.009318867014819062,0.08479678961103854,0.08479678961103854
34,1,0,1,1,1,1,1,0,0,1,0,0,0,0,1,0,0,0,1,0.49198313692351253,0.7286243341114813,0.004609291590527576,0.04777537654084685,0.04777537654084685
68,0,0,0,1,0,1,1,0,1,1,0,0,0,0,1,0,1,0,1,0.6614973437647206,0.6485447168747005,0.0026161967996319807,0.028807250213664037,0.028807250213664037
50,0,0,0,0,1,1,0,1,1,0,1,1,1,0,0,1,0,0,1,0.19948803492299727,0.6841504128114664,0.003389643293482253,0.03644129666249096,0.03644129666249096
1,1,0,1,0,0,0,0,1,0,0,0,0,1,0,0,0,0,1,1,-0.942240005272196,0.9743124842439652,0.02235010364622835,0.1468274853100915,0.1468274853100915
41,0,0,1,0,0,1,1,0,0,1,1,0,1,1,1,0,0,1,1,1.3162875152886018,0.7071206594283597,0.003981008341391358,0.042040010297382246,0.042040010297382246
30,0,1,1,1,0,1,1,0,0,0,0,1,1,1,1,0,0,1,1,1.2198970839475225,0.7428424163487329,0.0050683354621543905,0.051833777579476825,0.051833777579476825
1,0,1,0,0,0,1,0,1,0,1,0,0,0,0,1,0,0,1,0,-0.348940281327969,0.9743124842439652,0.02235010364622835,0.1468274853100915,0.1468274853100915
29,0,1,1,1,1,1,1,0,0,0,1,0,1,1,1,0,0,1,1,1.301330379390848,0.746664964341879,0.005198070769814978,0.05296124339833497,0.05296124339833497
23,0,0,0,1,1,1,0,1,1,1,1,1,1,1,1,0,1,0,1,0.8742210543105496,0.7723876776489026,0.006146116983133188,0.060949762364490456,0.060949762364490456
60,0,1,0,0,1,1,0,0,0,0,0,0,0,0,0,0,1,0,0,-1.4906683215231624,0.6630148153227823,0.0029109829180785306,0.031759872056746574,0.031759872056746574
72,0,0,0,1,0,1,0,0,0,0,0,0,0,0,1,0,1,0,0,-1.2746208030000543,0.6419575496164033,0.002490279067928491,0.027529416300707155,0.027529416300707155
22,1,1,0,0,1,1,1,0,0,1,1,0,1,0,0,0,0,1,1,0.8177163186968142,0.7772239626242997,0.006339847981342745,0.0625297608539006,0.0625297608539006
72,0,1,0,0,0,1,0,1,1,1,1,1,1,0,0,0,1,0,1,0.34241177794597627,0.6419575496164033,0.002490279067928491,0.027529416300707155,0.027529416300707155
66,0,0,1,0,0,1,1,0,0,1,1,0,1,1,1,1,0,0,0,1.439268410447909,0.6519909407703324,0.0026840999053434323,0.029492182160968494,0.029492182160968494
72,0,0,0,1,0,1,1,0,0,1,1,1,1,1,1,0,1,1,1,1.5074064739821202,0.6419575496164033,0.002490279067928491,0.027529416300707155,0.027529416300707155
47,1,0,1,1,0,1,1,0,1,0,0,0,0,0,1,0,0,1,0,0.5169116967531019,0.6913226781406935,0.0035659686558325962,0.038131613989117574,0.038131613989117574
51,0,0,0,0,0,1,1,0,0,1,1,1,1,1,1,1,0,1,1,1.5522778816753808,0.681854139199785,0.003334724055742794,0.03591111081215892,0.03591111081215892
70,0,0,0,1,1,1,1,0,0,1,1,0,1,1,1,1,0,1,1,1.3860874828114518,0.6452021175658147,0.002551672337160255,0.02815370280249474,0.02815370280249474
9,0,1,0,0,0,1,0,0,0,0,0,0,0,0,0,1,0,1,1,-1.4923302255118018,0.8645756330248363,0.010901071741709328,0.09522425637547682,0.09522425637547682
59,0,1,0,1,1,1,1,0,1,1,0,1,1,1,1,0,1,0,1,1.5389826497662664,0.6649614286359096,0.0029526183444970946,0.03217256791019485,0.03217256791019485
3,0,1,0,0,1,1,0,1,0,0,0,1,1,1,0,0,0,0,0,0.1961642269457189,0.9373188893787414,0.017092860770546496,0.12812771737333695,0.12812771737333695
38,0,1,1,1,0,0,0,1,0,0,0,0,0,0,0,0,0,1,1,-1.3278017306365117,0.7158758576100376,0.0042276442662364,0.04431696426317133,0.04431696426317133
37,0,0,0,0,0,1,1,0,1,1,1,0,0,0,1,0,0,0,0,0.8775448622878286,0.7189405920832638,0.0043169072108659315,0.0451328504105416,0.0451328504105416
37,0,1,0,0,0,1,0,1,1,1,1,1,0,0,0,0,1,0,0,0.026650020104510834,0.7189405920832638,0.0043169072108659315,0.0451328504105416,0.0451328504105416
24,1,0,1,1,0,0,0,1,0,0,1,0,0,1,0,0,0,0,1,-0.8026400702264956,0.7677256072562019,0.005964174846469762,0.05945002834593771,0.05945002834593771
14,0,0,0,1,1,1,0,1,1,1,0,1,0,0,0,0,0,0,0,-0.1777641704981218,0.8240576612486123,0.008508086494505379,0.07909398048302463,0.07909398048302463
72,0,1,0,1,0,1,1,0,1,1,0,1,1,1,1,0,1,0,1,1.500758858027563,0.6419575496164033,0.002490279067928491,0.027529416300707155,0.027529416300707155
53,1,1,0,1,0,0,0,1,0,1,1,1,1,1,0,1,0,1,1,-0.14452609072533595,0.6773932996244997,0.003230113874366814,0.03489628604896822,0.03489628604896822
8,1,0,0,1,0,1,1,0,0,0,0,0,0,1,1,0,0,1,1,0.6681449597192779,0.8743368175545859,0.01156705087089483,0.09935054964947354,0.09935054964947354
72,0,1,0,1,1,0,0,1,1,1,1,0,0,0,0,0,1,0,0,-0.8741019417379852,0.6419575496164033,0.002490279067928491,0.027529416300707155,0.027529416300707155
17,0,0,1,1,0,1,1,0,0,0,0,0,1,1,1,0,0,1,1,0.9224162699810893,0.8045134998853144,0.007534869537132169,0.07190499047148602,0.07190499047148602
2,1,0,0,1,1,1,1,0,0,1,0,0,0,0,0,0,0,0,1,0.2908927542981583,0.9544211124058478,0.01918286543259826,0.13658902706858933,0.13658902706858933
8,1,0,0,1,0,1,0,0,0,0,0,0,0,0,0,0,0,0,0,-1.4840207055686052,0.8743368175545859,0.01156705087089483,0.09935054964947354,0.09935054964947354
48,1,0,0,1,0,0,0,1,0,1,1,0,0,0,0,1,0,0,0,-1.0004066448745712,0.6888828979881829,0.003505164885370563,0.03755076913789834,0.03755076913789834
10,0,0,0,0,0,1,0,0,0,0,0,0,0,0,1,0,0,0,1,-1.339435058556987,0.8554585264638187,0.010313003097985489,0.09145336847937524,0.09145336847937524
1,0,1,0,0,0,1,0,0,0,0,0,0,0,0,0,0,0,0,0,-1.4690635696708516,0.9743124842439652,0.02235010364622835,0.1468274853100915,0.1468274853100915
29,0,0,0,0,0,1,0,1,1,0,1,1,0,0,0,1,0,0,0,-0.22595938616866135,0.746664964341879,0.005198070769814978,0.05296124339833497,0.05296124339833497
65,0,0,1,1,1,1,1,0,0,1,1,0,1,1,1,1,0,1,1,1.4176636585955984,0.6537547892731487,0.002719403042122667,0.02984713825493901,0.02984713825493901
8,0,0,0,0,0,1,0,1,1,1,1,0,0,0,1,0,0,0,1,0.02332621212723244,0.8743368175545859,0.01156705087089483,0.09935054964947354,0.09935054964947354
61,0,1,0,1,0,1,0,0,0,0,0,0,0,0,1,0,1,0,0,-1.3078588827728401,0.6611010360108607,0.002870516527482457,0.031357744906887475,0.031357744906887475
45,0,0,1,0,0,1,1,0,0,0,1,0,1,1,1,1,0,0,1,1.175025676254262,0.6963590108821652,0.0036942216775406023,0.039349803973645514,0.039349803973645514
72,0,1,0,1,1,1,1,0,0,1,1,0,1,1,1,1,0,0,1,1.317949419277241,0.6419575496164033,0.002490279067928491,0.027529416300707155,0.027529416300707155
12,0,1,0,1,1,1,0,0,0,0,0,0,0,0,0,0,0,1,1,-1.4507826257958194,0.8388580793219884,0.009318867014819062,0.08479678961103854,0.08479678961103854
7,0,1,0,0,0,1,1,0,0,0,0,0,1,1,1,0,0,1,0,1.0437352611517576,0.8848383086630132,0.012329368360988486,0.10389128471090825,0.10389128471090825
9,0,1,0,0,0,1,0,1,0,0,0,0,0,0,0,0,0,0,1,-0.6779972710785488,0.8645756330248363,0.010901071741709328,0.09522425637547682,0.09522425637547682
43,1,0,1,1,0,1,1,0,0,0,1,1,1,1,1,1,0,1,1,1.4209874665728768,0.7016186635948665,0.003832182002392298,0.04064972482294138,0.04064972482294138
58,0,1,0,1,1,1,1,0,0,0,1,1,0,1,1,0,1,0,0,0.9822448135721037,0.6669419291751147,0.0029954745981990286,0.0325962586220786,0.0325962586220786
16,1,1,1,1,0,1,1,0,0,0,1,0,1,1,1,0,0,1,1,1.1284923645723615,0.8107173068575363,0.007832475449686212,0.07414442618478301,0.07414442618478301
2,0,1,0,1,1,1,0,0,0,0,0,0,0,0,0,0,0,0,0,-1.4790349936026874,0.9544211124058478,0.01918286543259826,0.13658902706858933,0.13658902706858933
8,1,0,0,1,0,1,1,0,0,1,1,0,1,1,0,0,0,1,0,1.2082637560270477,0.8743368175545859,0.01156705087089483,0.09935054964947354,0.09935054964947354
40,0,0,0,1,0,1,1,0,1,0,1,0,1,1,1,1,0,0,0,1.3611589229818624,0.7099691459680679,0.004059910336396862,0.04277208089669704,0.04277208089669704
9,0,1,0,0,0,1,1,0,1,0,0,0,0,0,1,0,0,1,1,0.5435021605713309,0.8645756330248363,0.010901071741709328,0.09522425637547682,0.09522425637547682
41,0,1,0,0,0,1,1,0,0,1,0,1,1,0,0,1,0,1,1,0.8227020306627317,0.7071206594283597,0.003981008341391358,0.042040010297382246,0.042040010297382246
26,0,0,0,0,0,1,0,1,0,1,1,0,0,0,0,0,0,0,1,-0.3339831454302153,0.7588796606729277,0.005631521405658712,0.05666748667997901,0.05666748667997901
33,0,0,0,1,0,1,0,1,0,1,0,1,0,0,0,1,0,0,1,-0.36722122520300116,0.732029255003116,0.004715929386838689,0.04872789424351476,0.04872789424351476
68,0,1,0,1,1,1,1,0,0,1,1,1,1,1,0,1,0,0,0,1.3611589229818624,0.6485447168747005,0.0026161967996319807,0.028807250213664037,0.028807250213664037
65,0,0,1,1,0,1,1,0,0,1,1,1,1,1,0,0,1,0,1,1.3644827309591407,0.6537547892731487,0.002719403042122667,0.02984713825493901,0.02984713825493901
55,0,1,0,0,0,1,0,1,0,1,0,1,0,1,0,1,0,1,1,-0.019883291577389054,0.6730980579890953,0.0031319345818057722,0.033937922764987416,0.033937922764987416
20,1,1,0,0,0,1,1,0,0,0,1,0,1,0,1,0,0,1,1,0.7944496628558639,0.7874709741517664,0.006767715032425889,0.0659587290124013,0.0659587290124013
19,0,1,0,0,0,1,1,0,0,0,0,1,0,1,0,1,0,0,1,0.7612115830830781,0.7929113200145855,0.0070048485392757275,0.06782398836650938,0.06782398836650938
45,0,0,0,0,0,1,1,0,0,0,1,0,0,1,1,0,0,0,1,0.8143925107195352,0.6963590108821652,0.0036942216775406023,0.039349803973645514,0.039349803973645514
70,0,0,0,1,1,1,0,0,0,0,0,0,0,0,0,0,1,0,1,-1.4840207055686052,0.6452021175658147,0.002551672337160255,0.02815370280249474,0.02815370280249474
2,1,0,0,0,0,1,1,0,0,0,0,0,1,0,0,0,0,1,1,0.4969688488894306,0.9544211124058478,0.01918286543259826,0.13658902706858933,0.13658902706858933
27,1,0,0,0,0,1,1,0,0,0,0,0,1,1,1,0,0,0,1,0.9888924295266609,0.7546760980475697,0.005479040808994945,0.05537422178102336,0.05537422178102336
12,0,0,0,1,0,1,0,0,0,0,0,0,0,0,0,0,1,1,1,-1.487344513545884,0.8388580793219884,0.009318867014819062,0.08479678961103854,0.08479678961103854
72,0,1,0,0,1,0,0,1,1,1,1,1,1,1,0,0,1,0,0,0.07983094774096845,0.6419575496164033,0.002490279067928491,0.027529416300707155,0.027529416300707155
12,0,1,0,0,0,1,1,0,0,0,0,0,1,1,1,0,0,1,0,0.9888924295266609,0.8388580793219884,0.009318867014819062,0.08479678961103854,0.08479678961103854
5,1,0,1,0,0,1,1,0,0,0,0,0,0,0,0,0,0,0,1,0.14132139532062207,0.9085818526659613,0.014256987321705751,0.11453932573635439,0.11453932573635439
71,0,1,1,1,0,1,1,0,1,1,1,0,1,1,1,0,0,1,1,1.4193255625842376,0.6435679119154606,0.0025205988088756303,0.02783802704790539,0.02783802704790539
35,0,1,1,0,0,1,0,1,0,0,1,1,1,1,0,1,0,1,1,0.2726118104231262,0.7253108322429414,0.004507451042951911,0.04686012202126277,0.04686012202126277
70,0,1,0,1,1,1,1,0,1,1,1,1,1,1,1,0,1,0,0,1.6603016409369349,0.6452021175658147,0.002551672337160255,0.02815370280249474,0.02815370280249474
31,0,0,0,0,0,1,1,0,0,0,0,0,0,0,1,0,0,1,1,0.37398795373012295,0.7391329118702427,0.004945042598351195,0.05075440110013929,0.05075440110013929
52,1,1,0,1,1,1,1,0,0,0,1,1,0,1,1,0,1,0,1,1.0453971651403968,0.6796022882225629,0.00328157591746785,0.03539633014558485,0.03539633014558485
37,1,1,1,0,0,1,1,0,0,0,1,0,1,1,1,0,0,1,1,1.206601852038408,0.7189405920832638,0.0043169072108659315,0.0451328504105416,0.0451328504105416
69,1,1,0,0,0,1,1,0,0,1,0,1,1,1,1,1,0,0,1,1.3262589392204374,0.6468608243449303,0.002583528294433392,0.028476690845760766,0.028476690845760766
30,0,1,1,1,0,1,1,0,0,0,0,0,0,0,1,0,0,0,0,0.435478401309777,0.7428424163487329,0.0050683354621543905,0.051833777579476825,0.051833777579476825
33,0,0,0,0,0,1,1,0,1,0,0,0,0,1,1,0,0,1,1,0.8592639184127964,0.732029255003116,0.004715929386838689,0.04872789424351476,0.04872789424351476
54,0,1,1,1,0,1,1,0,0,1,1,1,1,1,1,0,1,1,1,1.5173778979139558,0.6752256920763566,0.003180258311786613,0.03441034838970081,0.03441034838970081
59,0,0,0,0,0,1,0,1,1,0,0,1,0,1,1,1,0,0,0,0.1296880674001472,0.6649614286359096,0.0029526183444970946,0.03217256791019485,0.03217256791019485
55,0,1,1,0,0,0,0,1,1,1,0,0,1,0,0,0,0,1,1,-0.6630401351807951,0.6730980579890953,0.0031319345818057722,0.033937922764987416,0.033937922764987416
69,0,1,1,1,0,0,0,1,0,0,1,0,0,0,0,1,0,0,1,-1.163273235761222,0.6468608243449303,0.002583528294433392,0.028476690845760766,0.028476690845760766
66,0,0,0,0,0,1,1,0,0,1,0,0,1,0,1,1,0,0,1,0.8010972788104213,0.6519909407703324,0.0026840999053434323,0.029492182160968494,0.029492182160968494
37,0,1,0,1,1,1,0,1,1,0,1,1,0,0,0,1,0,0,1,-0.20103082633907196,0.7189405920832638,0.0043169072108659315,0.0451328504105416,0.0451328504105416
9,0,1,1,1,0,1,0,0,0,0,0,0,0,0,0,1,0,0,0,-1.493992129500441,0.8645756330248363,0.010901071741709328,0.09522425637547682,0.09522425637547682
69,0,1,0,1,1,1,0,1,1,0,1,1,1,1,1,0,1,0,0,0.7346211192648495,0.6468608243449303,0.002583528294433392,0.028476690845760766,0.028476690845760766
10,0,1,0,0,0,1,0,1,0,1,0,0,1,0,0,0,0,0,1,-0.17111655454356475,0.8554585264638187,0.010313003097985489,0.09145336847937524,0.09145336847937524
40,1,1,0,0,1,1,0,1,1,1,0,0,0,0,0,0,0,0,1,-0.3173641055438224,0.7099691459680679,0.004059910336396862,0.04277208089669704,0.04277208089669704
13,0,1,0,0,1,1,0,1,0,0,0,0,1,1,0,0,0,0,0,0.05324048392273988,0.8312566322761956,0.008894046614766308,0.0818402613059327,0.0818402613059327
6,1,0,0,0,0,1,1,0,0,1,0,0,1,0,1,0,0,1,1,0.8409829745377638,0.8962011910421149,0.01321361285882388,0.10892151775419001,0.10892151775419001
69,0,0,0,1,1,1,0,0,0,0,0,0,0,0,0,0,1,0,0,-1.4840207055686052,0.6468608243449303,0.002583528294433392,0.028476690845760766,0.028476690845760766
66,0,0,1,1,0,1,1,0,0,1,1,1,1,1,1,1,0,0,1,1.439268410447909,0.6519909407703324,0.0026840999053434323,0.029492182160968494,0.029492182160968494
11,1,1,0,0,0,1,0,1,0,0,1,0,0,0,1,0,0,1,0,-0.36722122520300116,0.8469074549655476,0.009789108115316166,0.08799046091721618,0.08799046091721618
46,0,1,0,1,1,1,0,1,1,0,1,1,0,0,0,1,0,0,0,-0.2625212739187258,0.6938140321924815,0.003628947567853564,0.038730988089776375,0.038730988089776375
6,1,0,0,0,0,1,1,0,0,0,0,0,1,1,0,0,0,1,0,0.8143925107195352,0.8962011910421149,0.01321361285882388,0.10892151775419001,0.10892151775419001
56,0,0,0,1,1,1,1,0,1,0,1,1,1,1,1,0,0,0,1,1.4891255301070876,0.6710090587453561,0.003085072619735503,0.03347844798497823,0.03347844798497823
70,0,1,0,1,1,1,0,0,0,0,0,0,0,0,1,0,1,0,0,-1.3178303067046762,0.6452021175658147,0.002551672337160255,0.02815370280249474,0.02815370280249474
33,0,0,0,1,1,1,0,1,0,0,1,1,1,1,1,1,0,1,1,0.4770260010257593,0.732029255003116,0.004715929386838689,0.04872789424351476,0.04872789424351476
72,0,0,0,1,1,1,0,1,1,1,0,1,0,0,1,0,1,0,0,0.06487381184321474,0.6419575496164033,0.002490279067928491,0.027529416300707155,0.027529416300707155
3,1,0,0,1,0,1,1,0,0,0,0,0,1,1,1,0,0,1,1,1.0104971813789718,0.9373188893787414,0.017092860770546496,0.12812771737333695,0.12812771737333695
19,0,0,0,0,1,1,0,1,0,0,0,1,0,0,0,0,0,0,0,-0.5317497200782911,0.7929113200145855,0.0070048485392757275,0.06782398836650938,0.06782398836650938
5,1,0,1,0,0,0,0,1,0,0,0,0,1,1,0,0,0,1,0,-0.6347877673739271,0.9085818526659613,0.014256987321705751,0.11453932573635439,0.11453932573635439
71,0,0,0,1,0,1,0,1,0,1,1,1,1,1,0,0,1,0,1,0.5285450246735772,0.6435679119154606,0.0025205988088756303,0.02783802704790539,0.02783802704790539
8,1,1,0,1,0,1,1,0,1,0,0,0,0,0,0,0,0,1,1,0.322468930082305,0.8743368175545859,0.01156705087089483,0.09935054964947354,0.09935054964947354
1,0,1,0,0,0,1,0,0,0,0,0,0,0,0,0,0,0,0,0,-1.470725473659491,0.9743124842439652,0.02235010364622835,0.1468274853100915,0.1468274853100915
1,1,0,0,0,0,1,1,0,0,0,0,0,1,0,0,0,0,1,1,0.4936450409121522,0.9743124842439652,0.02235010364622835,0.1468274853100915,0.1468274853100915
61,0,0,0,0,0,1,1,0,1,1,1,1,1,1,1,1,0,0,1,1.6719349688574097,0.6611010360108607,0.002870516527482457,0.031357744906887475,0.031357744906887475
71,0,0,0,1,1,0,0,1,1,1,0,1,1,1,0,0,1,0,0,-0.1694546505549253,0.6435679119154606,0.0025205988088756303,0.02783802704790539,0.02783802704790539
68,0,0,0,1,0,1,1,0,0,1,1,0,0,0,1,1,0,0,0,0.7196639833670958,0.6485447168747005,0.0026161967996319807,0.028807250213664037,0.028807250213664037
46,0,1,0,0,0,0,0,1,0,0,1,1,0,0,0,1,0,0,0,-1.033644724647357,0.6938140321924815,0.003628947567853564,0.038730988089776375,0.038730988089776375
33,0,1,0,0,0,1,1,0,1,0,0,0,0,0,1,1,0,0,0,0.5086021768099055,0.732029255003116,0.004715929386838689,0.04872789424351476,0.04872789424351476
53,0,0,0,1,1,1,1,0,1,1,1,1,0,1,1,0,1,0,1,1.3046541873681263,0.6773932996244997,0.003230113874366814,0.03489628604896822,0.03489628604896822
50,0,0,1,1,0,1,1,0,1,1,1,0,1,1,1,0,0,0,0,1.4608731623002198,0.6841504128114664,0.003389643293482253,0.03644129666249096,0.03644129666249096
57,0,0,0,0,0,0,0,1,1,0,1,1,0,0,0,1,0,0,1,-0.7876829343287419,0.6689574203086703,0.003039606595789443,0.03303139376725084,0.03303139376725084
54,0,0,0,1,1,1,0,0,0,0,0,0,0,0,0,0,1,0,1,-1.477373089614048,0.6752256920763566,0.003180258311786613,0.03441034838970081,0.03441034838970081
60,0,0,1,1,0,1,1,0,0,1,1,0,1,1,1,0,0,1,1,1.3661446349477804,0.6630148153227823,0.0029109829180785306,0.031759872056746574,0.031759872056746574
28,1,0,1,1,0,1,1,0,0,0,0,1,1,1,1,0,0,0,1,1.2132494679929653,0.7506071373425116,0.0053347764644180165,0.05414016114784159,0.05414016114784159
1,1,0,0,1,1,1,1,0,0,0,0,0,1,0,0,0,0,0,1,0.5069402728212663,0.9743124842439652,0.02235010364622835,0.1468274853100915,0.1468274853100915
29,1,1,0,1,1,1,1,0,0,0,1,0,0,1,1,0,0,1,1,0.8110687027422568,0.746664964341879,0.005198070769814978,0.05296124339833497,0.05296124339833497
10,0,0,0,1,1,1,0,1,0,1,0,1,0,1,0,0,0,1,1,0.02332621212723244,0.8554585264638187,0.010313003097985489,0.09145336847937524,0.09145336847937524
43,0,1,0,0,1,0,0,1,1,1,1,0,0,0,0,0,0,1,1,-0.8092876861810526,0.7016186635948665,0.003832182002392298,0.04064972482294138,0.04064972482294138
13,0,1,1,1,0,1,1,0,0,0,0,0,0,0,0,0,0,0,0,0.18785470700252244,0.8312566322761956,0.008894046614766308,0.0818402613059327,0.0818402613059327
43,0,0,0,1,0,1,0,1,1,0,1,1,1,1,0,0,1,1,1,0.465392673105284,0.7016186635948665,0.003832182002392298,0.04064972482294138,0.04064972482294138
19,1,1,0,1,1,1,1,0,0,0,0,0,0,1,1,0,0,1,1,0.6265973600032956,0.7929113200145855,0.0070048485392757275,0.06782398836650938,0.06782398836650938
1,0,1,0,1,1,1,1,0,0,0,0,0,1,1,0,0,0,1,1,0.8409829745377638,0.9743124842439652,0.02235010364622835,0.1468274853100915,0.1468274853100915
69,0,0,0,0,0,1,0,1,1,0,1,1,1,1,0,0,1,0,1,0.5867116642759524,0.6468608243449303,0.002583528294433392,0.028476690845760766,0.028476690845760766
61,0,0,0,1,0,1,0,0,0,0,0,0,0,0,0,0,1,0,0,-1.4806968975913266,0.6611010360108607,0.002870516527482457,0.031357744906887475,0.031357744906887475
43,0,1,0,1,0,1,0,1,1,1,0,1,0,0,1,0,0,0,0,0.04825477195682182,0.7016186635948665,0.003832182002392298,0.04064972482294138,0.04064972482294138
6,1,0,0,1,0,1,0,0,0,0,0,0,0,0,0,0,0,0,0,-1.505625457420916,0.8962011910421149,0.01321361285882388,0.10892151775419001,0.10892151775419001
1,1,1,0,0,0,1,0,1,0,0,0,1,0,0,0,0,0,0,0,-0.45031642463496574,0.9743124842439652,0.02235010364622835,0.1468274853100915,0.1468274853100915
56,0,1,0,1,0,1,1,0,0,0,0,0,1,1,0,0,0,0,0,0.8276877426286497,0.6710090587453561,0.003085072619735503,0.03347844798497823,0.03347844798497823
70,0,0,0,1,0,0,0,1,1,1,1,1,1,1,0,0,1,0,0,-0.008249963656914203,0.6452021175658147,0.002551672337160255,0.02815370280249474,0.02815370280249474
1,1,1,0,0,0,1,0,1,0,0,0,0,0,0,0,0,0,1,1,-0.6381115753512057,0.9743124842439652,0.02235010364622835,0.1468274853100915,0.1468274853100915
49,0,1,0,1,1,1,1,0,0,1,1,0,1,0,1,1,0,1,1,0.9589781577311539,0.6864927538867036,0.0034464244917631367,0.03698759780359384,0.03698759780359384
6,1,0,0,0,0,1,0,1,0,0,0,1,0,0,0,0,0,0,1,-0.5034973522714231,0.8962011910421149,0.01321361285882388,0.10892151775419001,0.10892151775419001
32,0,0,0,1,1,1,0,1,1,1,1,1,0,1,0,0,1,0,0,0.29255465828679755,0.7355303895625583,0.00482771692436557,0.04972004336955682,0.04972004336955682
72,0,0,1,1,0,1,1,0,1,0,1,1,1,1,1,0,1,0,1,1.4941112420730056,0.6419575496164033,0.002490279067928491,0.027529416300707155,0.027529416300707155
37,0,1,0,0,1,1,0,1,1,1,0,1,0,0,0,0,1,0,0,-0.1112880109525501,0.7189405920832638,0.0043169072108659315,0.0451328504105416,0.0451328504105416
69,0,0,0,1,0,1,1,0,1,1,0,1,1,1,0,1,0,0,1,1.3827636748341734,0.6468608243449303,0.002583528294433392,0.028476690845760766,0.028476690845760766
26,0,0,0,1,0,1,0,1,0,1,1,1,1,1,0,0,0,0,0,0.5684307204009204,0.7588796606729277,0.005631521405658712,0.05666748667997901,0.05666748667997901
58,0,0,0,1,1,1,1,0,0,1,1,0,1,1,1,1,0,0,1,1.3428779791068302,0.6669419291751147,0.0029954745981990286,0.0325962586220786,0.0325962586220786
24,0,1,0,0,0,1,0,1,0,0,0,1,0,0,1,1,0,0,0,-0.33896885739613314,0.7677256072562019,0.005964174846469762,0.05945002834593771,0.05945002834593771
5,0,1,0,1,1,1,0,0,0,0,0,0,0,0,0,1,0,1,0,-1.470725473659491,0.9085818526659613,0.014256987321705751,0.11453932573635439,0.11453932573635439
15,1,1,0,1,1,1,0,0,0,0,0,0,0,0,0,0,0,1,1,-1.4890064175345232,0.817222359631732,0.00815567933565363,0.07653518145581295,0.07653518145581295
30,0,0,0,1,1,1,0,0,0,0,0,0,0,0,0,0,1,0,0,-1.4989778414663588,0.7428424163487329,0.0050683354621543905,0.051833777579476825,0.051833777579476825
55,0,0,0,1,0,1,0,1,1,1,0,1,0,0,1,1,0,0,1,0.041607156002264556,0.6730980579890953,0.0031319345818057722,0.033937922764987416,0.033937922764987416
25,1,0,0,1,0,0,0,1,0,0,0,0,1,0,0,0,0,0,1,-1.0236733007155214,0.7632263722784222,0.005792955912006608,0.05802443652851541,0.05802443652851541
10,1,1,1,1,0,1,1,0,0,1,1,1,1,0,0,0,0,0,1,0.92075436599245,0.8554585264638187,0.010313003097985489,0.09145336847937524,0.09145336847937524
44,0,1,0,1,1,0,0,1,1,1,1,1,0,1,0,0,1,0,1,-0.3572498012711655,0.6989597866938809,0.0037619201221218337,0.03998903582240876,0.03998903582240876
47,0,0,0,0,0,1,0,1,1,1,0,1,0,0,0,1,0,0,1,-0.19604511437315414,0.6913226781406935,0.0035659686558325962,0.038131613989117574,0.038131613989117574
13,1,0,0,1,1,1,1,0,0,0,0,0,1,1,0,0,0,1,0,0.7828163349353886,0.8312566322761956,0.008894046614766308,0.0818402613059327,0.0818402613059327
49,1,0,0,1,1,1,1,0,0,1,1,1,1,1,1,0,1,0,1,1.4342826984819912,0.6864927538867036,0.0034464244917631367,0.03698759780359384,0.03698759780359384
64,0,0,0,1,0,1,1,0,1,0,0,1,1,1,0,1,0,0,1,1.0670019169927079,0.6555468612609421,0.002755656035094927,0.030210834407233156,0.030210834407233156
1,0,1,0,0,0,1,0,0,0,0,0,0,0,0,0,0,0,0,0,-1.5189206893300304,0.9743124842439652,0.02235010364622835,0.1468274853100915,0.1468274853100915
20,0,1,0,0,0,1,0,1,0,0,0,1,0,0,0,0,0,0,0,-0.49186402435094806,0.7874709741517664,0.006767715032425889,0.0659587290124013,0.0659587290124013
37,0,0,0,1,0,0,0,1,1,0,0,1,1,0,0,0,1,1,0,-0.644759191305763,0.7189405920832638,0.0043169072108659315,0.0451328504105416,0.0451328504105416
30,0,1,0,1,1,1,1,0,0,0,0,0,1,0,1,0,0,1,0,0.68642590359431,0.7428424163487329,0.0050683354621543905,0.051833777579476825,0.051833777579476825
38,0,0,0,0,0,1,0,1,1,1,1,0,1,1,1,1,0,0,0,0.6415544959010488,0.7158758576100376,0.0042276442662364,0.04431696426317133,0.04431696426317133
1,1,0,1,0,0,1,1,0,0,0,0,0,0,0,1,0,0,0,1,0.3208070260936658,0.9743124842439652,0.02235010364622835,0.1468274853100915,0.1468274853100915
37,1,0,0,0,0,1,0,1,0,0,0,0,1,1,0,0,0,1,1,-0.00160234770235694,0.7189405920832638,0.0043169072108659315,0.0451328504105416,0.0451328504105416
52,0,0,0,1,0,0,0,1,1,1,1,1,1,1,0,0,1,0,0,0.04825477195682182,0.6796022882225629,0.00328157591746785,0.03539633014558485,0.03539633014558485
71,0,1,0,0,1,1,0,1,1,1,1,1,1,0,0,0,1,0,1,0.4022403215369912,0.6435679119154606,0.0025205988088756303,0.02783802704790539,0.02783802704790539
26,1,1,0,0,0,1,1,0,0,1,1,0,1,0,0,0,0,1,0,0.8310115506059281,0.7588796606729277,0.005631521405658712,0.05666748667997901,0.05666748667997901
66,0,1,0,0,0,1,0,1,1,1,1,0,0,1,1,0,1,0,1,0.32579273805958336,0.6519909407703324,0.0026840999053434323,0.029492182160968494,0.029492182160968494
72,0,1,0,1,0,1,1,0,1,1,1,1,1,1,1,0,1,0,1,1.733425416437064,0.6419575496164033,0.002490279067928491,0.027529416300707155,0.027529416300707155
25,0,1,0,0,1,0,0,1,1,0,0,0,1,0,0,1,0,0,1,-0.8026400702264956,0.7632263722784222,0.005792955912006608,0.05802443652851541,0.05802443652851541
69,0,1,0,1,1,1,1,0,1,1,1,1,1,1,1,0,1,0,1,1.6470064090278205,0.6468608243449303,0.002583528294433392,0.028476690845760766,0.028476690845760766
53,0,1,0,1,1,1,0,1,1,1,0,0,0,1,1,0,1,0,0,0.16292614717293305,0.6773932996244997,0.003230113874366814,0.03489628604896822,0.03489628604896822
12,1,0,0,0,0,1,1,0,0,0,1,0,1,1,0,1,0,0,0,1.0204686053108076,0.8388580793219884,0.009318867014819062,0.08479678961103854,0.08479678961103854
26,0,1,0,0,0,1,1,0,0,0,1,1,1,1,0,0,0,1,1,1.125168556595083,0.7588796606729277,0.005631521405658712,0.05666748667997901,0.05666748667997901
21,0,1,0,0,0,1,0,1,0,0,1,0,0,1,0,0,0,0,0,-0.10464039499799307,0.7822470612896891,0.006546583090128551,0.06419686154369075,0.06419686154369075
1,0,0,0,0,1,1,1,0,0,0,0,0,1,1,0,0,0,1,1,0.8160544147081744,0.9743124842439652,0.02235010364622835,0.1468274853100915,0.1468274853100915
48,0,1,0,0,0,1,1,0,1,0,0,1,0,1,1,0,0,1,1,1.0171447973335292,0.6888828979881829,0.003505164885370563,0.03755076913789834,0.03755076913789834
26,0,0,0,1,0,0,0,1,1,0,1,0,0,0,0,1,0,0,0,-0.9771399890336213,0.7588796606729277,0.005631521405658712,0.05666748667997901,0.05666748667997901
60,0,1,0,1,0,1,0,0,0,0,0,0,0,0,0,0,1,0,0,-1.4906683215231624,0.6630148153227823,0.0029109829180785306,0.031759872056746574,0.031759872056746574
18,0,1,0,0,0,1,0,0,0,0,0,0,0,0,0,0,0,0,0,-1.5139349773641124,0.798585597100695,0.007259843514731271,0.06980238681281059,0.06980238681281059
10,1,0,1,0,0,0,0,1,0,0,0,1,0,0,0,0,0,1,1,-1.16825894772714,0.8554585264638187,0.010313003097985489,0.09145336847937524,0.09145336847937524
5,1,1,0,1,1,1,1,0,1,0,1,0,0,0,1,0,0,1,1,0.6548497278101634,0.9085818526659613,0.014256987321705751,0.11453932573635439,0.11453932573635439
4,0,0,0,0,1,1,0,0,0,0,0,0,0,0,0,1,0,0,1,-1.4757111856254088,0.9221895280070969,0.015517187361763772,0.12087777811840728,0.12087777811840728
65,0,1,0,1,1,1,0,0,0,0,0,0,0,0,1,0,1,0,0,-1.3311255386137903,0.6537547892731487,0.002719403042122667,0.02984713825493901,0.02984713825493901
70,0,1,0,1,1,1,0,0,0,0,0,0,0,0,1,0,1,0,0,-1.311182690750119,0.6452021175658147,0.002551672337160255,0.02815370280249474,0.02815370280249474
18,1,1,0,0,0,1,1,0,0,0,1,0,0,1,1,0,0,0,1,0.8609258224014357,0.798585597100695,0.007259843514731271,0.06980238681281059,0.06980238681281059
62,0,1,0,0,1,1,0,0,0,0,0,0,0,0,0,0,1,0,0,-1.4890064175345232,0.6592190846564381,0.0028311702861325673,0.03096578220998969,0.03096578220998969
66,0,0,0,1,1,1,0,1,1,0,0,0,1,0,0,0,1,1,1,-0.16779274656628612,0.6519909407703324,0.0026840999053434323,0.029492182160968494,0.029492182160968494
65,0,0,0,1,1,1,0,1,1,1,0,1,1,1,1,0,1,0,1,0.5883735682645916,0.6537547892731487,0.002719403042122667,0.02984713825493901,0.02984713825493901
3,1,0,1,0,0,1,1,0,0,0,0,0,0,0,0,0,0,1,1,0.18286899503660436,0.9373188893787414,0.017092860770546496,0.12812771737333695,0.12812771737333695
34,0,0,0,0,0,1,0,0,0,0,0,0,0,0,0,0,0,0,0,-1.477373089614048,0.7286243341114813,0.004609291590527576,0.04777537654084685,0.04777537654084685
16,0,1,0,1,1,1,1,0,0,0,1,0,1,0,1,0,0,0,1,0.864249630378714,0.8107173068575363,0.007832475449686212,0.07414442618478301,0.07414442618478301
54,1,0,0,0,0,1,1,0,1,0,1,0,1,1,1,1,0,0,1,1.301330379390848,0.6752256920763566,0.003180258311786613,0.03441034838970081,0.03441034838970081
50,0,0,1,0,0,1,1,0,0,0,1,1,1,1,1,0,0,1,1,1.3345684591636338,0.6841504128114664,0.003389643293482253,0.03644129666249096,0.03644129666249096
71,0,1,0,1,0,1,1,0,0,1,1,1,1,1,0,0,1,1,1,1.3445398830954693,0.6435679119154606,0.0025205988088756303,0.02783802704790539,0.02783802704790539
10,1,0,0,0,0,1,1,0,0,0,0,0,0,0,1,0,0,1,1,0.33077845002550144,0.8554585264638187,0.010313003097985489,0.09145336847937524,0.09145336847937524
1,1,0,0,0,0,1,0,1,0,0,0,1,0,0,0,0,0,1,1,-0.46527356053271945,0.9743124842439652,0.02235010364622835,0.1468274853100915,0.1468274853100915
18,0,1,0,0,0,1,0,0,0,0,0,0,0,0,1,1,0,0,0,-1.3643636183865762,0.798585597100695,0.007259843514731271,0.06980238681281059,0.06980238681281059
4,0,1,0,0,0,1,0,1,0,0,0,1,1,0,0,0,0,1,1,-0.11627372291846817,0.9221895280070969,0.015517187361763772,0.12087777811840728,0.12087777811840728
58,0,0,0,1,1,1,0,1,1,0,1,1,1,0,1,0,1,0,0,0.36567843378692644,0.6669419291751147,0.0029954745981990286,0.0325962586220786,0.0325962586220786
56,0,0,0,1,0,1,1,0,1,0,0,0,1,1,1,1,0,1,1,1.103563804742772,0.6710090587453561,0.003085072619735503,0.03347844798497823,0.03347844798497823
2,1,1,0,0,0,1,1,0,0,0,0,0,1,0,0,0,0,1,1,0.5135878887758235,0.9544211124058478,0.01918286543259826,0.13658902706858933,0.13658902706858933
32,1,1,0,1,0,1,1,0,0,0,1,0,0,0,1,0,0,1,1,0.46871648108256286,0.7355303895625583,0.00482771692436557,0.04972004336955682,0.04972004336955682
56,0,1,0,1,1,0,0,1,1,1,0,1,1,0,0,1,0,0,1,-0.4253878648053764,0.6710090587453561,0.003085072619735503,0.03347844798497823,0.03347844798497823
36,1,1,0,0,0,1,1,0,0,0,0,0,0,1,1,0,0,1,1,0.6631592477533598,0.7220842981429184,0.004410087057617903,0.045979950318991825,0.045979950318991825
4,0,0,0,0,0,1,0,1,0,0,0,1,1,0,1,0,0,0,1,-0.013235675622831794,0.9221895280070969,0.015517187361763772,0.12087777811840728,0.12087777811840728
53,1,1,0,0,0,1,1,0,0,0,0,0,1,0,1,0,0,0,0,0.68642590359431,0.6773932996244997,0.003230113874366814,0.03489628604896822,0.03489628604896822
10,0,1,0,0,0,1,0,1,0,0,0,0,0,0,0,0,0,0,1,-0.6314639593966487,0.8554585264638187,0.010313003097985489,0.09145336847937524,0.09145336847937524
4,0,1,0,0,0,0,0,1,0,0,0,1,0,0,0,0,0,1,0,-1.1400065799202719,0.9221895280070969,0.015517187361763772,0.12087777811840728,0.12087777811840728
1,1,1,0,1,1,1,0,0,0,0,0,0,0,0,0,0,0,0,0,-1.4923302255118018,0.9743124842439652,0.02235010364622835,0.1468274853100915,0.1468274853100915
51,0,0,0,1,0,1,1,0,0,0,0,0,0,0,0,0,0,0,0,0.14464520329790093,0.681854139199785,0.003334724055742794,0.03591111081215892,0.03591111081215892
12,1,1,1,0,0,1,1,0,0,0,1,0,1,1,1,0,0,1,1,1.1517590204133117,0.8388580793219884,0.009318867014819062,0.08479678961103854,0.08479678961103854
6,0,0,0,0,0,0,0,1,0,0,0,1,1,1,0,1,0,0,1,-0.5167925841805374,0.8962011910421149,0.01321361285882388,0.10892151775419001,0.10892151775419001
63,0,1,0,1,1,0,0,1,0,1,1,1,0,0,0,0,1,0,0,-0.8458495739311171,0.6573679996492523,0.0027928980105273514,0.030583600220822293,0.030583600220822293
1,1,0,0,0,0,1,1,0,0,0,0,0,0,0,0,0,0,1,1,0.19284041896844,0.9743124842439652,0.02235010364622835,0.1468274853100915,0.1468274853100915
48,0,0,0,1,0,1,1,0,0,1,0,1,1,1,1,0,0,0,1,1.3395541711295513,0.6888828979881829,0.003505164885370563,0.03755076913789834,0.03755076913789834
5,1,0,0,0,0,1,1,0,0,0,0,0,1,0,0,0,0,0,1,0.5385164486054129,0.9085818526659613,0.014256987321705751,0.11453932573635439,0.11453932573635439
35,0,0,0,0,1,1,0,0,0,0,0,0,0,0,0,1,0,0,1,-1.4856826095572444,0.7253108322429414,0.004507451042951911,0.04686012202126277,0.04686012202126277
6,1,1,0,0,0,1,1,0,0,1,0,0,1,0,0,0,0,1,1,0.6664830557306382,0.8962011910421149,0.01321361285882388,0.10892151775419001,0.10892151775419001
2,0,1,0,0,0,1,0,0,0,0,0,0,0,0,0,0,0,0,0,-1.4973159374777196,0.9544211124058478,0.01918286543259826,0.13658902706858933,0.13658902706858933
50,0,0,0,0,0,1,0,0,0,0,0,0,0,0,0,1,0,0,0,-1.4973159374777196,0.6841504128114664,0.003389643293482253,0.03644129666249096,0.03644129666249096
33,0,0,0,0,0,1,1,0,0,0,0,0,0,0,0,0,0,0,1,0.18619280301388322,0.732029255003116,0.004715929386838689,0.04872789424351476,0.04872789424351476
31,0,1,0,0,0,1,0,0,0,0,0,0,0,0,0,0,1,0,0,-1.4740492816367694,0.7391329118702427,0.004945042598351195,0.05075440110013929,0.05075440110013929
9,0,0,0,1,1,1,0,0,0,0,0,0,0,0,0,0,1,0,0,-1.477373089614048,0.8645756330248363,0.010901071741709328,0.09522425637547682,0.09522425637547682
54,0,0,0,1,1,1,0,1,0,1,1,1,1,1,1,0,0,1,1,0.7113544634238993,0.6752256920763566,0.003180258311786613,0.03441034838970081,0.03441034838970081
46,0,0,0,0,0,1,1,0,1,1,1,0,1,0,0,1,0,0,1,1.0254543172767256,0.6938140321924815,0.003628947567853564,0.038730988089776375,0.038730988089776375
34,0,1,0,0,1,1,1,0,1,1,0,0,1,1,1,1,0,1,1,1.29634466742493,0.7286243341114813,0.004609291590527576,0.04777537654084685,0.04777537654084685
71,0,1,0,1,1,1,1,0,1,0,0,0,1,1,1,0,1,1,1,1.0769733409245437,0.6435679119154606,0.0025205988088756303,0.02783802704790539,0.02783802704790539
63,0,0,0,1,1,1,0,1,1,1,1,1,0,0,0,0,1,0,0,-0.04148804342970004,0.6573679996492523,0.0027928980105273514,0.030583600220822293,0.030583600220822293
51,0,0,0,0,0,1,0,0,0,0,0,0,0,0,1,0,1,0,0,-1.3244779226592331,0.681854139199785,0.003334724055742794,0.03591111081215892,0.03591111081215892
26,1,0,1,0,0,1,1,0,0,1,0,0,1,0,1,0,0,1,1,0.8094067987536177,0.7588796606729277,0.005631521405658712,0.05666748667997901,0.05666748667997901
64,0,0,0,1,0,1,1,0,1,0,1,0,1,1,0,0,1,0,1,1.1368018845155579,0.6555468612609421,0.002755656035094927,0.030210834407233156,0.030210834407233156
1,1,0,1,1,0,0,0,1,0,0,0,0,0,0,0,0,0,1,1,-1.3294636346251512,0.9743124842439652,0.02235010364622835,0.1468274853100915,0.1468274853100915
61,0,1,1,1,0,1,1,0,0,1,0,1,0,0,1,1,0,0,1,0.6897497115715884,0.6611010360108607,0.002870516527482457,0.031357744906887475,0.031357744906887475
15,0,0,0,0,0,1,1,0,0,0,1,0,1,1,0,0,0,0,1,0.9706114856516288,0.817222359631732,0.00815567933565363,0.07653518145581295,0.07653518145581295
64,1,1,0,0,0,1,1,0,0,1,0,1,1,1,1,1,0,0,1,1.357835115004584,0.6555468612609421,0.002755656035094927,0.030210834407233156,0.030210834407233156
18,0,0,0,0,0,1,0,1,0,0,0,0,0,0,1,0,0,1,1,-0.48189260041911236,0.798585597100695,0.007259843514731271,0.06980238681281059,0.06980238681281059
57,0,0,0,1,1,1,1,0,0,1,0,0,1,1,0,1,0,1,1,1.0038495654244146,0.6689574203086703,0.003039606595789443,0.03303139376725084,0.03303139376725084
14,0,1,0,1,1,1,0,1,1,1,0,0,0,1,0,0,1,0,1,-0.11294991494118954,0.8240576612486123,0.008508086494505379,0.07909398048302463,0.07909398048302463
18,0,1,1,0,0,1,1,0,0,1,0,0,0,0,1,0,0,0,1,0.5235593127076592,0.798585597100695,0.007259843514731271,0.06980238681281059,0.06980238681281059
72,0,0,1,1,0,1,1,0,1,0,0,0,0,0,1,0,1,0,0,0.45542124917344834,0.6419575496164033,0.002490279067928491,0.027529416300707155,0.027529416300707155
70,0,1,0,1,0,1,1,0,1,1,1,1,1,1,1,0,1,0,0,1.6453445050391813,0.6452021175658147,0.002551672337160255,0.02815370280249474,0.02815370280249474
38,0,0,0,0,0,1,0,0,0,0,0,0,0,0,0,0,1,0,0,-1.487344513545884,0.7158758576100376,0.0042276442662364,0.04431696426317133,0.04431696426317133
68,0,1,0,1,1,1,0,1,1,1,1,1,0,0,0,0,1,0,0,-0.07140231522520725,0.6485447168747005,0.0026161967996319807,0.028807250213664037,0.028807250213664037
13,1,1,0,0,0,1,1,0,0,0,0,0,0,1,0,0,0,1,1,0.5335307366394948,0.8312566322761956,0.008894046614766308,0.0818402613059327,0.0818402613059327
65,0,1,1,1,0,1,1,0,1,1,0,0,1,0,1,0,1,0,1,0.9274019819470073,0.6537547892731487,0.002719403042122667,0.02984713825493901,0.02984713825493901
30,0,0,0,0,0,1,1,0,0,0,1,0,1,1,1,0,0,1,0,1.1849971001860975,0.7428424163487329,0.0050683354621543905,0.051833777579476825,0.051833777579476825
51,0,1,0,1,0,1,0,1,0,0,0,1,1,1,1,0,1,0,1,0.34573558592325515,0.681854139199785,0.003334724055742794,0.03591111081215892,0.03591111081215892
31,0,0,0,0,0,1,1,0,1,0,1,0,0,0,1,0,0,0,1,0.6631592477533598,0.7391329118702427,0.004945042598351195,0.05075440110013929,0.05075440110013929
9,1,0,0,1,0,1,1,0,0,0,0,0,1,1,0,0,0,1,0,0.8193782226854534,0.8645756330248363,0.010901071741709328,0.09522425637547682,0.09522425637547682
72,0,0,0,1,1,1,0,1,1,1,1,1,0,1,1,0,1,0,1,0.48865932894623415,0.6419575496164033,0.002490279067928491,0.027529416300707155,0.027529416300707155
10,1,1,0,0,0,1,0,1,0,0,0,0,1,1,1,0,0,0,1,0.24435944261625844,0.8554585264638187,0.010313003097985489,0.09145336847937524,0.09145336847937524
37,0,0,0,0,0,1,0,0,0,0,0,0,0,0,0,1,0,1,1,-1.4956540334890804,0.7189405920832638,0.0043169072108659315,0.0451328504105416,0.0451328504105416
2,1,0,0,0,0,1,0,1,0,0,1,1,1,1,0,0,0,1,0,0.3856212816505982,0.9544211124058478,0.01918286543259826,0.13658902706858933,0.13658902706858933
55,0,1,0,0,0,1,1,0,1,1,0,0,1,1,0,1,0,0,1,1.1999542360838513,0.6730980579890953,0.0031319345818057722,0.033937922764987416,0.033937922764987416
33,0,1,0,0,1,1,1,0,1,0,1,0,0,1,1,0,0,0,1,1.0138209893562502,0.732029255003116,0.004715929386838689,0.04872789424351476,0.04872789424351476
46,0,0,0,1,1,1,1,0,0,0,1,1,0,1,0,1,0,0,0,0.8692353423446321,0.6938140321924815,0.003628947567853564,0.038730988089776375,0.038730988089776375
1,0,0,0,0,1,1,0,1,1,0,0,1,0,0,0,0,0,1,0,-0.34229266537341174,0.9743124842439652,0.02235010364622835,0.1468274853100915,0.1468274853100915
20,1,0,1,0,0,1,0,1,0,0,0,0,0,1,1,0,0,0,1,-0.10630229898663228,0.7874709741517664,0.006767715032425889,0.0659587290124013,0.0659587290124013
9,1,1,0,1,0,1,1,0,0,1,1,0,0,0,0,0,0,1,1,0.5019545608553487,0.8645756330248363,0.010901071741709328,0.09522425637547682,0.09522425637547682
32,1,1,1,0,0,1,1,0,0,0,0,0,1,1,1,0,0,0,1,1.0420733571631184,0.7355303895625583,0.00482771692436557,0.04972004336955682,0.04972004336955682
19,0,0,0,1,1,1,0,1,0,0,1,0,0,0,0,0,0,0,1,-0.5051592562600623,0.7929113200145855,0.0070048485392757275,0.06782398836650938,0.06782398836650938
70,1,0,0,1,0,1,0,1,1,0,1,1,0,0,1,0,1,0,0,0.016678596172675177,0.6452021175658147,0.002551672337160255,0.02815370280249474,0.02815370280249474
61,0,0,0,0,1,1,0,0,0,0,0,0,0,0,1,0,1,0,1,-1.322816018670594,0.6611010360108607,0.002870516527482457,0.031357744906887475,0.031357744906887475
26,0,1,0,0,0,1,0,1,0,0,0,0,0,0,0,0,0,1,0,-0.6430972873171235,0.7588796606729277,0.005631521405658712,0.05666748667997901,0.05666748667997901
45,0,1,0,1,0,1,1,0,0,1,1,0,1,1,1,0,0,0,1,1.427635082527434,0.6963590108821652,0.0036942216775406023,0.039349803973645514,0.039349803973645514
62,0,1,0,1,1,1,1,0,0,0,1,0,1,0,1,0,1,0,1,0.807744894764978,0.6592190846564381,0.0028311702861325673,0.03096578220998969,0.03096578220998969
1,1,1,0,0,0,1,0,0,0,0,0,0,0,0,0,0,0,0,0,-1.5006397454549982,0.9743124842439652,0.02235010364622835,0.1468274853100915,0.1468274853100915
3,0,0,0,0,0,1,0,1,0,0,0,0,0,0,0,0,0,0,0,-0.6663639431580737,0.9373188893787414,0.017092860770546496,0.12812771737333695,0.12812771737333695
41,0,0,0,1,1,1,1,0,1,1,1,0,0,1,1,1,0,0,1,1.2232208919248009,0.7071206594283597,0.003981008341391358,0.042040010297382246,0.042040010297382246
67,0,1,0,1,1,1,1,0,0,1,1,1,1,1,0,0,1,0,0,1.2747399155726193,0.6502545080837984,0.0026497095459112013,0.029145652408135048,0.029145652408135048
1,1,1,0,0,0,1,1,0,0,0,0,0,1,0,1,0,0,0,1,0.6598354397760814,0.9743124842439652,0.02235010364622835,0.1468274853100915,0.1468274853100915
71,0,0,0,1,0,1,1,0,1,1,0,0,1,0,1,1,0,0,0,1.0254543172767256,0.6435679119154606,0.0025205988088756303,0.02783802704790539,0.02783802704790539
37,0,0,0,1,1,1,0,1,1,1,0,0,1,1,0,1,0,0,0,0.34241177794597627,0.7189405920832638,0.0043169072108659315,0.0451328504105416,0.0451328504105416
60,0,1,0,1,0,1,0,1,1,1,0,1,0,0,0,0,1,0,1,-0.11461181892982873,0.6630148153227823,0.0029109829180785306,0.031759872056746574,0.031759872056746574
1,1,0,1,1,0,1,1,0,0,0,0,0,0,0,0,0,0,1,1,0.15794043520701498,0.9743124842439652,0.02235010364622835,0.1468274853100915,0.1468274853100915
6,0,0,0,0,0,1,0,0,0,0,0,0,0,0,0,0,0,0,0,-1.4989778414663588,0.8962011910421149,0.01321361285882388,0.10892151775419001,0.10892151775419001
13,1,0,0,0,0,0,0,1,0,1,0,0,0,0,0,0,0,1,1,-1.1217256360452397,0.8312566322761956,0.008894046614766308,0.0818402613059327,0.0818402613059327
11,0,0,0,1,1,1,0,1,1,0,0,0,0,0,0,0,0,0,0,-0.4586259445781622,0.8469074549655476,0.009789108115316166,0.08799046091721618,0.08799046091721618
7,1,1,0,0,0,1,0,1,1,0,0,0,0,0,0,0,0,0,1,-0.4586259445781622,0.8848383086630132,0.012329368360988486,0.10389128471090825,0.10389128471090825
10,0,0,0,1,1,1,1,0,0,0,0,0,1,1,0,0,0,1,1,0.7994353748217815,0.8554585264638187,0.010313003097985489,0.09145336847937524,0.09145336847937524
34,0,1,0,1,0,1,0,0,0,0,0,0,0,0,0,0,1,0,0,-1.487344513545884,0.7286243341114813,0.004609291590527576,0.04777537654084685,0.04777537654084685
62,0,0,0,0,0,1,0,1,1,0,0,1,0,1,0,0,1,0,1,0.010030980218117914,0.6592190846564381,0.0028311702861325673,0.03096578220998969,0.03096578220998969
64,0,1,0,1,0,1,0,1,0,1,0,1,0,1,1,1,0,0,1,0.17788328307068677,0.6555468612609421,0.002755656035094927,0.030210834407233156,0.030210834407233156
1,1,0,0,1,1,1,0,1,0,0,0,0,0,0,0,0,0,0,1,-0.679659175067188,0.9743124842439652,0.02235010364622835,0.1468274853100915,0.1468274853100915
25,0,1,0,0,0,1,0,0,0,0,0,0,0,0,0,0,1,0,1,-1.4640778577049338,0.7632263722784222,0.005792955912006608,0.05802443652851541,0.05802443652851541
26,0,0,0,0,0,1,0,1,0,1,1,0,0,0,0,1,0,0,1,-0.29077364172559383,0.7588796606729277,0.005631521405658712,0.05666748667997901,0.05666748667997901
10,0,1,0,0,1,1,0,0,0,0,0,0,0,0,0,1,0,0,1,-1.4906683215231624,0.8554585264638187,0.010313003097985489,0.09145336847937524,0.09145336847937524
53,0,0,0,0,0,1,1,0,1,1,1,0,1,0,1,1,0,0,0,1.1235066526064434,0.6773932996244997,0.003230113874366814,0.03489628604896822,0.03489628604896822
7,1,0,0,0,0,1,1,0,0,0,0,0,1,0,0,0,0,1,1,0.4953069449007914,0.8848383086630132,0.012329368360988486,0.10389128471090825,0.10389128471090825
33,0,1,0,0,0,1,1,0,0,1,1,0,0,0,0,0,0,0,1,0.47204028905984124,0.732029255003116,0.004715929386838689,0.04872789424351476,0.04872789424351476
71,0,0,1,1,0,1,1,0,0,1,1,0,0,1,0,0,1,0,0,0.8193782226854534,0.6435679119154606,0.0025205988088756303,0.02783802704790539,0.02783802704790539
29,0,0,0,0,0,1,1,0,0,0,0,0,0,0,1,0,0,1,1,0.3124975061504693,0.746664964341879,0.005198070769814978,0.05296124339833497,0.05296124339833497
24,0,1,0,1,1,1,0,1,1,0,0,1,1,1,1,0,0,0,0,0.5385164486054129,0.7677256072562019,0.005964174846469762,0.05945002834593771,0.05945002834593771
20,0,1,0,1,1,1,0,1,0,0,1,0,0,0,0,0,0,1,1,-0.5051592562600623,0.7874709741517664,0.006767715032425889,0.0659587290124013,0.0659587290124013
1,0,0,0,0,0,1,1,0,0,0,0,0,1,0,1,0,0,1,1,0.6581735357874418,0.9743124842439652,0.02235010364622835,0.1468274853100915,0.1468274853100915
54,1,1,0,0,1,1,0,1,0,1,0,0,0,0,1,0,0,0,1,-0.32567362548701884,0.6752256920763566,0.003180258311786613,0.03441034838970081,0.03441034838970081
5,1,0,1,0,0,1,1,0,0,0,1,0,1,0,0,0,0,0,1,0.6664830557306382,0.9085818526659613,0.014256987321705751,0.11453932573635439,0.11453932573635439
72,0,0,0,1,1,1,0,1,1,0,1,1,1,1,1,0,1,0,1,0.6448783038783277,0.6419575496164033,0.002490279067928491,0.027529416300707155,0.027529416300707155
52,0,1,0,1,0,1,1,0,1,1,1,1,1,1,0,0,1,1,1,1.3794398668568946,0.6796022882225629,0.00328157591746785,0.03539633014558485,0.03539633014558485
9,0,0,0,0,0,1,1,0,0,0,0,0,0,0,0,0,0,1,0,0.14132139532062207,0.8645756330248363,0.010901071741709328,0.09522425637547682,0.09522425637547682
1,0,0,0,0,0,1,0,1,0,0,0,0,0,0,0,0,0,0,1,-0.644759191305763,0.9743124842439652,0.02235010364622835,0.1468274853100915,0.1468274853100915
1,1,1,1,0,0,1,1,0,0,0,0,0,0,0,1,0,0,1,1,0.2942165622754372,0.9743124842439652,0.02235010364622835,0.1468274853100915,0.1468274853100915
33,1,1,0,1,1,1,0,1,0,0,1,1,1,1,0,1,0,0,1,0.30252608221863364,0.732029255003116,0.004715929386838689,0.04872789424351476,0.04872789424351476
55,1,0,0,1,0,1,1,0,0,0,1,0,0,0,1,0,0,1,1,0.4304926893438589,0.6730980579890953,0.0031319345818057722,0.033937922764987416,0.033937922764987416
69,0,1,0,1,1,1,1,0,0,0,0,1,1,1,1,0,1,1,1,1.1484352124360329,0.6468608243449303,0.002583528294433392,0.028476690845760766,0.028476690845760766
1,0,1,0,0,0,1,0,1,1,0,0,0,0,0,0,0,0,0,1,-0.46693546452135865,0.9743124842439652,0.02235010364622835,0.1468274853100915,0.1468274853100915
54,0,1,0,0,0,1,0,1,1,0,1,1,1,1,1,0,1,0,0,0.7412687352194063,0.6752256920763566,0.003180258311786613,0.03441034838970081,0.03441034838970081
33,0,1,0,0,1,1,0,0,0,0,0,0,0,0,0,1,0,0,1,-1.4840207055686052,0.732029255003116,0.004715929386838689,0.04872789424351476,0.04872789424351476
45,0,1,1,1,0,1,1,0,0,1,1,1,1,0,1,1,0,0,1,1.1268304605837223,0.6963590108821652,0.0036942216775406023,0.039349803973645514,0.039349803973645514
11,0,0,0,0,1,0,0,1,0,0,0,0,0,0,0,0,0,1,0,-1.3161684027160367,0.8469074549655476,0.009789108115316166,0.08799046091721618,0.08799046091721618
6,0,1,0,0,0,1,0,1,1,1,0,0,0,0,0,0,0,0,1,-0.30240696964606867,0.8962011910421149,0.01321361285882388,0.10892151775419001,0.10892151775419001
21,0,1,0,0,0,1,0,1,1,0,1,0,1,0,0,0,0,0,0,0.018340500161314374,0.7822470612896891,0.006546583090128551,0.06419686154369075,0.06419686154369075
65,0,0,0,1,1,1,0,0,0,0,0,0,0,0,1,0,1,0,1,-1.3128445947387584,0.6537547892731487,0.002719403042122667,0.02984713825493901,0.02984713825493901
6,1,0,1,1,0,1,1,0,0,0,0,0,0,1,1,0,0,1,1,0.6498640158442452,0.8962011910421149,0.01321361285882388,0.10892151775419001,0.10892151775419001
8,1,0,0,0,0,1,1,0,1,0,0,0,1,0,0,0,0,1,0,0.6698068637079171,0.8743368175545859,0.01156705087089483,0.09935054964947354,0.09935054964947354
11,1,1,0,0,0,1,1,0,0,0,0,1,0,0,0,0,0,1,1,0.300864178229994,0.8469074549655476,0.009789108115316166,0.08799046091721618,0.08799046091721618
43,0,1,0,1,1,1,0,0,0,0,0,0,0,0,1,0,1,0,0,-1.3477445785001834,0.7016186635948665,0.003832182002392298,0.04064972482294138,0.04064972482294138
49,1,1,0,1,1,0,0,1,0,1,0,0,1,1,0,1,0,0,1,-0.43203548075993364,0.6864927538867036,0.0034464244917631367,0.03698759780359384,0.03698759780359384
1,1,0,1,1,0,1,0,1,0,0,0,0,0,0,0,0,0,1,0,-0.6248163434420914,0.9743124842439652,0.02235010364622835,0.1468274853100915,0.1468274853100915
15,1,1,1,0,0,1,1,0,0,0,0,0,0,1,0,0,0,1,1,0.48533552096895577,0.817222359631732,0.00815567933565363,0.07653518145581295,0.07653518145581295
60,0,1,0,1,1,1,0,1,1,1,1,0,0,0,0,0,1,0,0,-0.14286418673669674,0.6630148153227823,0.0029109829180785306,0.031759872056746574,0.031759872056746574
17,0,1,0,0,0,0,0,1,0,0,0,0,0,0,0,0,0,0,0,-1.3194922106933153,0.8045134998853144,0.007534869537132169,0.07190499047148602,0.07190499047148602
16,1,1,1,1,0,1,1,0,0,0,0,0,0,0,0,0,0,0,1,0.2327261146957831,0.8107173068575363,0.007832475449686212,0.07414442618478301,0.07414442618478301
35,0,1,0,1,1,1,0,0,0,0,0,0,0,0,0,1,0,0,0,-1.487344513545884,0.7253108322429414,0.004507451042951911,0.04686012202126277,0.04686012202126277
44,1,1,1,1,0,1,1,0,0,1,0,0,0,1,1,1,0,0,0,0.7844782389240282,0.6989597866938809,0.0037619201221218337,0.03998903582240876,0.03998903582240876
12,0,0,0,1,1,0,0,1,0,0,0,1,0,0,0,1,0,0,0,-1.1483160998634683,0.8388580793219884,0.009318867014819062,0.08479678961103854,0.08479678961103854
1,0,1,0,0,0,1,0,0,0,0,0,0,0,0,0,0,0,0,0,-1.4823588015799658,0.9743124842439652,0.02235010364622835,0.1468274853100915,0.1468274853100915
28,0,0,0,0,0,1,0,1,1,1,0,1,0,0,0,1,0,1,1,-0.1628070346003683,0.7506071373425116,0.0053347764644180165,0.05414016114784159,0.05414016114784159
70,0,1,0,1,0,1,0,0,0,0,0,0,0,0,1,0,1,0,0,-1.3178303067046762,0.6452021175658147,0.002551672337160255,0.02815370280249474,0.02815370280249474
5,1,0,0,0,1,1,0,1,0,0,0,0,0,0,0,0,0,0,0,-0.6248163434420914,0.9085818526659613,0.014256987321705751,0.11453932573635439,0.11453932573635439
18,0,1,0,0,0,1,1,0,0,1,1,0,1,1,0,0,0,0,0,1.2132494679929653,0.798585597100695,0.007259843514731271,0.06980238681281059,0.06980238681281059
70,0,1,0,1,0,1,0,1,1,0,0,1,1,1,1,0,1,0,1,0.4039022255256304,0.6452021175658147,0.002551672337160255,0.02815370280249474,0.02815370280249474
9,0,0,0,1,1,1,0,1,0,1,0,0,0,0,1,0,0,0,1,-0.3157022015551832,0.8645756330248363,0.010901071741709328,0.09522425637547682,0.09522425637547682
67,0,0,1,0,0,1,1,0,1,1,0,1,1,0,0,0,1,0,1,0.9190924620038108,0.6502545080837984,0.0026497095459112013,0.029145652408135048,0.029145652408135048
1,0,0,0,0,0,1,0,1,1,0,0,0,0,0,0,0,0,0,1,-0.543383047998766,0.9743124842439652,0.02235010364622835,0.1468274853100915,0.1468274853100915
18,0,0,0,1,1,1,0,0,0,0,0,0,0,0,0,0,1,0,0,-1.5106111693868338,0.798585597100695,0.007259843514731271,0.06980238681281059,0.06980238681281059
4,1,1,0,0,0,1,0,1,0,0,0,0,0,0,1,0,0,0,0,-0.43369738474857283,0.9221895280070969,0.015517187361763772,0.12087777811840728,0.12087777811840728
71,0,1,1,1,1,1,1,0,1,1,1,0,0,0,0,1,0,0,1,0.7279735033102923,0.6435679119154606,0.0025205988088756303,0.02783802704790539,0.02783802704790539
30,1,1,0,1,1,1,1,0,1,1,0,0,1,0,1,0,0,1,1,0.9839067175607433,0.7428424163487329,0.0050683354621543905,0.051833777579476825,0.051833777579476825
1,0,1,0,1,0,1,0,1,1,0,1,0,0,0,0,0,0,0,0,-0.30240696964606867,0.9743124842439652,0.02235010364622835,0.1468274853100915,0.1468274853100915
55,0,0,0,0,0,1,1,0,1,0,1,0,0,0,1,1,0,0,1,0.6465402078669669,0.6730980579890953,0.0031319345818057722,0.033937922764987416,0.033937922764987416
59,0,1,0,0,0,1,0,1,0,0,1,1,1,0,0,0,0,1,1,-0.004926155679635335,0.6649614286359096,0.0029526183444970946,0.03217256791019485,0.03217256791019485
1,1,0,0,0,0,1,1,0,0,0,0,0,0,0,0,0,0,0,1,0.17788328307068677,0.9743124842439652,0.02235010364622835,0.1468274853100915,0.1468274853100915
7,0,0,0,1,0,1,1,0,0,0,0,0,0,0,0,0,0,0,1,0.14630710728654012,0.8848383086630132,0.012329368360988486,0.10389128471090825,0.10389128471090825
45,0,1,0,1,1,1,0,1,1,0,0,1,0,0,0,0,1,0,0,-0.33730695340749395,0.6963590108821652,0.0036942216775406023,0.039349803973645514,0.039349803973645514
54,0,0,0,1,1,1,0,0,0,0,0,0,0,0,1,1,0,0,1,-1.3311255386137903,0.6752256920763566,0.003180258311786613,0.03441034838970081,0.03441034838970081
51,0,1,0,1,1,1,0,0,0,0,0,0,0,0,1,1,0,0,1,-1.357716002432019,0.681854139199785,0.003334724055742794,0.03591111081215892,0.03591111081215892
72,0,0,1,1,0,1,1,0,0,1,1,0,1,1,1,1,0,0,0,1.336230363152273,0.6419575496164033,0.002490279067928491,0.027529416300707155,0.027529416300707155
44,0,1,0,1,0,1,0,1,1,1,0,1,0,0,0,1,0,0,1,-0.1644689385890075,0.6989597866938809,0.0037619201221218337,0.03998903582240876,0.03998903582240876
2,0,1,0,0,0,1,0,0,0,0,0,0,0,0,0,0,0,0,0,-1.487344513545884,0.9544211124058478,0.01918286543259826,0.13658902706858933,0.13658902706858933
66,0,0,0,0,0,1,1,0,0,0,1,0,1,0,1,1,0,0,1,0.9091210380719752,0.6519909407703324,0.0026840999053434323,0.029492182160968494,0.029492182160968494
68,0,1,0,1,1,0,0,1,1,1,0,0,1,0,0,1,0,0,0,-0.6647020391694345,0.6485447168747005,0.0026161967996319807,0.028807250213664037,0.028807250213664037
31,0,0,0,0,0,1,0,0,0,0,0,0,0,0,0,0,1,0,0,-1.459092145739016,0.7391329118702427,0.004945042598351195,0.05075440110013929,0.05075440110013929
21,0,0,1,0,0,1,1,0,0,0,0,0,1,1,1,0,0,0,1,1.0171447973335292,0.7822470612896891,0.006546583090128551,0.06419686154369075,0.06419686154369075
21,0,1,0,0,1,1,1,0,1,0,0,0,0,0,1,0,0,1,0,0.5169116967531019,0.7822470612896891,0.006546583090128551,0.06419686154369075,0.06419686154369075
55,0,0,0,1,1,1,0,1,1,0,1,1,1,1,1,0,1,0,1,0.6747925756738347,0.6730980579890953,0.0031319345818057722,0.033937922764987416,0.033937922764987416
9,1,1,0,0,0,0,0,1,0,0,0,0,1,0,0,0,0,0,1,-1.0004066448745712,0.8645756330248363,0.010901071741709328,0.09522425637547682,0.09522425637547682
71,0,1,1,1,0,1,1,0,1,1,1,1,1,1,1,0,1,0,1,1.6702730648687705,0.6435679119154606,0.0025205988088756303,0.02783802704790539,0.02783802704790539
1,1,0,0,0,0,1,1,0,0,0,0,0,0,1,0,0,0,1,1,0.5418402565826913,0.9743124842439652,0.02235010364622835,0.1468274853100915,0.1468274853100915
22,0,1,0,1,1,1,0,0,0,0,0,0,0,0,0,1,0,0,0,-1.4906683215231624,0.7772239626242997,0.006339847981342745,0.0625297608539006,0.0625297608539006
1,1,0,0,1,1,1,0,0,0,0,0,0,0,0,0,0,0,0,0,-1.470725473659491,0.9743124842439652,0.02235010364622835,0.1468274853100915,0.1468274853100915
61,1,0,0,0,0,1,1,0,0,0,1,1,1,1,1,0,1,1,1,1.3894112907887302,0.6611010360108607,0.002870516527482457,0.031357744906887475,0.031357744906887475
67,0,0,0,1,0,1,0,1,0,1,1,1,1,1,1,0,1,0,0,0.7096925594352601,0.6502545080837984,0.0026497095459112013,0.029145652408135048,0.029145652408135048
14,0,0,1,0,0,1,1,0,1,1,0,0,0,0,0,0,0,1,0,0.4670545770939232,0.8240576612486123,0.008508086494505379,0.07909398048302463,0.07909398048302463
59,1,1,0,1,0,1,1,0,1,1,1,1,1,0,1,0,0,1,1,1.3943970027546482,0.6649614286359096,0.0029526183444970946,0.03217256791019485,0.03217256791019485
21,0,1,1,1,0,1,1,0,0,0,1,0,1,0,0,0,0,0,0,0.7229877913443742,0.7822470612896891,0.006546583090128551,0.06419686154369075,0.06419686154369075
4,0,1,0,0,0,0,0,1,1,1,0,1,0,0,0,0,0,0,0,-0.7444734306241204,0.9221895280070969,0.015517187361763772,0.12087777811840728,0.12087777811840728
3,1,0,0,0,0,1,1,0,0,0,0,0,1,1,0,0,0,1,1,0.8193782226854534,0.9373188893787414,0.017092860770546496,0.12812771737333695,0.12812771737333695
70,0,1,0,1,0,1,0,0,0,0,0,0,0,0,1,0,1,0,0,-1.3477445785001834,0.6452021175658147,0.002551672337160255,0.02815370280249474,0.02815370280249474
3,1,0,0,0,0,1,1,0,0,1,0,1,1,1,0,0,0,1,1,1.1002399967654937,0.9373188893787414,0.017092860770546496,0.12812771737333695,0.12812771737333695
21,0,1,1,0,0,1,0,0,0,0,0,0,0,0,0,1,0,0,0,-1.4723873776481302,0.7822470612896891,0.006546583090128551,0.06419686154369075,0.06419686154369075
20,0,1,0,0,0,1,0,0,0,0,0,0,0,0,0,0,0,0,1,-1.5023016494436374,0.7874709741517664,0.006767715032425889,0.0659587290124013,0.0659587290124013
22,0,1,0,1,1,1,0,0,0,0,0,0,0,0,0,1,0,0,0,-1.4806968975913266,0.7772239626242997,0.006339847981342745,0.0625297608539006,0.0625297608539006
1,1,1,0,0,0,1,0,1,0,0,0,0,0,1,0,0,0,0,1,-0.30240696964606867,0.9743124842439652,0.02235010364622835,0.1468274853100915,0.1468274853100915
63,0,0,0,0,0,1,0,0,0,0,0,0,0,0,0,0,1,0,1,-1.4690635696708516,0.6573679996492523,0.0027928980105273514,0.030583600220822293,0.030583600220822293
70,0,0,0,1,1,1,0,0,0,0,0,0,0,0,0,0,1,0,0,-1.4956540334890804,0.6452021175658147,0.002551672337160255,0.02815370280249474,0.02815370280249474
13,1,1,0,0,0,1,1,0,0,1,1,0,0,0,0,0,0,1,1,0.4986307528780698,0.8312566322761956,0.008894046614766308,0.0818402613059327,0.0818402613059327
5,0,0,0,0,0,1,1,0,0,0,0,0,1,0,0,0,0,1,0,0.5119259847871843,0.9085818526659613,0.014256987321705751,0.11453932573635439,0.11453932573635439
72,0,0,0,1,1,1,1,0,1,1,1,1,1,1,1,0,1,0,1,1.7151444725620317,0.6419575496164033,0.002490279067928491,0.027529416300707155,0.027529416300707155
13,0,0,0,0,0,0,0,1,0,1,0,0,0,0,0,0,0,1,1,-1.1017827881815683,0.8312566322761956,0.008894046614766308,0.0818402613059327,0.0818402613059327
61,0,1,0,1,0,1,1,0,0,1,1,1,0,1,0,0,0,0,0,0.9755971976175468,0.6611010360108607,0.002870516527482457,0.031357744906887475,0.031357744906887475
1,0,1,0,0,0,1,0,0,0,0,0,0,0,0,0,0,0,1,0,-1.4674016656822124,0.9743124842439652,0.02235010364622835,0.1468274853100915,0.1468274853100915
56,0,0,1,1,0,1,1,0,0,0,0,1,0,0,1,0,0,0,1,0.4005784175483515,0.6710090587453561,0.003085072619735503,0.03347844798497823,0.03347844798497823
4,0,0,0,0,0,1,0,0,0,0,0,0,0,0,0,0,0,0,0,-1.4840207055686052,0.9221895280070969,0.015517187361763772,0.12087777811840728,0.12087777811840728
35,0,1,0,0,0,1,0,1,1,0,0,0,0,0,1,0,1,0,0,-0.3173641055438224,0.7253108322429414,0.004507451042951911,0.04686012202126277,0.04686012202126277
18,1,0,0,1,0,0,0,1,0,0,1,0,1,0,0,0,0,1,1,-0.8558209978629531,0.798585597100695,0.007259843514731271,0.06980238681281059,0.06980238681281059
72,0,1,0,1,0,1,0,1,0,1,1,0,1,1,1,0,1,0,0,0.5767402403441169,0.6419575496164033,0.002490279067928491,0.027529416300707155,0.027529416300707155
49,0,0,1,0,0,1,1,0,1,1,1,1,0,1,1,1,0,0,0,1.2697542036067013,0.6864927538867036,0.0034464244917631367,0.03698759780359384,0.03698759780359384
44,0,0,0,1,0,1,1,0,1,1,1,1,0,0,1,0,0,0,1,1.007173373401693,0.6989597866938809,0.0037619201221218337,0.03998903582240876,0.03998903582240876
3,1,0,1,1,0,1,1,0,0,0,0,1,1,0,0,0,0,0,1,0.634906879946492,0.9373188893787414,0.017092860770546496,0.12812771737333695,0.12812771737333695
37,0,0,0,1,1,1,1,0,0,1,1,0,0,1,1,0,0,1,1,1.0088352773903326,0.7189405920832638,0.0043169072108659315,0.0451328504105416,0.0451328504105416
61,0,1,0,1,0,1,0,1,0,1,1,0,1,1,1,1,0,1,1,0.4986307528780698,0.6611010360108607,0.002870516527482457,0.031357744906887475,0.031357744906887475
70,0,1,0,1,0,1,0,1,1,0,1,1,0,1,1,0,1,0,1,0.3324403540141406,0.6452021175658147,0.002551672337160255,0.02815370280249474,0.02815370280249474
1,1,0,1,0,0,1,1,0,0,0,0,0,0,0,0,0,0,1,1,0.16791185913885065,0.9743124842439652,0.02235010364622835,0.1468274853100915,0.1468274853100915
41,0,0,0,0,0,1,0,0,0,0,0,0,0,0,0,0,0,1,0,-1.4740492816367694,0.7071206594283597,0.003981008341391358,0.042040010297382246,0.042040010297382246
70,0,1,0,1,1,1,0,1,1,1,1,1,0,1,1,1,0,0,0,0.45043553720753027,0.6452021175658147,0.002551672337160255,0.02815370280249474,0.02815370280249474
1,1,0,0,0,0,1,0,1,0,0,0,0,1,0,0,0,0,0,1,-0.3738688411575584,0.9743124842439652,0.02235010364622835,0.1468274853100915,0.1468274853100915
51,0,1,0,0,0,1,0,0,0,0,0,0,0,0,0,1,0,1,0,-1.5189206893300304,0.681854139199785,0.003334724055742794,0.03591111081215892,0.03591111081215892
42,0,0,0,1,1,1,0,0,0,0,0,0,0,0,0,0,1,0,0,-1.4890064175345232,0.7043380877631116,0.0039051573709433167,0.0413329850998293,0.0413329850998293
70,1,0,0,1,1,1,1,0,1,1,1,1,0,0,1,0,1,0,0,0.9672876776743504,0.6452021175658147,0.002551672337160255,0.02815370280249474,0.02815370280249474
48,0,1,0,0,0,1,0,0,0,0,0,0,0,0,0,1,0,0,0,-1.4906683215231624,0.6888828979881829,0.003505164885370563,0.03755076913789834,0.03755076913789834
68,1,1,0,1,1,1,1,0,1,1,1,1,1,1,1,0,1,1,1,1.6071207133004777,0.6485447168747005,0.0026161967996319807,0.028807250213664037,0.028807250213664037
48,0,0,0,0,0,1,0,0,0,0,0,0,0,0,1,0,1,0,0,-1.3560540984433798,0.6888828979881829,0.003505164885370563,0.03755076913789834,0.03755076913789834
26,1,0,1,1,0,1,1,0,0,1,0,0,0,1,0,0,0,1,0,0.6698068637079171,0.7588796606729277,0.005631521405658712,0.05666748667997901,0.05666748667997901
11,1,1,0,1,0,1,1,0,0,1,0,0,0,0,1,0,0,0,1,0.52189740871902,0.8469074549655476,0.009789108115316166,0.08799046091721618,0.08799046091721618
1,1,1,0,0,0,1,0,0,0,0,0,0,0,0,0,0,0,0,1,-1.5122730733754732,0.9743124842439652,0.02235010364622835,0.1468274853100915,0.1468274853100915
27,0,0,0,0,0,1,0,0,0,0,0,0,0,0,0,1,0,0,0,-1.5172587853413912,0.7546760980475697,0.005479040808994945,0.05537422178102336,0.05537422178102336
46,0,0,1,0,0,1,1,0,0,1,1,0,1,0,0,1,0,0,1,0.880868670265107,0.6938140321924815,0.003628947567853564,0.038730988089776375,0.038730988089776375
1,1,1,0,0,0,1,0,1,0,0,1,0,0,0,0,0,0,0,1,-0.5034973522714231,0.9743124842439652,0.02235010364622835,0.1468274853100915,0.1468274853100915
46,1,0,0,0,0,1,0,1,0,0,1,1,0,0,0,0,1,0,0,-0.3472783773393296,0.6938140321924815,0.003628947567853564,0.038730988089776375,0.038730988089776375
25,0,1,0,1,1,1,0,0,0,0,0,0,0,0,0,0,0,0,1,-1.5172587853413912,0.7632263722784222,0.005792955912006608,0.05802443652851541,0.05802443652851541
4,1,1,0,0,0,1,1,0,0,0,0,0,1,1,0,0,0,1,1,0.7861401429126675,0.9221895280070969,0.015517187361763772,0.12087777811840728,0.12087777811840728
13,0,1,0,0,0,1,0,0,0,0,0,0,0,0,0,0,1,0,0,-1.4973159374777196,0.8312566322761956,0.008894046614766308,0.0818402613059327,0.0818402613059327
31,0,1,0,1,0,1,0,1,1,1,1,1,0,1,0,1,0,0,1,0.3557070098550908,0.7391329118702427,0.004945042598351195,0.05075440110013929,0.05075440110013929
23,0,0,0,1,1,1,1,0,0,0,0,0,1,0,1,0,0,1,1,0.629921167980574,0.7723876776489026,0.006146116983133188,0.060949762364490456,0.060949762364490456
2,0,0,0,0,0,1,0,0,0,0,0,0,0,0,0,0,0,0,0,-1.5089492653981946,0.9544211124058478,0.01918286543259826,0.13658902706858933,0.13658902706858933
65,0,0,0,0,0,1,0,0,0,0,0,0,0,0,1,0,1,0,0,-1.2729588990114151,0.6537547892731487,0.002719403042122667,0.02984713825493901,0.02984713825493901
22,1,1,1,0,0,1,1,0,0,0,0,1,1,0,1,0,0,0,1,0.8542782064468784,0.7772239626242997,0.006339847981342745,0.0625297608539006,0.0625297608539006
55,0,0,0,1,1,1,0,0,0,0,0,0,0,0,0,1,0,0,0,-1.5172587853413912,0.6730980579890953,0.0031319345818057722,0.033937922764987416,0.033937922764987416
9,1,1,0,1,0,1,1,0,0,1,1,1,1,0,0,0,0,0,1,0.9988638534584966,0.8645756330248363,0.010901071741709328,0.09522425637547682,0.09522425637547682
7,1,1,0,1,1,1,1,0,0,0,0,0,0,0,0,0,0,0,1,0.1712356671161295,0.8848383086630132,0.012329368360988486,0.10389128471090825,0.10389128471090825
35,0,0,0,1,1,0,0,1,0,0,0,1,1,0,0,1,0,0,0,-0.7943305502832992,0.7253108322429414,0.004507451042951911,0.04686012202126277,0.04686012202126277
6,0,1,0,0,0,1,0,1,1,0,1,1,1,1,0,0,1,0,1,0.5135878887758235,0.8962011910421149,0.01321361285882388,0.10892151775419001,0.10892151775419001
1,1,0,0,0,0,1,0,1,1,0,0,0,0,0,0,0,0,0,1,-0.5383973360328481,0.9743124842439652,0.02235010364622835,0.1468274853100915,0.1468274853100915
17,0,1,0,0,0,1,1,0,0,0,0,0,0,0,0,0,0,1,1,0.19948803492299727,0.8045134998853144,0.007534869537132169,0.07190499047148602,0.07190499047148602
10,0,1,0,1,1,1,0,1,0,0,1,0,1,0,0,0,0,0,0,-0.1528356106685324,0.8554585264638187,0.010313003097985489,0.09145336847937524,0.09145336847937524
15,0,1,0,0,1,1,0,1,0,0,1,1,0,0,0,1,0,0,0,-0.3190260095324616,0.817222359631732,0.00815567933565363,0.07653518145581295,0.07653518145581295
40,1,0,1,0,0,0,0,1,1,1,0,0,1,1,0,0,0,1,1,-0.2990831616687903,0.7099691459680679,0.004059910336396862,0.04277208089669704,0.04277208089669704
13,0,0,0,1,1,1,0,1,1,0,0,1,0,0,0,1,0,0,0,-0.35392599329388685,0.8312566322761956,0.008894046614766308,0.0818402613059327,0.0818402613059327
29,1,1,0,1,0,1,1,0,0,1,0,0,0,0,1,0,0,0,1,0.5102640807985451,0.746664964341879,0.005198070769814978,0.05296124339833497,0.05296124339833497
3,1,0,0,0,0,1,1,0,0,0,0,0,0,0,1,0,0,1,1,0.3557070098550908,0.9373188893787414,0.017092860770546496,0.12812771737333695,0.12812771737333695
58,0,0,1,1,0,1,1,0,0,0,0,1,1,1,1,0,0,0,1,1.1833351961974583,0.6669419291751147,0.0029954745981990286,0.0325962586220786,0.0325962586220786
45,0,0,0,0,0,1,0,1,1,1,0,1,0,0,0,1,0,0,1,-0.07472612320248588,0.6963590108821652,0.0036942216775406023,0.039349803973645514,0.039349803973645514
72,0,0,0,1,1,1,0,1,1,1,1,1,0,0,1,0,1,0,1,0.18785470700252244,0.6419575496164033,0.002490279067928491,0.027529416300707155,0.027529416300707155
68,0,1,0,1,1,1,1,0,1,1,0,0,0,0,1,1,0,0,1,0.6880878075829492,0.6485447168747005,0.0026161967996319807,0.028807250213664037,0.028807250213664037
1,1,1,0,0,0,1,0,0,0,0,0,0,0,0,0,0,0,0,1,-1.4823588015799658,0.9743124842439652,0.02235010364622835,0.1468274853100915,0.1468274853100915
38,0,0,0,1,1,1,0,1,1,1,0,0,0,0,0,0,0,1,0,-0.34229266537341174,0.7158758576100376,0.0042276442662364,0.04431696426317133,0.04431696426317133
2,0,1,0,0,0,1,0,0,0,0,0,0,0,0,0,0,0,0,0,-1.4640778577049338,0.9544211124058478,0.01918286543259826,0.13658902706858933,0.13658902706858933
11,0,1,0,0,0,1,0,0,0,0,0,0,0,0,0,0,0,0,0,-1.477373089614048,0.8469074549655476,0.009789108115316166,0.08799046091721618,0.08799046091721618
20,0,0,1,1,0,1,1,0,0,0,0,0,1,1,0,1,0,0,1,0.8708972463332713,0.7874709741517664,0.006767715032425889,0.0659587290124013,0.0659587290124013
72,0,1,0,1,0,1,1,0,0,1,1,0,1,1,1,0,1,0,1,1.3295827471977157,0.6419575496164033,0.002490279067928491,0.027529416300707155,0.027529416300707155
3,1,0,0,1,0,1,1,0,0,0,0,0,0,0,1,0,0,0,1,0.33077845002550144,0.9373188893787414,0.017092860770546496,0.12812771737333695,0.12812771737333695
23,1,1,0,0,0,1,1,0,0,0,1,1,1,1,1,0,0,0,1,1.3046541873681263,0.7723876776489026,0.006146116983133188,0.060949762364490456,0.060949762364490456
40,0,1,0,0,0,1,0,1,0,0,0,1,0,0,0,0,0,1,1,-0.4553021366008836,0.7099691459680679,0.004059910336396862,0.04277208089669704,0.04277208089669704
62,0,1,1,1,0,1,1,0,0,1,0,0,0,1,1,0,0,0,1,0.8310115506059281,0.6592190846564381,0.0028311702861325673,0.03096578220998969,0.03096578220998969
22,0,0,0,0,1,1,0,0,0,0,0,0,0,0,0,0,0,1,1,-1.470725473659491,0.7772239626242997,0.006339847981342745,0.0625297608539006,0.0625297608539006
11,0,0,0,0,0,1,0,1,1,0,1,0,0,1,0,0,0,0,0,-0.02486900354330712,0.8469074549655476,0.009789108115316166,0.08799046091721618,0.08799046091721618
7,0,1,1,1,0,1,1,0,0,0,0,0,0,0,1,0,0,1,1,0.3341022580027798,0.8848383086630132,0.012329368360988486,0.10389128471090825,0.10389128471090825
13,1,0,0,0,0,1,1,0,1,1,0,0,1,0,1,0,0,1,1,1.0586923970495115,0.8312566322761956,0.008894046614766308,0.0818402613059327,0.0818402613059327
1,1,1,1,0,0,1,0,0,0,0,0,0,0,0,0,0,0,0,0,-1.487344513545884,0.9743124842439652,0.02235010364622835,0.1468274853100915,0.1468274853100915
39,1,0,0,0,0,1,1,0,0,1,1,0,1,1,1,0,0,1,1,1.284711339504455,0.7128864964214463,0.00414205349534239,0.043530572366621945,0.043530572366621945
3,0,1,0,1,0,0,0,1,0,0,0,0,0,0,0,0,0,0,0,-1.322816018670594,0.9373188893787414,0.017092860770546496,0.12812771737333695,0.12812771737333695
58,0,1,0,0,0,1,0,0,0,0,0,0,0,0,0,0,1,0,0,-1.4790349936026874,0.6669419291751147,0.0029954745981990286,0.0325962586220786,0.0325962586220786
6,0,1,0,0,1,1,0,0,0,0,0,0,0,0,1,0,0,0,0,-1.277944610977333,0.8962011910421149,0.01321361285882388,0.10892151775419001,0.10892151775419001
1,1,0,0,1,1,1,0,0,0,0,0,0,0,0,0,0,0,1,1,-1.4923302255118018,0.9743124842439652,0.02235010364622835,0.1468274853100915,0.1468274853100915
22,0,0,0,1,0,1,0,1,0,1,1,0,0,0,0,0,0,0,1,-0.3356450494188545,0.7772239626242997,0.006339847981342745,0.0625297608539006,0.0625297608539006
14,1,1,0,1,0,0,0,1,0,0,0,0,1,1,0,0,0,1,0,-0.6131830155216162,0.8240576612486123,0.008508086494505379,0.07909398048302463,0.07909398048302463
64,0,1,0,1,1,1,1,0,0,0,1,0,0,1,1,1,0,0,0,0.8459686865036818,0.6555468612609421,0.002755656035094927,0.030210834407233156,0.030210834407233156
1,1,1,0,0,0,1,0,0,0,0,0,0,0,0,0,0,0,1,0,-1.4906683215231624,0.9743124842439652,0.02235010364622835,0.1468274853100915,0.1468274853100915
6,0,1,0,0,0,1,0,0,0,0,0,0,0,0,0,0,0,0,0,-1.4674016656822124,0.8962011910421149,0.01321361285882388,0.10892151775419001,0.10892151775419001
1,1,1,0,0,0,1,1,0,0,0,0,0,0,1,0,0,0,1,0,0.49198313692351253,0.9743124842439652,0.02235010364622835,0.1468274853100915,0.1468274853100915
39,0,1,0,0,1,1,0,0,0,0,0,0,0,0,1,1,0,0,0,-1.3078588827728401,0.7128864964214463,0.00414205349534239,0.043530572366621945,0.043530572366621945
20,0,0,0,0,0,1,0,0,0,0,0,0,0,0,0,1,0,0,0,-1.505625457420916,0.7874709741517664,0.006767715032425889,0.0659587290124013,0.0659587290124013
1,1,1,0,0,0,1,1,0,0,0,0,1,0,0,0,0,0,1,1,0.3690022417642053,0.9743124842439652,0.02235010364622835,0.1468274853100915,0.1468274853100915
1,1,1,0,1,0,1,1,0,0,0,1,0,0,0,0,0,0,1,0,0.37897366569604096,0.9743124842439652,0.02235010364622835,0.1468274853100915,0.1468274853100915
64,0,1,0,1,0,1,0,1,1,0,0,0,1,0,1,1,0,0,1,0.04493096397954342,0.6555468612609421,0.002755656035094927,0.030210834407233156,0.030210834407233156
1,1,1,0,0,1,1,0,0,0,0,0,0,0,0,0,0,0,0,0,-1.5139349773641124,0.9743124842439652,0.02235010364622835,0.1468274853100915,0.1468274853100915
46,0,0,0,1,0,1,0,1,0,1,0,0,1,1,0,0,0,0,1,0.14298329930926126,0.6938140321924815,0.003628947567853564,0.038730988089776375,0.038730988089776375
28,0,0,1,1,1,0,0,1,0,1,0,0,0,1,0,1,0,1,1,-0.8541590938743137,0.7506071373425116,0.0053347764644180165,0.05414016114784159,0.05414016114784159
33,0,0,0,1,0,1,0,0,0,0,0,0,0,0,0,0,0,0,0,-1.487344513545884,0.732029255003116,0.004715929386838689,0.04872789424351476,0.04872789424351476
39,0,1,0,1,1,1,0,1,1,1,1,0,0,0,0,1,0,1,0,-0.16613084257764693,0.7128864964214463,0.00414205349534239,0.043530572366621945,0.043530572366621945
42,1,0,0,1,0,1,1,0,0,0,1,1,0,0,1,0,0,1,1,0.6482021118556061,0.7043380877631116,0.0039051573709433167,0.0413329850998293,0.0413329850998293
1,0,0,0,0,0,1,0,1,0,1,0,0,0,0,0,0,0,1,1,-0.5383973360328481,0.9743124842439652,0.02235010364622835,0.1468274853100915,0.1468274853100915
7,1,0,0,0,0,1,1,0,0,0,0,0,1,0,0,0,0,1,1,0.47204028905984124,0.8848383086630132,0.012329368360988486,0.10389128471090825,0.10389128471090825
70,0,1,1,1,0,1,1,0,1,1,1,0,1,1,0,0,1,0,0,1.347863691072748,0.6452021175658147,0.002551672337160255,0.02815370280249474,0.02815370280249474
65,0,1,0,0,0,1,0,0,0,0,0,0,0,0,1,0,1,0,1,-1.3194922106933153,0.6537547892731487,0.002719403042122667,0.02984713825493901,0.02984713825493901
1,0,1,0,0,0,1,0,1,1,0,0,0,0,0,0,0,0,1,0,-0.5001735442941445,0.9743124842439652,0.02235010364622835,0.1468274853100915,0.1468274853100915
18,0,1,0,1,0,1,1,0,0,0,0,0,1,1,1,0,0,1,1,0.9955400454812182,0.798585597100695,0.007259843514731271,0.06980238681281059,0.06980238681281059
24,0,1,0,1,0,1,1,0,0,0,0,0,1,1,1,0,0,1,1,0.937373405878843,0.7677256072562019,0.005964174846469762,0.05945002834593771,0.05945002834593771
63,0,1,0,0,0,1,0,1,1,0,1,1,0,1,1,0,1,0,1,0.236049922673062,0.6573679996492523,0.0027928980105273514,0.030583600220822293,0.030583600220822293
44,0,0,0,0,1,1,0,1,0,1,0,0,1,1,1,1,0,0,1,0.42384507338930166,0.6989597866938809,0.0037619201221218337,0.03998903582240876,0.03998903582240876
4,0,1,0,0,0,1,0,0,0,0,0,0,0,0,0,0,0,1,1,-1.493992129500441,0.9221895280070969,0.015517187361763772,0.12087777811840728,0.12087777811840728
1,1,0,0,0,0,1,1,0,0,0,0,0,0,0,0,0,0,1,1,0.18120709104796517,0.9743124842439652,0.02235010364622835,0.1468274853100915,0.1468274853100915
37,0,0,0,1,1,1,1,0,0,0,0,0,1,1,1,0,0,1,1,1.012159085367611,0.7189405920832638,0.0043169072108659315,0.0451328504105416,0.0451328504105416
10,1,0,1,0,0,1,1,0,0,0,1,0,0,1,0,0,0,0,1,0.6581735357874418,0.8554585264638187,0.010313003097985489,0.09145336847937524,0.09145336847937524
34,0,1,0,0,0,0,0,1,0,0,0,0,0,0,0,0,0,0,1,-1.3211541146819548,0.7286243341114813,0.004609291590527576,0.04777537654084685,0.04777537654084685
35,0,1,0,1,0,0,0,1,1,0,1,0,1,1,0,1,0,0,0,-0.3871640730666727,0.7253108322429414,0.004507451042951911,0.04686012202126277,0.04686012202126277
4,0,0,0,1,0,1,0,0,0,0,0,0,0,0,0,0,0,1,0,-1.4840207055686052,0.9221895280070969,0.015517187361763772,0.12087777811840728,0.12087777811840728
39,0,0,1,1,0,1,1,0,0,0,0,1,1,1,1,0,0,1,1,1.211587564004326,0.7128864964214463,0.00414205349534239,0.043530572366621945,0.043530572366621945
43,0,1,1,1,0,1,1,0,0,1,1,0,1,1,0,1,0,0,1,1.1883209081633759,0.7016186635948665,0.003832182002392298,0.04064972482294138,0.04064972482294138
17,1,0,0,1,1,1,0,0,0,0,0,0,0,0,1,0,0,0,0,-1.3527302904661012,0.8045134998853144,0.007534869537132169,0.07190499047148602,0.07190499047148602
61,0,0,0,1,0,1,0,0,0,0,0,0,0,0,1,0,1,0,0,-1.3128445947387584,0.6611010360108607,0.002870516527482457,0.031357744906887475,0.031357744906887475
49,0,0,0,1,0,1,0,1,1,1,1,0,0,1,1,1,0,1,0,0.2327261146957831,0.6864927538867036,0.0034464244917631367,0.03698759780359384,0.03698759780359384
4,0,1,0,0,0,1,0,0,0,0,0,0,0,0,0,1,0,0,0,-1.4989778414663588,0.9221895280070969,0.015517187361763772,0.12087777811840728,0.12087777811840728
64,0,0,0,1,1,0,0,1,0,1,1,1,0,1,0,0,1,1,0,-0.49684973631686585,0.6555468612609421,0.002755656035094927,0.030210834407233156,0.030210834407233156
3,0,1,0,0,0,1,1,0,0,0,0,0,0,0,0,0,0,0,1,0.15960233919565417,0.9373188893787414,0.017092860770546496,0.12812771737333695,0.12812771737333695
1,0,1,0,1,1,1,0,0,0,0,0,0,0,0,0,0,0,1,0,-1.4973159374777196,0.9743124842439652,0.02235010364622835,0.1468274853100915,0.1468274853100915
40,0,1,0,1,0,1,1,0,0,1,1,0,0,0,0,1,0,1,0,0.5318688326508556,0.7099691459680679,0.004059910336396862,0.04277208089669704,0.04277208089669704
1,1,0,0,0,1,1,0,1,1,1,0,1,0,0,0,0,0,1,1,-0.15948322662308967,0.9743124842439652,0.02235010364622835,0.1468274853100915,0.1468274853100915
8,1,1,0,0,0,1,1,0,0,0,0,0,0,1,1,0,0,1,1,0.7229877913443742,0.8743368175545859,0.01156705087089483,0.09935054964947354,0.09935054964947354
1,1,0,1,1,0,1,0,0,0,0,0,0,0,0,0,0,0,0,1,-1.4607540497276552,0.9743124842439652,0.02235010364622835,0.1468274853100915,0.1468274853100915
34,0,0,1,1,0,1,0,1,0,0,1,1,1,0,0,1,0,0,0,-0.019883291577389054,0.7286243341114813,0.004609291590527576,0.04777537654084685,0.04777537654084685
1,0,0,0,1,0,0,0,1,0,0,0,0,0,1,0,0,0,1,0,-0.9904352209427356,0.9743124842439652,0.02235010364622835,0.1468274853100915,0.1468274853100915
39,1,0,0,0,0,0,0,1,0,0,1,0,1,1,0,0,0,1,1,-0.46693546452135865,0.7128864964214463,0.00414205349534239,0.043530572366621945,0.043530572366621945
58,1,0,1,1,0,1,1,0,1,1,0,1,1,1,0,1,0,0,1,1.352849403038666,0.6669419291751147,0.0029954745981990286,0.0325962586220786,0.0325962586220786
45,0,1,0,1,1,1,0,0,0,0,0,0,0,0,0,0,1,1,0,-1.5155968813527516,0.6963590108821652,0.0036942216775406023,0.039349803973645514,0.039349803973645514
6,1,1,1,0,0,1,1,0,1,0,0,0,1,0,0,0,0,0,1,0.6764544796624743,0.8962011910421149,0.01321361285882388,0.10892151775419001,0.10892151775419001
43,0,1,0,0,0,1,1,0,1,1,1,1,0,0,0,1,0,0,1,0.8592639184127964,0.7016186635948665,0.003832182002392298,0.04064972482294138,0.04064972482294138
41,0,1,0,1,1,1,0,0,0,0,0,0,0,0,0,0,1,0,1,-1.4890064175345232,0.7071206594283597,0.003981008341391358,0.042040010297382246,0.042040010297382246
5,0,1,0,0,0,1,1,0,0,1,0,0,0,0,0,0,0,1,1,0.32745464204822305,0.9085818526659613,0.014256987321705751,0.11453932573635439,0.11453932573635439
72,0,1,0,0,0,0,0,1,1,0,1,1,1,1,0,0,1,0,1,-0.11959753089574657,0.6419575496164033,0.002490279067928491,0.027529416300707155,0.027529416300707155
4,0,1,0,0,0,1,0,0,0,0,0,0,0,0,0,1,0,0,0,-1.4906683215231624,0.9221895280070969,0.015517187361763772,0.12087777811840728,0.12087777811840728
9,0,1,0,1,1,1,0,1,0,1,0,1,0,0,0,0,0,0,0,-0.3323212414415761,0.8645756330248363,0.010901071741709328,0.09522425637547682,0.09522425637547682
72,0,1,1,1,0,1,0,1,0,0,1,0,1,1,1,0,1,0,1,0.2875689463208799,0.6419575496164033,0.002490279067928491,0.027529416300707155,0.027529416300707155
33,0,0,0,1,0,1,0,1,0,0,0,1,0,0,0,1,0,0,1,-0.4436688086804085,0.732029255003116,0.004715929386838689,0.04872789424351476,0.04872789424351476
72,0,0,0,1,0,1,1,0,1,0,0,0,0,0,1,0,1,0,0,0.5202355047303808,0.6419575496164033,0.002490279067928491,0.027529416300707155,0.027529416300707155
22,1,1,0,1,0,1,0,1,1,0,0,1,0,0,0,0,0,1,1,-0.35226408930524744,0.7772239626242997,0.006339847981342745,0.0625297608539006,0.0625297608539006
70,1,0,0,1,0,1,1,0,0,1,1,1,1,1,1,1,0,1,1,1.4858017221298092,0.6452021175658147,0.002551672337160255,0.02815370280249474,0.02815370280249474
21,1,1,0,1,1,1,1,0,0,1,1,0,1,1,1,0,0,1,0,1.3162875152886018,0.7822470612896891,0.006546583090128551,0.06419686154369075,0.06419686154369075
15,0,1,0,0,0,1,1,0,0,0,1,0,1,0,0,0,0,1,0,0.6814401916283919,0.817222359631732,0.00815567933565363,0.07653518145581295,0.07653518145581295
29,0,1,1,1,0,1,1,0,0,0,0,1,0,0,1,0,0,1,1,0.4820117129916769,0.746664964341879,0.005198070769814978,0.05296124339833497,0.05296124339833497
15,0,0,0,1,1,1,0,1,0,1,1,1,1,1,0,0,0,0,0,0.38894508962787666,0.817222359631732,0.00815567933565363,0.07653518145581295,0.07653518145581295
71,1,1,1,1,1,1,1,0,1,1,0,0,1,1,1,0,0,0,1,1.3395541711295513,0.6435679119154606,0.0025205988088756303,0.02783802704790539,0.02783802704790539
72,0,1,1,0,0,1,0,0,0,0,0,0,0,0,1,0,1,0,0,-1.3095207867614798,0.6419575496164033,0.002490279067928491,0.027529416300707155,0.027529416300707155
19,0,0,0,1,0,1,1,0,0,0,0,0,1,0,1,0,0,1,1,0.7329592152762099,0.7929113200145855,0.0070048485392757275,0.06782398836650938,0.06782398836650938
1,0,1,0,0,0,1,0,0,0,0,0,0,0,0,0,0,0,0,0,-1.5006397454549982,0.9743124842439652,0.02235010364622835,0.1468274853100915,0.1468274853100915
1,1,0,0,0,0,1,1,0,0,1,0,0,0,0,0,0,0,1,1,0.36235462580964806,0.9743124842439652,0.02235010364622835,0.1468274853100915,0.1468274853100915
2,0,0,0,0,0,1,0,1,0,0,0,0,0,0,0,0,0,1,0,-0.6397734793398451,0.9544211124058478,0.01918286543259826,0.13658902706858933,0.13658902706858933
11,0,0,1,1,1,1,1,0,0,0,1,0,0,0,1,0,0,0,1,0.4421260172643338,0.8469074549655476,0.009789108115316166,0.08799046091721618,0.08799046091721618
12,0,0,0,0,0,1,0,0,0,0,0,0,0,0,0,1,0,0,0,-1.5122730733754732,0.8388580793219884,0.009318867014819062,0.08479678961103854,0.08479678961103854
70,0,0,0,1,0,1,1,0,0,1,1,1,1,1,1,0,1,1,1,1.519039801902595,0.6452021175658147,0.002551672337160255,0.02815370280249474,0.02815370280249474
20,1,0,1,1,0,1,1,0,0,0,1,0,1,0,1,0,0,1,0,0.864249630378714,0.7874709741517664,0.006767715032425889,0.0659587290124013,0.0659587290124013
23,0,0,0,0,0,1,0,0,0,0,0,0,0,0,0,0,0,0,1,-1.4790349936026874,0.7723876776489026,0.006146116983133188,0.060949762364490456,0.060949762364490456
49,0,1,1,0,0,1,0,1,1,1,1,1,0,1,1,0,1,0,0,0.5501497765258878,0.6864927538867036,0.0034464244917631367,0.03698759780359384,0.03698759780359384
4,1,0,0,1,1,1,1,0,0,1,0,0,1,1,1,0,0,1,1,1.1019019007541329,0.9221895280070969,0.015517187361763772,0.12087777811840728,0.12087777811840728
32,1,1,0,0,0,1,1,0,1,1,0,1,1,1,1,0,0,0,1,1.4409303144365486,0.7355303895625583,0.00482771692436557,0.04972004336955682,0.04972004336955682
2,0,1,0,0,1,1,0,1,0,0,0,0,0,1,0,0,0,1,1,-0.3157022015551832,0.9544211124058478,0.01918286543259826,0.13658902706858933,0.13658902706858933
69,0,1,1,1,0,0,0,1,1,1,0,0,1,1,0,0,1,0,0,-0.2741546018392009,0.6468608243449303,0.002583528294433392,0.028476690845760766,0.028476690845760766
6,1,1,0,0,0,1,1,0,0,0,0,0,1,0,0,0,0,0,1,0.52189740871902,0.8962011910421149,0.01321361285882388,0.10892151775419001,0.10892151775419001
24,0,0,0,1,1,1,0,0,0,0,0,0,0,0,0,0,1,0,1,-1.4989778414663588,0.7677256072562019,0.005964174846469762,0.05945002834593771,0.05945002834593771
32,0,0,0,0,0,1,1,0,0,1,1,0,1,1,1,1,0,0,1,1.3046541873681263,0.7355303895625583,0.00482771692436557,0.04972004336955682,0.04972004336955682
27,0,0,0,0,0,1,0,1,1,1,0,0,0,0,0,0,1,0,0,-0.39713549699850836,0.7546760980475697,0.005479040808994945,0.05537422178102336,0.05537422178102336
27,1,0,1,1,0,1,1,0,1,0,0,1,1,1,1,0,0,0,1,1.3129637073113227,0.7546760980475697,0.005479040808994945,0.05537422178102336,0.05537422178102336
58,0,1,0,0,0,1,1,0,0,0,0,1,0,0,1,0,0,0,0,0.526883120684938,0.6669419291751147,0.0029954745981990286,0.0325962586220786,0.0325962586220786
1,1,1,0,0,0,1,1,0,0,0,0,0,0,0,0,0,0,0,1,0.2177689787980294,0.9743124842439652,0.02235010364622835,0.1468274853100915,0.1468274853100915
18,0,0,0,1,1,1,0,0,0,0,0,0,0,0,1,0,1,0,1,-1.334449346591069,0.798585597100695,0.007259843514731271,0.06980238681281059,0.06980238681281059
47,0,0,0,1,1,1,0,0,0,0,0,0,0,0,0,0,1,0,1,-1.4457969138299016,0.6913226781406935,0.0035659686558325962,0.038131613989117574,0.038131613989117574
70,0,0,0,1,1,1,1,0,0,1,1,1,1,1,1,0,1,1,1,1.5090683779707594,0.6452021175658147,0.002551672337160255,0.02815370280249474,0.02815370280249474
13,1,0,0,0,0,1,1,0,0,1,1,1,0,0,1,0,0,1,0,0.8177163186968142,0.8312566322761956,0.008894046614766308,0.0818402613059327,0.0818402613059327
36,0,0,0,1,1,1,0,1,1,0,0,0,0,0,0,0,0,0,0,-0.456964040589523,0.7220842981429184,0.004410087057617903,0.045979950318991825,0.045979950318991825
67,0,1,0,0,0,1,0,0,0,0,0,0,0,0,0,0,1,0,1,-1.4956540334890804,0.6502545080837984,0.0026497095459112013,0.029145652408135048,0.029145652408135048
10,0,0,0,0,0,1,0,0,0,0,0,0,0,0,0,0,0,0,1,-1.4923302255118018,0.8554585264638187,0.010313003097985489,0.09145336847937524,0.09145336847937524
19,0,1,1,0,0,1,1,0,1,0,0,0,0,1,0,0,0,1,1,0.7479163511739636,0.7929113200145855,0.0070048485392757275,0.06782398836650938,0.06782398836650938
71,0,0,0,1,1,1,0,0,0,0,0,0,0,0,0,0,1,0,0,-1.493992129500441,0.6435679119154606,0.0025205988088756303,0.02783802704790539,0.02783802704790539
72,0,1,0,1,1,1,0,1,1,1,1,1,1,1,1,0,1,0,1,0.8177163186968142,0.6419575496164033,0.002490279067928491,0.027529416300707155,0.027529416300707155
48,0,0,0,1,1,1,0,0,0,0,0,0,0,0,0,0,1,0,0,-1.4890064175345232,0.6888828979881829,0.003505164885370563,0.03755076913789834,0.03755076913789834
1,0,1,0,0,0,1,0,0,0,0,0,0,0,0,0,0,0,0,0,-1.487344513545884,0.9743124842439652,0.02235010364622835,0.1468274853100915,0.1468274853100915
18,0,1,0,1,1,1,0,1,1,0,1,1,1,1,0,0,0,1,0,0.613302128094181,0.798585597100695,0.007259843514731271,0.06980238681281059,0.06980238681281059
1,1,1,0,0,0,1,0,0,0,0,0,0,0,0,0,0,0,0,0,-1.4690635696708516,0.9743124842439652,0.02235010364622835,0.1468274853100915,0.1468274853100915
67,0,1,1,1,0,1,1,0,0,1,0,1,1,1,1,0,1,0,0,1.266430395629423,0.6502545080837984,0.0026497095459112013,0.029145652408135048,0.029145652408135048
69,0,1,0,1,1,0,0,1,1,0,1,1,0,0,0,0,1,0,0,-0.8541590938743137,0.6468608243449303,0.002583528294433392,0.028476690845760766,0.028476690845760766
19,1,1,0,0,0,1,1,0,0,1,0,0,1,1,1,0,0,1,1,1.1683780602997047,0.7929113200145855,0.0070048485392757275,0.06782398836650938,0.06782398836650938
72,0,1,1,1,0,1,1,0,1,1,1,1,1,1,1,0,1,0,1,1.6519921209937385,0.6419575496164033,0.002490279067928491,0.027529416300707155,0.027529416300707155
38,0,0,1,0,0,1,0,0,0,0,0,0,0,0,0,0,1,0,0,-1.4823588015799658,0.7158758576100376,0.0042276442662364,0.04431696426317133,0.04431696426317133
40,0,1,1,1,0,1,0,1,0,0,0,0,0,1,0,1,0,1,0,-0.2990831616687903,0.7099691459680679,0.004059910336396862,0.04277208089669704,0.04277208089669704
61,0,0,0,1,1,1,0,0,0,0,0,0,0,0,1,0,1,0,1,-1.3494064824888226,0.6611010360108607,0.002870516527482457,0.031357744906887475,0.031357744906887475
10,1,0,0,0,0,1,1,0,0,1,0,0,0,0,1,0,0,0,1,0.5385164486054129,0.8554585264638187,0.010313003097985489,0.09145336847937524,0.09145336847937524
32,0,1,0,1,0,1,0,1,1,0,0,1,1,0,1,1,0,0,1,0.26596419446856895,0.7355303895625583,0.00482771692436557,0.04972004336955682,0.04972004336955682
21,0,0,0,0,0,1,1,0,0,1,0,0,1,1,1,0,0,0,1,1.1650542523224257,0.7822470612896891,0.006546583090128551,0.06419686154369075,0.06419686154369075
59,0,0,1,0,0,1,1,0,0,0,1,0,1,1,1,1,0,1,1,1.1534209244019509,0.6649614286359096,0.0029526183444970946,0.03217256791019485,0.03217256791019485
13,1,0,1,1,0,1,1,0,0,0,0,0,0,0,0,0,0,1,1,0.17788328307068677,0.8312566322761956,0.008894046614766308,0.0818402613059327,0.0818402613059327
47,0,0,0,0,0,1,0,0,0,0,0,0,0,0,0,0,1,0,0,-1.4806968975913266,0.6913226781406935,0.0035659686558325962,0.038131613989117574,0.038131613989117574
69,0,1,0,1,1,1,0,0,0,0,0,0,0,0,1,0,1,0,1,-1.2895779388978081,0.6468608243449303,0.002583528294433392,0.028476690845760766,0.028476690845760766
2,0,1,0,0,0,1,0,0,0,0,0,0,0,0,0,0,0,0,1,-1.4923302255118018,0.9544211124058478,0.01918286543259826,0.13658902706858933,0.13658902706858933
22,0,0,0,1,1,1,0,0,0,0,0,0,0,0,0,0,0,0,0,-1.5205825933186699,0.7772239626242997,0.006339847981342745,0.0625297608539006,0.0625297608539006
15,0,1,1,1,0,1,1,0,1,0,1,0,1,0,1,0,0,1,1,1.0537066850835934,0.817222359631732,0.00815567933565363,0.07653518145581295,0.07653518145581295
53,0,0,0,0,0,1,0,0,0,0,0,0,0,0,0,0,1,0,0,-1.493992129500441,0.6773932996244997,0.003230113874366814,0.03489628604896822,0.03489628604896822
28,0,0,1,1,0,1,0,0,0,0,0,0,0,0,1,0,0,0,0,-1.2995493628296437,0.7506071373425116,0.0053347764644180165,0.05414016114784159,0.05414016114784159
22,0,1,0,0,0,1,0,0,0,0,0,0,0,0,0,1,0,0,0,-1.4790349936026874,0.7772239626242997,0.006339847981342745,0.0625297608539006,0.0625297608539006
1,1,0,0,0,0,1,1,0,0,0,0,0,0,0,0,0,0,0,1,0.17788328307068677,0.9743124842439652,0.02235010364622835,0.1468274853100915,0.1468274853100915
16,0,1,1,1,0,1,1,0,0,0,1,1,0,1,0,0,0,1,1,0.8891781902083034,0.8107173068575363,0.007832475449686212,0.07414442618478301,0.07414442618478301
48,0,0,0,1,1,0,0,1,1,1,0,1,0,0,0,0,1,0,0,-0.844187669942478,0.6888828979881829,0.003505164885370563,0.03755076913789834,0.03755076913789834
30,0,1,1,1,0,1,1,0,1,1,1,1,1,0,1,0,0,0,1,1.3594970189932232,0.7428424163487329,0.0050683354621543905,0.051833777579476825,0.051833777579476825
3,0,0,0,0,0,1,1,0,0,0,0,0,0,0,0,0,0,1,1,0.18120709104796517,0.9373188893787414,0.017092860770546496,0.12812771737333695,0.12812771737333695
57,0,1,1,0,0,1,1,0,1,0,0,1,0,1,1,0,1,1,0,0.9623019657084323,0.6689574203086703,0.003039606595789443,0.03303139376725084,0.03303139376725084
68,1,0,1,1,0,1,1,0,1,1,0,0,0,1,1,1,0,0,1,1.0553685890722326,0.6485447168747005,0.0026161967996319807,0.028807250213664037,0.028807250213664037
23,0,0,0,1,0,1,0,1,0,0,0,1,1,0,0,1,0,0,0,-0.15948322662308967,0.7723876776489026,0.006146116983133188,0.060949762364490456,0.060949762364490456
65,0,0,0,1,0,1,0,1,0,0,0,1,1,0,0,0,1,0,1,-0.16613084257764693,0.6537547892731487,0.002719403042122667,0.02984713825493901,0.02984713825493901
44,0,1,0,1,0,1,1,0,0,0,0,0,1,1,0,1,0,0,1,0.8592639184127964,0.6989597866938809,0.0037619201221218337,0.03998903582240876,0.03998903582240876
71,0,0,0,1,1,1,1,0,1,1,1,0,1,1,1,0,1,0,1,1.4691826822434164,0.6435679119154606,0.0025205988088756303,0.02783802704790539,0.02783802704790539
37,0,0,0,1,0,1,0,1,1,0,1,1,0,0,1,1,0,0,0,0.10974521953647542,0.7189405920832638,0.0043169072108659315,0.0451328504105416,0.0451328504105416
12,0,0,0,0,0,1,0,0,0,0,0,0,0,0,0,0,0,0,0,-1.4757111856254088,0.8388580793219884,0.009318867014819062,0.08479678961103854,0.08479678961103854
69,0,1,0,1,1,1,0,1,0,1,1,1,1,1,1,0,1,0,1,0.5700926243895595,0.6468608243449303,0.002583528294433392,0.028476690845760766,0.028476690845760766
35,0,0,0,0,0,1,0,1,1,1,1,0,0,0,0,0,0,1,0,-0.14120228274805754,0.7253108322429414,0.004507451042951911,0.04686012202126277,0.04686012202126277
5,0,1,0,0,0,1,0,1,0,1,0,1,0,1,0,0,0,0,1,0.026650020104510834,0.9085818526659613,0.014256987321705751,0.11453932573635439,0.11453932573635439
58,0,1,0,1,1,1,1,0,0,0,0,0,1,0,1,0,1,0,0,0.5883735682645916,0.6669419291751147,0.0029954745981990286,0.0325962586220786,0.0325962586220786
72,0,1,0,1,0,1,0,1,1,1,1,1,0,1,1,0,1,0,1,0.5817259523100344,0.6419575496164033,0.002490279067928491,0.027529416300707155,0.027529416300707155
72,0,1,0,1,0,1,0,1,1,1,1,1,0,0,1,0,1,0,0,0.11140712352511509,0.6419575496164033,0.002490279067928491,0.027529416300707155,0.027529416300707155
1,0,0,0,0,0,1,0,0,0,0,0,0,0,0,0,0,0,0,0,-1.4790349936026874,0.9743124842439652,0.02235010364622835,0.1468274853100915,0.1468274853100915
39,1,0,0,0,0,1,1,0,1,0,1,1,1,0,0,1,0,1,1,1.0221305092994468,0.7128864964214463,0.00414205349534239,0.043530572366621945,0.043530572366621945
53,0,1,0,1,1,1,0,0,0,0,0,0,0,0,0,1,0,0,0,-1.4823588015799658,0.6773932996244997,0.003230113874366814,0.03489628604896822,0.03489628604896822
27,0,0,0,0,0,1,1,0,0,0,1,1,0,1,0,0,0,1,1,0.8110687027422568,0.7546760980475697,0.005479040808994945,0.05537422178102336,0.05537422178102336
1,1,0,1,0,0,1,1,0,0,0,0,0,0,0,0,0,0,1,1,0.16126424318429386,0.9743124842439652,0.02235010364622835,0.1468274853100915,0.1468274853100915
1,1,0,1,0,0,1,1,0,0,0,0,0,1,1,0,0,0,1,1,0.8143925107195352,0.9743124842439652,0.02235010364622835,0.1468274853100915,0.1468274853100915
18,0,0,0,1,0,1,1,0,1,0,0,0,0,0,0,0,0,1,0,0.3324403540141406,0.798585597100695,0.007259843514731271,0.06980238681281059,0.06980238681281059
46,0,1,0,1,1,1,0,0,0,0,0,0,0,0,0,0,1,0,1,-1.4823588015799658,0.6938140321924815,0.003628947567853564,0.038730988089776375,0.038730988089776375
72,0,0,0,1,0,1,0,1,1,0,1,1,1,1,1,0,1,0,1,0.651525919832885,0.6419575496164033,0.002490279067928491,0.027529416300707155,0.027529416300707155
36,1,0,0,0,0,1,1,0,0,0,1,1,0,1,0,0,0,1,1,0.75622587111716,0.7220842981429184,0.004410087057617903,0.045979950318991825,0.045979950318991825
4,0,0,0,1,0,0,0,1,0,0,0,0,0,0,0,0,0,1,1,-1.3178303067046762,0.9221895280070969,0.015517187361763772,0.12087777811840728,0.12087777811840728
25,0,0,0,0,0,1,0,0,0,0,0,0,0,0,0,0,1,0,0,-1.4956540334890804,0.7632263722784222,0.005792955912006608,0.05802443652851541,0.05802443652851541
40,0,0,0,1,1,0,0,1,0,1,0,0,1,1,0,0,0,1,1,-0.46361165654408004,0.7099691459680679,0.004059910336396862,0.04277208089669704,0.04277208089669704
63,0,1,0,1,0,1,1,0,0,1,1,0,1,1,1,0,0,1,1,1.24981135574303,0.6573679996492523,0.0027928980105273514,0.030583600220822293,0.030583600220822293
15,1,0,1,0,0,1,1,0,1,0,1,1,0,1,0,0,0,0,1,1.047059069129036,0.817222359631732,0.00815567933565363,0.07653518145581295,0.07653518145581295
14,0,1,0,0,0,1,0,1,0,1,0,0,0,0,1,0,0,0,1,-0.30905458560062593,0.8240576612486123,0.008508086494505379,0.07909398048302463,0.07909398048302463
72,0,1,1,1,0,1,1,0,0,1,1,1,1,1,1,0,1,0,1,1.4941112420730056,0.6419575496164033,0.002490279067928491,0.027529416300707155,0.027529416300707155
39,0,1,0,0,0,1,1,0,1,1,0,0,1,1,1,0,0,1,1,1.3827636748341734,0.7128864964214463,0.00414205349534239,0.043530572366621945,0.043530572366621945
47,0,0,0,1,1,0,0,1,1,1,1,0,1,1,0,0,1,0,1,-0.15948322662308967,0.6913226781406935,0.0035659686558325962,0.038131613989117574,0.038131613989117574
19,0,1,0,1,0,1,1,0,1,1,0,1,0,0,1,0,0,0,1,0.7977734708331423,0.7929113200145855,0.0070048485392757275,0.06782398836650938,0.06782398836650938
5,1,0,0,0,0,1,1,0,0,0,0,0,1,0,1,0,0,1,1,0.6781163836511135,0.9085818526659613,0.014256987321705751,0.11453932573635439,0.11453932573635439
13,1,0,0,0,0,0,0,1,0,0,0,0,0,1,0,0,0,1,1,-0.9871114129654569,0.8312566322761956,0.008894046614766308,0.0818402613059327,0.0818402613059327
17,0,0,0,0,0,1,1,0,0,0,1,0,0,0,1,0,0,0,0,0.5069402728212663,0.8045134998853144,0.007534869537132169,0.07190499047148602,0.07190499047148602
34,0,1,1,1,0,1,1,0,0,0,0,0,0,0,1,0,0,1,1,0.35736891384373,0.7286243341114813,0.004609291590527576,0.04777537654084685,0.04777537654084685
42,0,0,0,0,0,1,0,1,0,1,0,0,0,0,0,0,0,1,1,-0.5068211602487017,0.7043380877631116,0.0039051573709433167,0.0413329850998293,0.0413329850998293
5,1,1,0,1,0,1,1,0,0,1,0,0,0,0,1,0,0,1,1,0.5484878725372485,0.9085818526659613,0.014256987321705751,0.11453932573635439,0.11453932573635439
71,0,0,0,1,1,1,0,0,0,0,0,0,0,0,1,0,1,0,0,-1.3593779064206584,0.6435679119154606,0.0025205988088756303,0.02783802704790539,0.02783802704790539
19,0,1,1,1,0,1,0,1,1,0,1,0,1,0,0,0,0,0,0,0.05324048392273988,0.7929113200145855,0.0070048485392757275,0.06782398836650938,0.06782398836650938
2,1,0,0,0,1,1,0,0,0,0,0,0,0,0,0,0,0,1,1,-1.5023016494436374,0.9544211124058478,0.01918286543259826,0.13658902706858933,0.13658902706858933
57,0,1,0,0,0,1,0,0,0,0,0,0,0,0,0,0,1,0,0,-1.5288921132618662,0.6689574203086703,0.003039606595789443,0.03303139376725084,0.03303139376725084
72,0,1,0,1,0,1,1,0,0,1,1,1,1,1,1,0,1,1,1,1.449239834379745,0.6419575496164033,0.002490279067928491,0.027529416300707155,0.027529416300707155
6,0,0,0,0,0,1,1,0,0,1,0,0,0,1,0,0,0,0,1,0.7030449434807029,0.8962011910421149,0.01321361285882388,0.10892151775419001,0.10892151775419001
17,1,0,0,1,1,1,1,0,0,0,0,0,0,1,1,0,0,1,1,0.68642590359431,0.8045134998853144,0.007534869537132169,0.07190499047148602,0.07190499047148602
61,0,1,0,1,0,1,0,1,0,1,1,0,1,1,1,0,1,0,0,0.5351926406281345,0.6611010360108607,0.002870516527482457,0.031357744906887475,0.031357744906887475
1,1,1,0,1,1,1,1,0,0,0,0,0,0,0,0,0,0,1,1,0.20613565087755453,0.9743124842439652,0.02235010364622835,0.1468274853100915,0.1468274853100915
48,0,1,0,1,1,1,1,0,1,1,1,1,1,1,1,0,1,0,0,1.5622493056072166,0.6888828979881829,0.003505164885370563,0.03755076913789834,0.03755076913789834
16,0,1,0,0,0,1,0,0,0,0,0,0,0,0,0,0,0,0,1,-1.4690635696708516,0.8107173068575363,0.007832475449686212,0.07414442618478301,0.07414442618478301
9,1,1,1,0,0,1,1,0,0,0,0,0,0,1,1,0,0,1,1,0.6731306716851955,0.8645756330248363,0.010901071741709328,0.09522425637547682,0.09522425637547682
3,0,0,0,0,0,1,0,1,0,0,0,0,0,0,0,0,0,1,0,-0.6713496551239915,0.9373188893787414,0.017092860770546496,0.12812771737333695,0.12812771737333695
1,1,1,0,0,1,1,0,1,0,0,0,0,0,0,0,0,0,1,1,-0.6779972710785488,0.9743124842439652,0.02235010364622835,0.1468274853100915,0.1468274853100915
65,0,1,0,0,0,1,1,0,0,1,1,0,1,1,1,0,1,0,0,1.3395541711295513,0.6537547892731487,0.002719403042122667,0.02984713825493901,0.02984713825493901
70,0,0,0,1,1,1,1,0,1,1,1,1,1,1,1,0,1,0,1,1.6735968728460495,0.6452021175658147,0.002551672337160255,0.02815370280249474,0.02815370280249474
60,0,1,0,1,0,1,0,1,1,0,0,0,1,0,0,1,0,0,1,-0.16613084257764693,0.6630148153227823,0.0029109829180785306,0.031759872056746574,0.031759872056746574
69,0,0,0,1,0,1,0,0,0,0,0,0,0,0,1,1,0,1,1,-1.2796065149659726,0.6468608243449303,0.002583528294433392,0.028476690845760766,0.028476690845760766
35,0,0,1,0,0,1,1,0,0,0,0,0,0,0,0,0,0,1,0,0.19117851497980082,0.7253108322429414,0.004507451042951911,0.04686012202126277,0.04686012202126277
22,0,0,0,0,0,1,0,0,0,0,0,0,0,0,0,0,0,0,1,-1.487344513545884,0.7772239626242997,0.006339847981342745,0.0625297608539006,0.0625297608539006
66,0,1,0,1,1,1,0,1,0,1,1,0,1,1,1,0,1,0,0,0.500292656866709,0.6519909407703324,0.0026840999053434323,0.029492182160968494,0.029492182160968494
1,1,1,1,1,0,1,1,0,0,0,0,0,0,0,0,0,0,1,1,0.18286899503660436,0.9743124842439652,0.02235010364622835,0.1468274853100915,0.1468274853100915
1,1,0,0,1,0,1,1,0,0,0,0,0,1,0,0,0,0,0,1,0.4836736169803161,0.9743124842439652,0.02235010364622835,0.1468274853100915,0.1468274853100915
34,0,1,0,1,1,1,1,0,0,0,1,0,0,1,1,0,0,0,1,0.8393210705491246,0.7286243341114813,0.004609291590527576,0.04777537654084685,0.04777537654084685
72,0,0,0,1,1,1,0,0,0,0,0,0,0,0,1,0,1,0,0,-1.3410969625456262,0.6419575496164033,0.002490279067928491,0.027529416300707155,0.027529416300707155
31,0,1,0,1,1,0,0,1,1,0,1,1,1,1,0,1,0,1,0,-0.16114513061172886,0.7391329118702427,0.004945042598351195,0.05075440110013929,0.05075440110013929
30,0,1,0,0,1,1,0,0,0,0,0,0,0,0,1,1,0,0,0,-1.311182690750119,0.7428424163487329,0.0050683354621543905,0.051833777579476825,0.051833777579476825
9,1,0,0,0,0,1,1,0,0,0,0,0,1,1,0,0,0,0,1,0.864249630378714,0.8645756330248363,0.010901071741709328,0.09522425637547682,0.09522425637547682
20,1,1,0,1,1,1,1,0,0,0,0,0,0,0,0,0,0,1,1,0.18785470700252244,0.7874709741517664,0.006767715032425889,0.0659587290124013,0.0659587290124013
19,0,1,1,1,0,0,0,1,0,1,1,0,0,0,0,0,0,0,1,-1.0137018767836858,0.7929113200145855,0.0070048485392757275,0.06782398836650938,0.06782398836650938
65,0,0,0,1,0,1,1,0,1,0,1,0,1,1,1,0,0,1,1,1.3378922671409121,0.6537547892731487,0.002719403042122667,0.02984713825493901,0.02984713825493901
30,0,0,0,1,1,1,0,0,0,0,0,0,0,0,0,0,1,0,0,-1.5122730733754732,0.7428424163487329,0.0050683354621543905,0.051833777579476825,0.051833777579476825
6,0,1,0,0,0,1,0,0,0,0,0,0,0,0,0,1,0,0,0,-1.5172587853413912,0.8962011910421149,0.01321361285882388,0.10892151775419001,0.10892151775419001
2,0,0,0,0,0,0,0,1,0,1,0,0,1,1,0,0,0,1,0,-0.4453307126690479,0.9544211124058478,0.01918286543259826,0.13658902706858933,0.13658902706858933
53,0,1,0,1,1,1,0,1,1,0,0,1,0,1,1,0,0,1,0,0.2343880186844223,0.6773932996244997,0.003230113874366814,0.03489628604896822,0.03489628604896822
7,0,1,1,1,0,1,1,0,0,0,0,0,0,0,1,0,0,1,1,0.3523832018778124,0.8848383086630132,0.012329368360988486,0.10389128471090825,0.10389128471090825
61,0,0,0,1,1,1,0,1,1,0,0,0,0,0,0,1,0,0,1,-0.5018354482827837,0.6611010360108607,0.002870516527482457,0.031357744906887475,0.031357744906887475
70,1,1,1,0,0,0,0,1,0,0,0,0,1,1,0,1,0,1,1,-0.6497449032716808,0.6452021175658147,0.002551672337160255,0.02815370280249474,0.02815370280249474
13,0,0,0,0,0,1,0,1,1,0,1,0,1,1,1,0,0,1,1,0.4637307691166448,0.8312566322761956,0.008894046614766308,0.0818402613059327,0.0818402613059327
35,0,1,1,1,0,1,1,0,0,0,1,0,0,0,1,1,0,0,1,0.5584592964690842,0.7253108322429414,0.004507451042951911,0.04686012202126277,0.04686012202126277
2,0,0,0,1,0,1,1,0,0,0,0,0,0,0,0,0,0,0,1,0.18619280301388322,0.9544211124058478,0.01918286543259826,0.13658902706858933,0.13658902706858933
3,1,0,0,0,0,1,1,0,0,0,0,0,0,0,1,0,0,1,1,0.36567843378692644,0.9373188893787414,0.017092860770546496,0.12812771737333695,0.12812771737333695
3,0,0,0,0,0,1,1,0,0,0,0,0,0,0,1,0,0,1,0,0.37564985771876214,0.9373188893787414,0.017092860770546496,0.12812771737333695,0.12812771737333695
62,0,0,0,0,0,1,1,0,0,0,0,0,1,1,1,1,0,0,1,0.9706114856516288,0.6592190846564381,0.0028311702861325673,0.03096578220998969,0.03096578220998969
72,0,1,0,1,1,1,1,0,1,1,1,1,0,1,1,0,1,0,0,1.301330379390848,0.6419575496164033,0.002490279067928491,0.027529416300707155,0.027529416300707155
63,0,1,0,1,0,1,0,0,0,0,0,0,0,0,0,0,1,0,1,-1.4906683215231624,0.6573679996492523,0.0027928980105273514,0.030583600220822293,0.030583600220822293
20,1,1,1,0,0,1,1,0,0,0,0,0,0,0,0,0,0,0,0,0.2161070748093902,0.7874709741517664,0.006767715032425889,0.0659587290124013,0.0659587290124013
35,0,0,1,0,0,1,1,0,1,1,1,1,1,1,1,1,0,0,1,1.5290112258344308,0.7253108322429414,0.004507451042951911,0.04686012202126277,0.04686012202126277
21,1,1,1,1,0,1,1,0,0,0,0,0,0,0,0,0,0,1,1,0.14298329930926126,0.7822470612896891,0.006546583090128551,0.06419686154369075,0.06419686154369075
62,0,1,0,1,0,1,1,0,1,1,0,0,0,1,1,1,0,1,0,1.0404114531744788,0.6592190846564381,0.0028311702861325673,0.03096578220998969,0.03096578220998969
15,0,0,0,0,0,1,0,1,0,0,0,0,0,0,1,0,0,0,1,-0.5317497200782911,0.817222359631732,0.00815567933565363,0.07653518145581295,0.07653518145581295
55,0,0,0,0,0,1,0,1,1,0,0,0,0,0,0,0,0,0,1,-0.4735830804759159,0.6730980579890953,0.0031319345818057722,0.033937922764987416,0.033937922764987416
11,0,0,0,0,0,1,0,1,0,0,0,0,0,0,0,0,0,0,1,-0.6696877511353523,0.8469074549655476,0.009789108115316166,0.08799046091721618,0.08799046091721618
17,1,0,0,1,1,1,1,0,0,0,1,0,1,0,1,0,0,1,0,0.7794925269581102,0.8045134998853144,0.007534869537132169,0.07190499047148602,0.07190499047148602
61,0,0,0,0,0,1,0,0,0,0,0,0,0,0,0,1,0,0,0,-1.5072873614095552,0.6611010360108607,0.002870516527482457,0.031357744906887475,0.031357744906887475
71,0,0,0,1,0,1,0,1,1,1,1,1,1,1,1,0,1,0,0,0.8143925107195352,0.6435679119154606,0.0025205988088756303,0.02783802704790539,0.02783802704790539
2,1,0,0,0,0,1,1,0,0,0,0,0,0,0,0,0,0,0,0,0.1728975711047687,0.9544211124058478,0.01918286543259826,0.13658902706858933,0.13658902706858933
35,0,1,0,0,0,1,0,0,0,0,0,0,0,0,0,0,1,0,0,-1.5139349773641124,0.7253108322429414,0.004507451042951911,0.04686012202126277,0.04686012202126277
17,0,0,0,0,0,1,1,0,0,0,0,0,0,0,0,0,0,0,0,0.18951661099116163,0.8045134998853144,0.007534869537132169,0.07190499047148602,0.07190499047148602
21,1,0,0,0,0,1,1,0,0,0,0,0,1,1,1,0,0,1,1,1.0819590528904612,0.7822470612896891,0.006546583090128551,0.06419686154369075,0.06419686154369075
47,0,0,0,1,0,1,0,0,0,0,0,0,0,0,0,0,1,0,0,-1.5006397454549982,0.6913226781406935,0.0035659686558325962,0.038131613989117574,0.038131613989117574
3,0,0,0,1,0,1,0,0,0,0,0,0,0,0,0,0,0,0,0,-1.4607540497276552,0.9373188893787414,0.017092860770546496,0.12812771737333695,0.12812771737333695
3,0,1,0,0,0,1,0,0,0,0,0,0,0,0,0,0,0,0,1,-1.5006397454549982,0.9373188893787414,0.017092860770546496,0.12812771737333695,0.12812771737333695
44,0,1,1,1,0,1,0,0,0,0,0,0,0,0,0,0,1,0,1,-1.5106111693868338,0.6989597866938809,0.0037619201221218337,0.03998903582240876,0.03998903582240876
1,0,0,0,0,0,1,0,1,0,0,0,0,0,0,0,0,0,0,1,-0.6912925029876631,0.9743124842439652,0.02235010364622835,0.1468274853100915,0.1468274853100915
44,0,0,0,1,1,1,1,0,0,1,1,0,0,1,1,1,0,1,0,0.9839067175607433,0.6989597866938809,0.0037619201221218337,0.03998903582240876,0.03998903582240876
5,1,1,0,1,1,1,0,0,0,0,0,0,0,0,1,0,0,0,1,-1.2929017468750867,0.9085818526659613,0.014256987321705751,0.11453932573635439,0.11453932573635439
24,1,1,0,0,0,1,0,1,1,0,0,0,0,0,1,0,0,0,1,-0.3040688736347081,0.7677256072562019,0.005964174846469762,0.05945002834593771,0.05945002834593771
1,1,0,0,0,1,1,1,0,0,0,0,0,0,0,0,0,0,1,1,0.16126424318429386,0.9743124842439652,0.02235010364622835,0.1468274853100915,0.1468274853100915
18,0,0,0,0,0,1,1,0,1,0,0,0,0,0,0,0,0,1,1,0.3523832018778124,0.798585597100695,0.007259843514731271,0.06980238681281059,0.06980238681281059
10,1,0,0,0,0,1,1,0,0,0,1,0,1,1,1,0,0,1,1,1.189982812152015,0.8554585264638187,0.010313003097985489,0.09145336847937524,0.09145336847937524
65,0,0,0,1,0,1,0,1,1,1,1,0,0,1,0,0,1,0,0,0.20613565087755453,0.6537547892731487,0.002719403042122667,0.02984713825493901,0.02984713825493901
1,1,0,1,0,0,1,1,0,0,1,0,0,0,1,0,0,0,1,1,0.7047068474693421,0.9743124842439652,0.02235010364622835,0.1468274853100915,0.1468274853100915
53,1,0,0,0,0,1,1,0,1,0,1,0,1,1,1,1,0,0,1,1.4010446187092054,0.6773932996244997,0.003230113874366814,0.03489628604896822,0.03489628604896822
3,0,1,0,0,0,1,0,0,0,0,0,0,0,0,0,1,0,0,0,-1.44912072180718,0.9373188893787414,0.017092860770546496,0.12812771737333695,0.12812771737333695
33,0,1,0,1,0,1,0,1,1,1,0,1,0,0,0,0,1,0,1,-0.12458324286166463,0.732029255003116,0.004715929386838689,0.04872789424351476,0.04872789424351476
3,1,1,0,0,0,0,0,1,0,1,0,0,0,0,0,0,0,1,1,-1.169920851715779,0.9373188893787414,0.017092860770546496,0.12812771737333695,0.12812771737333695
34,0,0,0,0,0,1,0,1,1,0,1,1,1,1,0,1,0,0,1,0.5036164648439879,0.7286243341114813,0.004609291590527576,0.04777537654084685,0.04777537654084685
14,0,0,0,1,1,1,0,0,0,0,0,0,0,0,0,0,1,0,1,-1.4989778414663588,0.8240576612486123,0.008508086494505379,0.07909398048302463,0.07909398048302463
13,0,0,0,0,0,1,0,0,0,0,0,0,0,0,0,0,0,0,1,-1.4790349936026874,0.8312566322761956,0.008894046614766308,0.0818402613059327,0.0818402613059327
46,1,1,1,1,0,0,0,1,0,1,1,1,1,1,0,1,0,0,1,-0.1628070346003683,0.6938140321924815,0.003628947567853564,0.038730988089776375,0.038730988089776375
23,0,1,0,1,1,1,0,0,0,0,0,0,0,0,1,1,0,0,0,-1.3444207705229048,0.7723876776489026,0.006146116983133188,0.060949762364490456,0.060949762364490456
47,0,0,0,1,1,1,0,0,0,0,0,0,0,0,0,0,1,0,0,-1.4973159374777196,0.6913226781406935,0.0035659686558325962,0.038131613989117574,0.038131613989117574
17,0,1,0,0,1,1,0,1,1,0,0,0,0,0,0,0,0,0,1,-0.48189260041911236,0.8045134998853144,0.007534869537132169,0.07190499047148602,0.07190499047148602
49,1,0,0,1,1,1,1,0,0,0,0,0,1,1,1,0,0,1,1,1.023792413288086,0.6864927538867036,0.0034464244917631367,0.03698759780359384,0.03698759780359384
59,0,1,1,1,0,0,0,1,0,1,0,0,1,1,0,0,0,1,1,-0.48355450440775155,0.6649614286359096,0.0029526183444970946,0.03217256791019485,0.03217256791019485
69,0,0,0,0,0,1,0,1,1,0,1,1,1,1,1,0,1,0,1,0.6831020956170311,0.6468608243449303,0.002583528294433392,0.028476690845760766,0.028476690845760766
11,1,1,0,0,0,0,0,1,0,0,1,0,1,0,0,1,0,1,1,-0.771063894442349,0.8469074549655476,0.009789108115316166,0.08799046091721618,0.08799046091721618
10,0,1,0,0,0,1,0,1,1,0,0,0,0,0,0,0,0,0,1,-0.43702119272585144,0.8554585264638187,0.010313003097985489,0.09145336847937524,0.09145336847937524
12,0,1,0,1,1,1,0,0,0,0,0,0,0,0,1,0,1,0,1,-1.3560540984433798,0.8388580793219884,0.009318867014819062,0.08479678961103854,0.08479678961103854
45,1,1,0,0,0,1,1,0,0,1,0,0,1,1,1,0,0,0,1,1.1982923320952117,0.6963590108821652,0.0036942216775406023,0.039349803973645514,0.039349803973645514
39,0,0,0,1,1,1,0,1,0,0,1,0,1,0,0,0,0,0,1,-0.1644689385890075,0.7128864964214463,0.00414205349534239,0.043530572366621945,0.043530572366621945
71,0,1,1,1,0,1,0,0,0,0,0,0,0,0,1,0,1,0,0,-1.3078588827728401,0.6435679119154606,0.0025205988088756303,0.02783802704790539,0.02783802704790539
71,0,1,0,1,1,1,0,0,0,0,0,0,0,0,1,0,1,0,0,-1.3593779064206584,0.6435679119154606,0.0025205988088756303,0.02783802704790539,0.02783802704790539
33,0,0,0,1,1,1,0,0,0,0,0,0,0,0,1,1,0,0,0,-1.351068386477462,0.732029255003116,0.004715929386838689,0.04872789424351476,0.04872789424351476
67,0,1,1,0,0,1,1,0,0,0,0,0,0,0,1,0,0,0,1,0.36235462580964806,0.6502545080837984,0.0026497095459112013,0.029145652408135048,0.029145652408135048
37,1,1,0,1,1,0,0,1,1,1,1,0,0,0,0,0,0,0,0,-0.8175972061242491,0.7189405920832638,0.0043169072108659315,0.0451328504105416,0.0451328504105416
49,1,1,0,1,1,1,1,0,0,0,0,0,1,0,1,0,0,1,0,0.6548497278101634,0.6864927538867036,0.0034464244917631367,0.03698759780359384,0.03698759780359384
9,0,0,0,1,0,1,0,1,0,1,0,0,0,0,0,0,0,0,0,-0.46361165654408004,0.8645756330248363,0.010901071741709328,0.09522425637547682,0.09522425637547682
52,0,1,0,1,0,1,1,0,1,0,1,1,0,0,1,0,1,0,1,0.8908400941969425,0.6796022882225629,0.00328157591746785,0.03539633014558485,0.03539633014558485
70,0,0,0,0,0,1,1,0,0,1,0,0,1,1,1,1,0,1,0,1.1334780765382795,0.6452021175658147,0.002551672337160255,0.02815370280249474,0.02815370280249474
1,0,1,0,0,0,1,1,0,0,1,0,0,0,1,0,0,0,1,1,0.6714687676965563,0.9743124842439652,0.02235010364622835,0.1468274853100915,0.1468274853100915
14,1,0,1,0,0,1,1,0,0,1,0,0,0,0,1,0,0,1,1,0.47037838507120205,0.8240576612486123,0.008508086494505379,0.07909398048302463,0.07909398048302463
1,0,1,0,0,0,1,0,1,0,0,0,0,0,0,0,0,0,0,1,-0.6813210790558274,0.9743124842439652,0.02235010364622835,0.1468274853100915,0.1468274853100915
1,1,1,0,0,0,1,0,0,0,0,0,0,0,0,0,0,0,0,0,-1.4823588015799658,0.9743124842439652,0.02235010364622835,0.1468274853100915,0.1468274853100915
52,0,0,0,0,0,1,1,0,0,1,0,0,0,0,1,1,0,0,1,0.5119259847871843,0.6796022882225629,0.00328157591746785,0.03539633014558485,0.03539633014558485
6,0,1,0,0,0,1,0,1,0,0,1,0,1,0,0,0,0,0,0,-0.12956895482758246,0.8962011910421149,0.01321361285882388,0.10892151775419001,0.10892151775419001
7,0,1,0,1,0,0,0,1,1,1,0,0,0,0,0,0,0,0,0,-1.0170256847609642,0.8848383086630132,0.012329368360988486,0.10389128471090825,0.10389128471090825
47,1,0,1,0,0,1,1,0,0,1,1,0,0,0,1,0,0,0,1,0.6781163836511135,0.6913226781406935,0.0035659686558325962,0.038131613989117574,0.038131613989117574
26,0,0,0,0,0,1,1,0,1,0,1,1,0,0,0,1,0,0,1,0.742930639208046,0.7588796606729277,0.005631521405658712,0.05666748667997901,0.05666748667997901
25,0,1,0,1,1,1,0,1,1,0,0,1,0,0,0,0,0,1,0,-0.348940281327969,0.7632263722784222,0.005792955912006608,0.05802443652851541,0.05802443652851541
69,0,1,0,0,0,1,0,0,0,0,0,0,0,0,0,0,1,0,1,-1.5189206893300304,0.6468608243449303,0.002583528294433392,0.028476690845760766,0.028476690845760766
72,0,0,0,0,0,1,1,0,1,1,1,1,1,1,1,0,1,0,1,1.5938254813913633,0.6419575496164033,0.002490279067928491,0.027529416300707155,0.027529416300707155
4,0,1,0,0,0,1,0,0,0,0,0,0,0,0,0,0,0,0,1,-1.4906683215231624,0.9221895280070969,0.015517187361763772,0.12087777811840728,0.12087777811840728
59,0,1,0,1,1,1,0,0,0,0,0,0,0,0,0,0,1,0,0,-1.505625457420916,0.6649614286359096,0.0029526183444970946,0.03217256791019485,0.03217256791019485
67,0,1,0,0,0,1,0,1,1,0,1,0,0,1,0,0,1,0,0,0.024988116115871636,0.6502545080837984,0.0026497095459112013,0.029145652408135048,0.029145652408135048
26,0,0,1,0,0,1,1,0,0,0,0,0,0,1,0,0,0,1,1,0.465392673105284,0.7588796606729277,0.005631521405658712,0.05666748667997901,0.05666748667997901
27,0,0,0,0,0,1,0,1,0,1,1,1,1,1,0,1,0,0,0,0.44544982524161264,0.7546760980475697,0.005479040808994945,0.05537422178102336,0.05537422178102336
72,0,1,0,1,1,1,1,0,1,0,1,0,1,1,1,0,1,0,0,1.3445398830954693,0.6419575496164033,0.002490279067928491,0.027529416300707155,0.027529416300707155
6,0,0,0,0,0,1,1,0,0,0,1,1,0,1,0,0,0,1,1,0.812730606730896,0.8962011910421149,0.01321361285882388,0.10892151775419001,0.10892151775419001
62,0,1,0,1,1,1,0,0,0,0,0,0,0,0,0,0,1,0,0,-1.4674016656822124,0.6592190846564381,0.0028311702861325673,0.03096578220998969,0.03096578220998969
20,0,1,0,0,0,1,0,1,0,1,0,1,1,0,1,1,0,1,1,0.1296880674001472,0.7874709741517664,0.006767715032425889,0.0659587290124013,0.0659587290124013
6,0,1,0,0,0,1,0,1,1,0,1,1,1,1,0,0,0,0,0,0.46040696113936636,0.8962011910421149,0.01321361285882388,0.10892151775419001,0.10892151775419001
51,0,1,0,0,0,1,0,0,0,0,0,0,0,0,1,0,1,0,0,-1.3311255386137903,0.681854139199785,0.003334724055742794,0.03591111081215892,0.03591111081215892
61,0,0,0,1,1,1,0,0,0,0,0,0,0,0,0,0,1,0,0,-1.4973159374777196,0.6611010360108607,0.002870516527482457,0.031357744906887475,0.031357744906887475
62,0,1,1,1,0,1,1,0,1,1,1,0,0,0,1,0,0,1,1,0.807744894764978,0.6592190846564381,0.0028311702861325673,0.03096578220998969,0.03096578220998969
72,0,0,0,0,0,1,1,0,1,0,0,1,0,0,1,0,1,0,1,0.6614973437647206,0.6419575496164033,0.002490279067928491,0.027529416300707155,0.027529416300707155
13,1,1,1,1,0,1,1,0,0,1,1,0,1,1,0,0,0,1,1,1.103563804742772,0.8312566322761956,0.008894046614766308,0.0818402613059327,0.0818402613059327
5,1,1,0,1,0,1,1,0,0,0,1,0,1,1,0,0,0,1,1,0.9855686215493825,0.9085818526659613,0.014256987321705751,0.11453932573635439,0.11453932573635439
3,1,1,1,0,0,1,1,0,0,1,1,0,1,1,1,0,0,1,1,1.336230363152273,0.9373188893787414,0.017092860770546496,0.12812771737333695,0.12812771737333695
26,1,0,1,1,0,1,1,0,0,1,1,0,0,1,1,0,0,1,1,0.9656257736857107,0.7588796606729277,0.005631521405658712,0.05666748667997901,0.05666748667997901
13,0,1,1,0,0,1,0,1,0,1,0,0,1,0,0,0,0,1,1,-0.1628070346003683,0.8312566322761956,0.008894046614766308,0.0818402613059327,0.0818402613059327
38,0,0,0,1,1,1,0,0,0,0,0,0,0,0,0,0,1,0,1,-1.4906683215231624,0.7158758576100376,0.0042276442662364,0.04431696426317133,0.04431696426317133
8,1,0,1,1,0,1,1,0,0,0,0,0,0,1,1,0,0,1,1,0.6382306879237705,0.8743368175545859,0.01156705087089483,0.09935054964947354,0.09935054964947354
34,0,1,1,1,1,1,1,0,0,1,1,1,1,1,1,0,0,1,1,1.465858874266138,0.7286243341114813,0.004609291590527576,0.04777537654084685,0.04777537654084685
18,0,1,0,0,0,0,0,1,1,0,1,0,0,0,0,0,0,0,0,-1.0369685326246356,0.798585597100695,0.007259843514731271,0.06980238681281059,0.06980238681281059
56,0,1,0,1,1,1,1,0,0,1,1,1,0,0,0,1,0,0,1,0.6997211355034241,0.6710090587453561,0.003085072619735503,0.03347844798497823,0.03347844798497823
36,0,0,0,0,0,0,0,1,0,1,0,1,0,0,0,0,0,0,1,-0.9954209329086534,0.7220842981429184,0.004410087057617903,0.045979950318991825,0.045979950318991825
9,1,0,0,1,0,0,0,1,0,0,1,0,1,1,0,0,0,1,1,-0.5334116240669303,0.8645756330248363,0.010901071741709328,0.09522425637547682,0.09522425637547682
1,1,1,0,0,0,1,1,0,0,0,1,0,1,0,0,0,0,1,1,0.6664830557306382,0.9743124842439652,0.02235010364622835,0.1468274853100915,0.1468274853100915
12,1,1,0,0,0,1,0,1,1,0,0,1,0,0,0,0,0,0,0,-0.27083079386192227,0.8388580793219884,0.009318867014819062,0.08479678961103854,0.08479678961103854
57,0,0,1,1,1,1,1,0,0,1,1,1,1,0,0,0,0,0,1,1.0138209893562502,0.6689574203086703,0.003039606595789443,0.03303139376725084,0.03303139376725084
42,1,0,0,0,0,1,0,1,1,1,1,1,0,1,0,1,0,0,0,0.30252608221863364,0.7043380877631116,0.0039051573709433167,0.0413329850998293,0.0413329850998293
33,1,0,0,1,1,1,0,0,0,0,0,0,0,0,1,0,1,0,1,-1.339435058556987,0.732029255003116,0.004715929386838689,0.04872789424351476,0.04872789424351476
70,0,1,0,1,0,1,1,0,1,1,0,1,0,0,0,0,1,0,0,0.6581735357874418,0.6452021175658147,0.002551672337160255,0.02815370280249474,0.02815370280249474
68,0,0,0,0,0,0,0,1,0,1,0,1,0,1,0,0,0,1,0,-0.6597163272035164,0.6485447168747005,0.0026161967996319807,0.028807250213664037,0.028807250213664037
1,0,1,0,0,1,0,0,1,0,0,0,0,0,0,0,0,0,1,1,-1.3327874426024295,0.9743124842439652,0.02235010364622835,0.1468274853100915,0.1468274853100915
37,0,0,0,0,0,1,1,0,0,0,0,1,1,1,1,0,0,0,0,1.1800113882201795,0.7189405920832638,0.0043169072108659315,0.0451328504105416,0.0451328504105416
4,0,0,0,0,1,1,0,0,0,0,0,0,0,0,1,0,0,0,1,-1.3078588827728401,0.9221895280070969,0.015517187361763772,0.12087777811840728,0.12087777811840728
1,0,1,0,0,0,1,0,1,1,0,0,0,0,0,0,0,0,0,1,-0.46859736850999784,0.9743124842439652,0.02235010364622835,0.1468274853100915,0.1468274853100915
20,0,1,0,0,0,0,0,1,1,1,1,1,1,0,0,0,0,0,1,-0.32567362548701884,0.7874709741517664,0.006767715032425889,0.0659587290124013,0.0659587290124013
72,0,1,0,1,1,1,0,1,1,1,0,1,1,0,0,0,1,0,0,0.11971664346831155,0.6419575496164033,0.002490279067928491,0.027529416300707155,0.027529416300707155
31,1,0,0,0,0,1,1,0,0,0,1,0,0,1,1,0,0,1,1,0.8343353585832071,0.7391329118702427,0.004945042598351195,0.05075440110013929,0.05075440110013929
18,1,1,1,1,0,1,1,0,0,0,0,0,0,1,0,0,0,1,0,0.45708315316208753,0.798585597100695,0.007259843514731271,0.06980238681281059,0.06980238681281059
11,0,1,0,1,0,1,0,1,0,0,0,0,1,0,0,0,0,0,1,-0.32401172149837965,0.8469074549655476,0.009789108115316166,0.08799046091721618,0.08799046091721618
33,0,0,0,1,1,1,0,0,0,0,0,0,0,0,0,0,1,0,0,-1.4956540334890804,0.732029255003116,0.004715929386838689,0.04872789424351476,0.04872789424351476
62,0,0,1,0,0,1,1,0,0,0,0,0,1,0,1,1,0,1,0,0.6531878238215242,0.6592190846564381,0.0028311702861325673,0.03096578220998969,0.03096578220998969
1,0,0,0,0,0,0,0,1,0,0,1,1,0,0,0,0,0,0,0,-0.9605209491472284,0.9743124842439652,0.02235010364622835,0.1468274853100915,0.1468274853100915
16,0,1,0,1,0,1,1,0,1,1,0,0,0,0,0,0,0,0,0,0.5302069286622164,0.8107173068575363,0.007832475449686212,0.07414442618478301,0.07414442618478301
22,0,1,0,1,1,1,0,1,0,0,1,1,1,1,1,1,0,0,1,0.46040696113936636,0.7772239626242997,0.006339847981342745,0.0625297608539006,0.0625297608539006
49,0,0,0,1,1,1,0,1,1,0,1,1,0,0,0,0,0,0,0,-0.10131658702071444,0.6864927538867036,0.0034464244917631367,0.03698759780359384,0.03698759780359384
36,0,1,0,1,1,1,0,1,1,0,1,0,0,1,0,1,0,0,1,-0.03650233146378198,0.7220842981429184,0.004410087057617903,0.045979950318991825,0.045979950318991825
42,1,1,0,1,0,1,1,0,0,1,1,1,0,1,1,0,0,1,1,1.1517590204133117,0.7043380877631116,0.0039051573709433167,0.0413329850998293,0.0413329850998293
4,1,1,1,0,0,0,0,1,0,0,0,0,0,0,0,0,0,0,1,-1.3161684027160367,0.9221895280070969,0.015517187361763772,0.12087777811840728,0.12087777811840728
12,1,0,0,0,0,1,0,1,0,0,0,1,1,1,1,1,0,0,0,0.30751179418455127,0.8388580793219884,0.009318867014819062,0.08479678961103854,0.08479678961103854
31,0,0,0,0,0,1,1,0,1,0,1,1,0,0,0,0,0,1,0,0.7578877751057992,0.7391329118702427,0.004945042598351195,0.05075440110013929,0.05075440110013929
5,0,1,0,1,0,1,1,0,1,0,0,0,0,1,1,0,0,1,1,0.8094067987536177,0.9085818526659613,0.014256987321705751,0.11453932573635439,0.11453932573635439
66,0,1,0,1,1,1,0,0,0,0,0,0,0,0,0,0,1,0,0,-1.4890064175345232,0.6519909407703324,0.0026840999053434323,0.029492182160968494,0.029492182160968494
15,1,0,1,0,0,1,0,1,0,0,0,1,0,0,1,0,0,0,0,-0.32567362548701884,0.817222359631732,0.00815567933565363,0.07653518145581295,0.07653518145581295
64,0,1,0,0,0,1,1,0,0,1,1,0,1,1,1,0,1,0,1,1.3162875152886018,0.6555468612609421,0.002755656035094927,0.030210834407233156,0.030210834407233156
10,0,1,0,1,1,1,0,0,0,0,0,0,0,0,0,0,0,0,1,-1.487344513545884,0.8554585264638187,0.010313003097985489,0.09145336847937524,0.09145336847937524
7,1,1,0,1,1,1,1,0,0,1,0,1,1,0,0,0,0,1,1,0.8293496466172889,0.8848383086630132,0.012329368360988486,0.10389128471090825,0.10389128471090825
29,0,1,0,0,0,0,0,1,0,1,0,1,0,0,0,0,0,1,0,-1.0137018767836858,0.746664964341879,0.005198070769814978,0.05296124339833497,0.05296124339833497
57,0,1,0,0,0,1,0,0,0,0,0,0,0,0,0,0,1,0,0,-1.4674016656822124,0.6689574203086703,0.003039606595789443,0.03303139376725084,0.03303139376725084
46,0,0,0,0,0,1,1,0,1,1,0,0,0,0,1,0,0,0,0,0.6465402078669669,0.6938140321924815,0.003628947567853564,0.038730988089776375,0.038730988089776375
53,0,1,0,0,0,1,0,0,0,0,0,0,0,0,0,0,1,0,0,-1.5006397454549982,0.6773932996244997,0.003230113874366814,0.03489628604896822,0.03489628604896822
17,0,0,0,0,0,1,0,1,1,1,0,1,1,1,0,1,0,0,0,0.500292656866709,0.8045134998853144,0.007534869537132169,0.07190499047148602,0.07190499047148602
38,0,0,0,1,1,1,0,0,0,0,0,0,0,0,0,0,1,0,1,-1.4823588015799658,0.7158758576100376,0.0042276442662364,0.04431696426317133,0.04431696426317133
15,0,1,0,0,0,1,0,0,0,0,0,0,0,0,0,1,0,0,0,-1.4956540334890804,0.817222359631732,0.00815567933565363,0.07653518145581295,0.07653518145581295
22,0,0,0,0,0,0,0,1,0,1,0,0,1,1,0,0,0,1,1,-0.48023069643047295,0.7772239626242997,0.006339847981342745,0.0625297608539006,0.0625297608539006
14,1,1,0,1,0,1,1,0,0,0,0,0,0,1,1,0,0,1,1,0.6764544796624743,0.8240576612486123,0.008508086494505379,0.07909398048302463,0.07909398048302463
57,0,0,0,1,0,1,0,1,0,1,1,1,1,0,1,1,0,0,0,0.32579273805958336,0.6689574203086703,0.003039606595789443,0.03303139376725084,0.03303139376725084
11,0,1,1,0,0,1,1,0,0,0,0,0,0,1,0,0,0,0,1,0.4770260010257593,0.8469074549655476,0.009789108115316166,0.08799046091721618,0.08799046091721618
1,0,0,0,1,1,1,0,0,0,0,0,0,0,0,0,0,1,0,0,-1.477373089614048,0.9743124842439652,0.02235010364622835,0.1468274853100915,0.1468274853100915
12,0,1,0,1,1,1,0,0,0,0,0,0,0,0,0,0,1,0,0,-1.454106433773098,0.8388580793219884,0.009318867014819062,0.08479678961103854,0.08479678961103854
3,1,1,1,1,0,1,1,0,0,0,0,0,1,1,1,0,0,1,1,0.9905543335153001,0.9373188893787414,0.017092860770546496,0.12812771737333695,0.12812771737333695
36,0,1,0,0,1,1,1,0,0,1,0,0,1,1,0,0,0,1,1,0.9938781414925789,0.7220842981429184,0.004410087057617903,0.045979950318991825,0.045979950318991825
16,1,1,0,0,0,1,1,0,1,0,0,0,1,1,0,0,0,1,1,0.9789210055948252,0.8107173068575363,0.007832475449686212,0.07414442618478301,0.07414442618478301
65,1,1,0,1,1,1,0,1,1,1,1,0,0,1,1,1,0,0,0,0.2543308665480941,0.6537547892731487,0.002719403042122667,0.02984713825493901,0.02984713825493901
2,0,1,0,0,0,1,1,0,0,1,0,0,0,0,0,0,0,1,0,0.3374260659800587,0.9544211124058478,0.01918286543259826,0.13658902706858933,0.13658902706858933
42,1,0,0,0,0,1,1,0,1,0,1,0,1,1,1,0,0,1,1,1.3428779791068302,0.7043380877631116,0.0039051573709433167,0.0413329850998293,0.0413329850998293
72,0,1,0,1,1,1,1,0,1,1,1,1,1,1,0,0,1,0,0,1.5672350175731347,0.6419575496164033,0.002490279067928491,0.027529416300707155,0.027529416300707155
62,0,1,0,0,0,1,0,0,0,0,0,0,0,0,0,0,1,0,0,-1.493992129500441,0.6592190846564381,0.0028311702861325673,0.03096578220998969,0.03096578220998969
6,0,0,0,0,0,1,1,0,0,1,0,0,1,0,1,0,0,1,1,0.8293496466172889,0.8962011910421149,0.01321361285882388,0.10892151775419001,0.10892151775419001
48,0,1,0,1,0,1,0,0,0,0,0,0,0,0,0,0,1,0,1,-1.487344513545884,0.6888828979881829,0.003505164885370563,0.03755076913789834,0.03755076913789834
35,0,1,0,0,0,1,1,0,1,0,1,1,1,1,1,0,1,1,1,1.4675207782547772,0.7253108322429414,0.004507451042951911,0.04686012202126277,0.04686012202126277
52,0,1,0,0,1,1,0,0,0,0,0,0,0,0,0,1,0,0,0,-1.5006397454549982,0.6796022882225629,0.00328157591746785,0.03539633014558485,0.03539633014558485
1,0,0,0,0,0,0,0,1,0,0,0,0,0,0,0,0,0,0,1,-1.3261398266478726,0.9743124842439652,0.02235010364622835,0.1468274853100915,0.1468274853100915
6,1,1,0,1,0,1,1,0,0,0,0,0,1,0,1,0,0,1,1,0.6000068961850665,0.8962011910421149,0.01321361285882388,0.10892151775419001,0.10892151775419001
71,0,0,0,1,0,1,0,1,1,1,1,1,1,1,1,0,1,0,0,0.9440210218334002,0.6435679119154606,0.0025205988088756303,0.02783802704790539,0.02783802704790539
67,0,0,0,1,1,1,1,0,1,1,1,0,0,0,0,1,0,0,0,0.664821151741999,0.6502545080837984,0.0026497095459112013,0.029145652408135048,0.029145652408135048
60,0,1,1,0,0,1,0,1,1,1,0,0,0,1,1,1,0,1,1,0.23106421070714392,0.6630148153227823,0.0029109829180785306,0.031759872056746574,0.031759872056746574
23,0,1,0,1,1,0,0,1,0,0,0,1,0,0,0,0,0,0,1,-1.1449922918861897,0.7723876776489026,0.006146116983133188,0.060949762364490456,0.060949762364490456
39,0,1,0,0,1,0,0,1,0,0,1,1,1,1,0,1,0,0,0,-0.3306593374529367,0.7128864964214463,0.00414205349534239,0.043530572366621945,0.043530572366621945
15,0,1,0,1,1,1,0,0,0,0,0,0,0,0,0,1,0,0,1,-1.505625457420916,0.817222359631732,0.00815567933565363,0.07653518145581295,0.07653518145581295
53,1,1,1,1,0,1,1,0,0,1,1,0,1,1,1,0,0,1,1,1.2980065714135691,0.6773932996244997,0.003230113874366814,0.03489628604896822,0.03489628604896822
24,0,1,0,1,1,1,0,0,0,0,0,0,0,0,1,0,1,0,0,-1.3494064824888226,0.7677256072562019,0.005964174846469762,0.05945002834593771,0.05945002834593771
37,0,0,0,1,1,1,0,0,0,0,0,0,0,0,0,0,0,1,0,-1.5106111693868338,0.7189405920832638,0.0043169072108659315,0.0451328504105416,0.0451328504105416
5,1,0,0,1,1,1,1,0,0,1,0,0,0,1,0,0,0,1,1,0.6249354560146559,0.9085818526659613,0.014256987321705751,0.11453932573635439,0.11453932573635439
50,0,0,1,1,0,1,1,0,0,0,0,1,1,1,1,1,0,1,1,1.1916447161406547,0.6841504128114664,0.003389643293482253,0.03644129666249096,0.03644129666249096
54,0,0,0,0,0,1,1,0,0,0,1,0,1,1,0,1,0,0,1,0.9739352936289072,0.6752256920763566,0.003180258311786613,0.03441034838970081,0.03441034838970081
3,0,0,0,0,0,1,1,0,1,0,0,0,0,0,0,0,0,1,1,0.3241308340709442,0.9373188893787414,0.017092860770546496,0.12812771737333695,0.12812771737333695
68,1,1,0,0,0,1,1,0,0,1,1,1,1,1,1,1,0,1,0,1.4509017383683842,0.6485447168747005,0.0026161967996319807,0.028807250213664037,0.028807250213664037
5,0,1,0,0,0,1,0,1,0,0,1,1,0,0,0,0,0,1,0,-0.2874498337483152,0.9085818526659613,0.014256987321705751,0.11453932573635439,0.11453932573635439
33,0,1,0,0,0,1,0,0,0,0,0,0,0,0,0,0,1,0,0,-1.477373089614048,0.732029255003116,0.004715929386838689,0.04872789424351476,0.04872789424351476
41,0,0,0,0,0,1,0,1,0,1,1,0,1,1,1,1,0,1,1,0.5235593127076592,0.7071206594283597,0.003981008341391358,0.042040010297382246,0.042040010297382246
34,0,0,0,1,1,0,0,1,1,0,1,1,1,1,0,1,0,0,0,-0.11793562690710736,0.7286243341114813,0.004609291590527576,0.04777537654084685,0.04777537654084685
13,0,0,0,1,1,1,0,0,0,0,0,0,0,0,0,0,0,0,1,-1.4740492816367694,0.8312566322761956,0.008894046614766308,0.0818402613059327,0.0818402613059327
20,0,0,0,0,0,1,0,0,0,0,0,0,0,0,0,0,0,0,1,-1.5255683052845876,0.7874709741517664,0.006767715032425889,0.0659587290124013,0.0659587290124013
51,0,0,1,0,0,1,0,0,0,0,0,0,0,0,0,0,1,0,0,-1.5023016494436374,0.681854139199785,0.003334724055742794,0.03591111081215892,0.03591111081215892
3,1,0,0,1,0,1,1,0,0,1,0,0,0,1,1,0,0,0,1,0.8875162862196642,0.9373188893787414,0.017092860770546496,0.12812771737333695,0.12812771737333695
41,0,0,0,0,1,1,0,1,0,0,0,0,0,0,0,0,0,0,0,-0.65140680726032,0.7071206594283597,0.003981008341391358,0.042040010297382246,0.042040010297382246
13,0,0,0,0,0,1,0,0,0,0,0,0,0,0,0,0,0,0,0,-1.5072873614095552,0.8312566322761956,0.008894046614766308,0.0818402613059327,0.0818402613059327
35,0,1,0,1,1,1,0,0,0,0,0,0,0,0,1,0,1,0,0,-1.3078588827728401,0.7253108322429414,0.004507451042951911,0.04686012202126277,0.04686012202126277
12,1,1,0,1,0,1,1,0,1,0,0,1,0,0,0,0,0,0,0,0.5335307366394948,0.8388580793219884,0.009318867014819062,0.08479678961103854,0.08479678961103854
4,0,1,0,0,0,1,1,0,1,1,0,1,0,1,0,0,0,0,1,1.0005257574471362,0.9221895280070969,0.015517187361763772,0.12087777811840728,0.12087777811840728
43,1,0,0,0,0,0,0,1,0,0,1,0,1,1,0,0,0,0,1,-0.5234402001350946,0.7016186635948665,0.003832182002392298,0.04064972482294138,0.04064972482294138
12,0,0,1,1,1,0,0,1,0,0,0,1,0,0,0,0,0,0,1,-1.179892275647615,0.8388580793219884,0.009318867014819062,0.08479678961103854,0.08479678961103854
68,1,1,1,1,0,1,1,0,0,1,1,0,1,1,1,0,0,1,1,1.3462017870841085,0.6485447168747005,0.0026161967996319807,0.028807250213664037,0.028807250213664037
25,1,1,1,0,0,1,1,0,0,1,0,0,1,0,1,0,0,1,1,0.8027591827990604,0.7632263722784222,0.005792955912006608,0.05802443652851541,0.05802443652851541
7,0,0,0,0,0,1,0,0,0,0,0,0,0,0,0,1,0,0,0,-1.4806968975913266,0.8848383086630132,0.012329368360988486,0.10389128471090825,0.10389128471090825
66,1,1,1,1,0,1,1,0,0,1,1,1,1,1,1,1,0,1,1,1.53067312982307,0.6519909407703324,0.0026840999053434323,0.029492182160968494,0.029492182160968494
53,0,0,0,1,0,1,1,0,1,1,1,1,1,1,0,1,0,1,0,1.519039801902595,0.6773932996244997,0.003230113874366814,0.03489628604896822,0.03489628604896822
63,0,1,1,0,0,1,1,0,1,1,1,0,1,1,1,0,0,0,1,1.4824779141525308,0.6573679996492523,0.0027928980105273514,0.030583600220822293,0.030583600220822293
70,1,0,0,1,1,1,1,0,1,1,1,1,1,1,1,0,1,0,1,1.6420206970619027,0.6452021175658147,0.002551672337160255,0.02815370280249474,0.02815370280249474
27,1,1,1,1,0,0,0,1,0,0,0,0,0,1,0,0,0,0,0,-0.9405781012835568,0.7546760980475697,0.005479040808994945,0.05537422178102336,0.05537422178102336
1,1,0,0,0,0,1,1,0,0,0,0,0,0,0,0,0,0,0,0,0.19782613093435808,0.9743124842439652,0.02235010364622835,0.1468274853100915,0.1468274853100915
5,0,0,0,0,0,1,0,0,0,0,0,0,0,0,0,0,0,0,0,-1.4906683215231624,0.9085818526659613,0.014256987321705751,0.11453932573635439,0.11453932573635439
37,0,0,1,1,0,1,0,0,0,0,0,0,0,0,0,1,0,0,0,-1.5023016494436374,0.7189405920832638,0.0043169072108659315,0.0451328504105416,0.0451328504105416
3,1,1,0,0,0,0,0,1,0,0,1,0,1,0,0,0,0,0,1,-0.8192591101128885,0.9373188893787414,0.017092860770546496,0.12812771737333695,0.12812771737333695
12,0,0,0,0,1,1,1,0,0,0,0,0,0,0,1,0,0,1,1,0.39226889760515504,0.8388580793219884,0.009318867014819062,0.08479678961103854,0.08479678961103854
38,0,0,0,1,1,1,0,0,0,0,0,0,0,0,0,1,0,0,0,-1.5023016494436374,0.7158758576100376,0.0042276442662364,0.04431696426317133,0.04431696426317133
9,0,0,0,0,0,1,1,0,0,0,1,0,0,1,0,0,0,0,1,0.6814401916283919,0.8645756330248363,0.010901071741709328,0.09522425637547682,0.09522425637547682
13,0,1,0,1,0,1,0,1,1,0,0,0,0,1,1,0,0,1,1,0.034959540047707294,0.8312566322761956,0.008894046614766308,0.0818402613059327,0.0818402613059327
29,1,1,1,1,0,1,1,0,0,0,0,0,1,1,1,0,0,1,1,0.9855686215493825,0.746664964341879,0.005198070769814978,0.05296124339833497,0.05296124339833497
47,0,0,0,1,1,1,0,0,0,0,0,0,0,0,0,0,1,0,0,-1.487344513545884,0.6913226781406935,0.0035659686558325962,0.038131613989117574,0.038131613989117574
61,0,1,0,1,0,1,1,0,1,0,1,1,1,0,1,0,0,0,0,1.1500971164246725,0.6611010360108607,0.002870516527482457,0.031357744906887475,0.031357744906887475
16,0,1,0,0,0,1,0,0,0,0,0,0,0,0,0,0,0,0,0,-1.4890064175345232,0.8107173068575363,0.007832475449686212,0.07414442618478301,0.07414442618478301
41,0,0,0,1,1,1,0,1,1,1,0,1,1,1,0,0,1,1,0,0.4537593451848091,0.7071206594283597,0.003981008341391358,0.042040010297382246,0.042040010297382246
43,0,0,0,0,1,1,0,0,0,0,0,0,0,0,1,0,1,1,1,-1.3194922106933153,0.7016186635948665,0.003832182002392298,0.04064972482294138,0.04064972482294138
36,1,0,0,1,1,1,1,0,0,1,1,0,1,0,1,0,0,0,1,1.0819590528904612,0.7220842981429184,0.004410087057617903,0.045979950318991825,0.045979950318991825
6,0,0,0,0,0,1,0,1,0,0,0,0,0,1,0,0,0,1,1,-0.32567362548701884,0.8962011910421149,0.01321361285882388,0.10892151775419001,0.10892151775419001
58,0,0,0,0,0,1,0,1,1,1,1,1,0,0,1,1,0,0,1,0.20945945885483294,0.6669419291751147,0.0029954745981990286,0.0325962586220786,0.0325962586220786
19,0,1,0,0,0,1,0,1,0,0,0,1,1,0,0,0,0,0,1,-0.1079642029752717,0.7929113200145855,0.0070048485392757275,0.06782398836650938,0.06782398836650938
11,0,1,0,1,0,1,0,1,0,0,0,0,0,0,0,0,0,0,1,-0.62814015141937,0.8469074549655476,0.009789108115316166,0.08799046091721618,0.08799046091721618
39,0,0,0,0,0,0,0,1,1,1,0,1,0,0,0,1,0,0,1,-0.8142733981469708,0.7128864964214463,0.00414205349534239,0.043530572366621945,0.043530572366621945
8,0,0,1,0,0,1,1,0,0,1,0,0,1,0,0,0,0,1,1,0.7412687352194063,0.8743368175545859,0.01156705087089483,0.09935054964947354,0.09935054964947354
26,0,0,0,0,1,1,0,1,0,0,0,0,0,0,1,0,0,0,1,-0.5084830642373409,0.7588796606729277,0.005631521405658712,0.05666748667997901,0.05666748667997901
53,0,0,1,0,0,1,1,0,0,1,0,0,0,0,0,0,0,0,1,0.2992022742413548,0.6773932996244997,0.003230113874366814,0.03489628604896822,0.03489628604896822
70,0,0,0,1,1,1,0,0,0,0,0,0,0,0,0,0,1,0,1,-1.5155968813527516,0.6452021175658147,0.002551672337160255,0.02815370280249474,0.02815370280249474
1,1,1,0,0,0,0,0,1,0,0,0,0,1,1,0,0,0,0,1,-0.6480829992830416,0.9743124842439652,0.02235010364622835,0.1468274853100915,0.1468274853100915
59,0,1,0,0,0,1,0,0,0,0,0,0,0,0,1,0,1,0,0,-1.322816018670594,0.6649614286359096,0.0029526183444970946,0.03217256791019485,0.03217256791019485
2,1,1,0,0,0,1,1,0,0,0,1,0,1,1,0,0,0,1,0,1.0021876614357754,0.9544211124058478,0.01918286543259826,0.13658902706858933,0.13658902706858933
7,0,1,0,0,0,0,0,1,1,0,1,0,0,0,0,1,0,0,0,-0.9804637970108999,0.8848383086630132,0.012329368360988486,0.10389128471090825,0.10389128471090825
12,1,0,0,0,1,1,0,1,0,0,0,0,0,0,0,0,0,1,1,-0.6730115591126309,0.8388580793219884,0.009318867014819062,0.08479678961103854,0.08479678961103854
59,0,1,0,1,1,1,0,1,0,1,1,1,1,1,0,1,0,0,0,0.3972546095710731,0.6649614286359096,0.0029526183444970946,0.03217256791019485,0.03217256791019485
61,0,1,0,1,1,1,0,1,0,0,1,1,1,1,1,0,1,0,1,0.5385164486054129,0.6611010360108607,0.002870516527482457,0.031357744906887475,0.031357744906887475
72,0,1,0,1,1,1,1,0,1,0,1,0,1,1,1,0,1,0,1,1.3545113070273052,0.6419575496164033,0.002490279067928491,0.027529416300707155,0.027529416300707155
13,0,0,0,1,1,1,0,0,0,0,0,0,0,0,0,0,0,0,0,-1.5288921132618662,0.8312566322761956,0.008894046614766308,0.0818402613059327,0.0818402613059327
64,0,0,0,1,1,1,0,0,0,0,0,0,0,0,1,1,0,0,0,-1.3261398266478726,0.6555468612609421,0.002755656035094927,0.030210834407233156,0.030210834407233156
1,1,1,0,1,0,0,0,1,0,0,0,0,0,0,0,0,0,1,1,-1.374335042318412,0.9743124842439652,0.02235010364622835,0.1468274853100915,0.1468274853100915
10,0,0,0,0,0,1,0,1,0,1,0,1,0,1,0,1,0,0,0,0.0033833642635611246,0.8554585264638187,0.010313003097985489,0.09145336847937524,0.09145336847937524
65,0,0,0,1,1,1,0,1,1,1,1,0,0,0,0,1,0,0,0,-0.11461181892982873,0.6537547892731487,0.002719403042122667,0.02984713825493901,0.02984713825493901
62,0,0,0,1,0,1,1,0,1,1,1,1,1,1,1,0,1,0,0,1.6337111771187063,0.6592190846564381,0.0028311702861325673,0.03096578220998969,0.03096578220998969
55,0,0,0,1,0,1,0,1,1,1,1,1,1,1,1,1,0,1,1,0.8426448785264035,0.6730980579890953,0.0031319345818057722,0.033937922764987416,0.033937922764987416
25,0,0,0,1,0,1,0,1,0,1,0,0,0,0,1,0,0,1,0,-0.35558789728252604,0.7632263722784222,0.005792955912006608,0.05802443652851541,0.05802443652851541
1,1,1,0,0,0,0,0,1,1,0,0,0,0,0,0,0,0,0,0,-1.1665970437385005,0.9743124842439652,0.02235010364622835,0.1468274853100915,0.1468274853100915
1,0,1,0,0,0,1,0,1,1,0,0,0,0,0,0,0,0,0,1,-0.49851164030550527,0.9743124842439652,0.02235010364622835,0.1468274853100915,0.1468274853100915
59,1,0,0,1,0,1,1,0,0,1,0,0,1,1,1,0,0,1,0,1.206601852038408,0.6649614286359096,0.0029526183444970946,0.03217256791019485,0.03217256791019485
64,0,1,1,1,1,1,0,0,0,0,0,0,0,0,1,0,1,0,1,-1.3427588665342656,0.6555468612609421,0.002755656035094927,0.030210834407233156,0.030210834407233156
36,0,1,0,1,0,1,1,0,0,0,0,0,1,1,1,0,0,0,1,1.0038495654244146,0.7220842981429184,0.004410087057617903,0.045979950318991825,0.045979950318991825
3,1,0,0,0,0,1,0,1,0,0,0,0,0,0,1,0,0,0,1,-0.4702592724986373,0.9373188893787414,0.017092860770546496,0.12812771737333695,0.12812771737333695
61,0,1,0,1,0,1,0,1,1,0,1,0,0,1,1,0,1,0,1,0.1695737631274903,0.6611010360108607,0.002870516527482457,0.031357744906887475,0.031357744906887475
26,0,1,0,0,1,0,0,1,0,1,0,0,1,0,0,1,0,0,1,-0.8259067260674456,0.7588796606729277,0.005631521405658712,0.05666748667997901,0.05666748667997901
1,1,0,0,0,0,1,0,1,0,0,0,0,0,1,0,0,0,1,1,-0.31237839357790453,0.9743124842439652,0.02235010364622835,0.1468274853100915,0.1468274853100915
1,1,0,1,1,0,1,1,0,0,1,0,0,1,0,1,0,0,1,1,0.8576020144241567,0.9743124842439652,0.02235010364622835,0.1468274853100915,0.1468274853100915
68,0,1,0,1,1,1,1,0,1,1,1,0,1,1,0,0,1,0,1,1.2780637235498977,0.6485447168747005,0.0026161967996319807,0.028807250213664037,0.028807250213664037
2,1,1,1,1,0,1,1,0,0,0,0,0,1,0,1,0,0,0,1,0.7329592152762099,0.9544211124058478,0.01918286543259826,0.13658902706858933,0.13658902706858933
72,0,0,0,1,0,1,1,0,1,1,1,1,0,0,1,0,1,0,1,0.9789210055948252,0.6419575496164033,0.002490279067928491,0.027529416300707155,0.027529416300707155
71,0,0,0,1,0,0,0,1,0,0,1,1,0,1,0,0,1,1,1,-0.5899163596806664,0.6435679119154606,0.0025205988088756303,0.02783802704790539,0.02783802704790539
57,0,1,0,0,0,1,0,0,0,0,0,0,0,0,0,0,1,0,0,-1.470725473659491,0.6689574203086703,0.003039606595789443,0.03303139376725084,0.03303139376725084
4,0,1,0,0,0,1,0,0,0,0,0,0,0,0,0,0,0,0,1,-1.5006397454549982,0.9221895280070969,0.015517187361763772,0.12087777811840728,0.12087777811840728
1,0,0,1,0,0,1,1,0,0,0,0,0,0,0,0,0,0,1,1,0.17954518705932596,0.9743124842439652,0.02235010364622835,0.1468274853100915,0.1468274853100915
72,0,1,0,1,1,1,0,1,1,1,1,1,0,1,1,0,1,0,0,0.5385164486054129,0.6419575496164033,0.002490279067928491,0.027529416300707155,0.027529416300707155
21,0,1,0,1,1,1,0,1,1,0,0,0,1,1,1,1,0,0,1,0.3690022417642053,0.7822470612896891,0.006546583090128551,0.06419686154369075,0.06419686154369075
71,0,0,0,1,1,1,0,0,0,0,0,0,0,0,1,0,1,0,0,-1.3327874426024295,0.6435679119154606,0.0025205988088756303,0.02783802704790539,0.02783802704790539
29,1,0,1,1,0,1,1,0,0,0,1,0,1,1,1,0,0,0,1,1.1384637885041973,0.746664964341879,0.005198070769814978,0.05296124339833497,0.05296124339833497
69,0,0,1,0,0,1,1,0,1,0,1,1,1,1,1,0,1,0,0,1.5107302819593986,0.6468608243449303,0.002583528294433392,0.028476690845760766,0.028476690845760766
64,0,0,0,1,0,1,0,1,1,0,1,1,1,1,1,0,1,0,1,0.6714687676965563,0.6555468612609421,0.002755656035094927,0.030210834407233156,0.030210834407233156
16,0,1,0,0,0,1,0,0,0,0,0,0,0,0,0,0,0,0,0,-1.4973159374777196,0.8107173068575363,0.007832475449686212,0.07414442618478301,0.07414442618478301
4,0,0,0,0,0,1,0,0,0,0,0,0,0,0,1,1,0,1,0,-1.3593779064206584,0.9221895280070969,0.015517187361763772,0.12087777811840728,0.12087777811840728
52,1,0,0,0,0,1,1,0,1,1,0,1,1,1,1,1,0,0,1,1.5439683617321844,0.6796022882225629,0.00328157591746785,0.03539633014558485,0.03539633014558485
2,1,1,0,0,0,1,0,1,1,0,1,0,0,0,0,0,0,0,1,-0.32234981750974023,0.9544211124058478,0.01918286543259826,0.13658902706858933,0.13658902706858933
1,0,1,0,0,0,1,0,0,0,0,0,0,0,0,0,0,0,0,0,-1.4906683215231624,0.9743124842439652,0.02235010364622835,0.1468274853100915,0.1468274853100915
18,0,1,0,0,0,0,0,1,0,0,0,0,0,0,0,0,0,0,0,-1.3178303067046762,0.798585597100695,0.007259843514731271,0.06980238681281059,0.06980238681281059
2,0,0,0,0,0,1,0,1,0,1,0,0,0,0,1,0,0,0,0,-0.35392599329388685,0.9544211124058478,0.01918286543259826,0.13658902706858933,0.13658902706858933
19,0,0,0,1,0,1,0,1,0,1,0,0,0,1,0,0,0,0,1,-0.16613084257764693,0.7929113200145855,0.0070048485392757275,0.06782398836650938,0.06782398836650938
40,0,0,0,0,0,1,1,0,0,0,0,0,0,1,1,0,0,0,0,0.6332449759578523,0.7099691459680679,0.004059910336396862,0.04277208089669704,0.04277208089669704
66,0,0,1,1,1,1,1,0,0,1,1,0,1,1,1,1,0,1,1,1.3329065551749946,0.6519909407703324,0.0026840999053434323,0.029492182160968494,0.029492182160968494
21,0,1,0,0,0,1,1,0,0,0,0,0,0,0,1,0,0,0,0,0.34905939390053353,0.7822470612896891,0.006546583090128551,0.06419686154369075,0.06419686154369075
8,0,1,0,0,0,1,0,1,0,1,0,1,1,0,0,0,0,1,1,0.061550003865936335,0.8743368175545859,0.01156705087089483,0.09935054964947354,0.09935054964947354
72,0,0,0,1,1,1,1,0,1,1,1,1,1,1,0,0,1,0,1,1.4858017221298092,0.6419575496164033,0.002490279067928491,0.027529416300707155,0.027529416300707155
48,0,0,0,0,0,1,0,1,0,1,1,1,1,0,1,1,0,0,1,0.300864178229994,0.6888828979881829,0.003505164885370563,0.03755076913789834,0.03755076913789834
69,0,1,0,0,0,1,0,0,0,0,0,0,0,0,0,0,1,0,1,-1.5122730733754732,0.6468608243449303,0.002583528294433392,0.028476690845760766,0.028476690845760766
72,0,1,0,0,0,1,1,0,1,1,1,1,1,1,1,0,1,1,1,1.7749730161530461,0.6419575496164033,0.002490279067928491,0.027529416300707155,0.027529416300707155
14,0,0,0,0,0,1,0,1,0,1,0,0,0,0,0,1,0,0,0,-0.4436688086804085,0.8240576612486123,0.008508086494505379,0.07909398048302463,0.07909398048302463
6,0,1,0,0,0,1,0,1,0,1,0,0,1,0,0,0,0,1,0,-0.1777641704981218,0.8962011910421149,0.01321361285882388,0.10892151775419001,0.10892151775419001
8,0,0,0,1,1,1,0,0,0,0,0,0,0,0,0,0,1,0,0,-1.505625457420916,0.8743368175545859,0.01156705087089483,0.09935054964947354,0.09935054964947354
17,0,0,0,0,0,1,0,0,0,0,0,0,0,0,0,1,0,0,0,-1.5039635534322768,0.8045134998853144,0.007534869537132169,0.07190499047148602,0.07190499047148602
65,0,1,0,0,0,1,1,0,1,0,0,1,0,1,1,1,0,1,0,0.9556543497538751,0.6537547892731487,0.002719403042122667,0.02984713825493901,0.02984713825493901
57,0,0,0,1,1,1,0,1,1,0,1,1,0,0,0,1,0,0,1,-0.18274988246403984,0.6689574203086703,0.003039606595789443,0.03303139376725084,0.03303139376725084
13,1,1,0,1,0,1,1,0,0,0,1,0,1,1,1,0,0,0,1,1.244825643777112,0.8312566322761956,0.008894046614766308,0.0818402613059327,0.0818402613059327
19,1,1,1,0,0,1,1,0,0,0,1,0,1,1,0,0,0,0,1,1.033763837219922,0.7929113200145855,0.0070048485392757275,0.06782398836650938,0.06782398836650938
56,0,0,0,1,0,1,1,0,1,1,1,0,1,1,1,1,0,0,0,1.495773146061645,0.6710090587453561,0.003085072619735503,0.03347844798497823,0.03347844798497823
14,0,0,0,1,0,1,1,0,0,0,0,0,0,1,0,0,0,1,1,0.4421260172643338,0.8240576612486123,0.008508086494505379,0.07909398048302463,0.07909398048302463
52,0,1,0,1,0,0,0,1,1,0,0,0,0,1,0,0,0,1,1,-0.827568630056085,0.6796022882225629,0.00328157591746785,0.03539633014558485,0.03539633014558485
58,0,0,0,0,0,1,0,1,1,1,1,1,0,0,0,0,1,0,1,0.0033833642635611246,0.6669419291751147,0.0029954745981990286,0.0325962586220786,0.0325962586220786
47,1,0,1,0,0,1,1,0,0,1,0,1,1,0,1,0,0,1,1,1.0055114694130538,0.6913226781406935,0.0035659686558325962,0.038131613989117574,0.038131613989117574
67,0,0,0,0,0,0,0,1,0,0,1,1,1,1,0,0,0,0,1,-0.3788545531234762,0.6502545080837984,0.0026497095459112013,0.029145652408135048,0.029145652408135048
2,0,1,0,0,0,0,0,1,0,0,0,0,0,0,0,0,0,0,1,-1.3261398266478726,0.9544211124058478,0.01918286543259826,0.13658902706858933,0.13658902706858933
6,0,1,1,0,0,1,0,1,0,0,0,0,0,0,0,0,0,0,0,-0.6680258471467129,0.8962011910421149,0.01321361285882388,0.10892151775419001,0.10892151775419001
71,0,1,0,1,1,1,1,0,1,1,1,1,1,1,1,0,1,0,1,1.6353730811073455,0.6435679119154606,0.0025205988088756303,0.02783802704790539,0.02783802704790539
46,0,0,0,1,1,1,0,0,0,0,0,0,0,0,0,0,1,0,0,-1.4806968975913266,0.6938140321924815,0.003628947567853564,0.038730988089776375,0.038730988089776375
5,1,0,0,0,0,1,0,1,1,0,0,1,0,0,0,0,0,0,0,-0.3638974172257225,0.9085818526659613,0.014256987321705751,0.11453932573635439,0.11453932573635439
67,0,1,1,1,0,1,1,0,1,1,0,0,0,0,1,0,0,0,0,0.6332449759578523,0.6502545080837984,0.0026497095459112013,0.029145652408135048,0.029145652408135048
3,0,1,0,0,1,1,0,0,0,0,0,0,0,0,0,0,0,0,0,-1.4823588015799658,0.9373188893787414,0.017092860770546496,0.12812771737333695,0.12812771737333695
3,0,0,0,0,0,1,0,0,0,0,0,0,0,0,0,0,0,0,0,-1.4906683215231624,0.9373188893787414,0.017092860770546496,0.12812771737333695,0.12812771737333695
52,1,1,1,1,0,1,1,0,1,0,1,0,1,1,1,0,0,1,1,1.3096398993340443,0.6796022882225629,0.00328157591746785,0.03539633014558485,0.03539633014558485
42,1,0,0,1,0,1,0,1,0,0,0,0,0,0,1,0,0,1,1,-0.48355450440775155,0.7043380877631116,0.0039051573709433167,0.0413329850998293,0.0413329850998293
50,0,1,0,1,1,1,0,0,0,0,0,0,0,0,0,1,0,0,1,-1.477373089614048,0.6841504128114664,0.003389643293482253,0.03644129666249096,0.03644129666249096
23,0,1,1,1,0,1,1,0,1,1,0,0,0,1,0,0,0,1,1,0.8376591665604854,0.7723876776489026,0.006146116983133188,0.060949762364490456,0.060949762364490456
67,0,0,0,1,1,0,0,1,1,1,1,1,1,0,0,0,1,0,0,-0.35226408930524744,0.6502545080837984,0.0026497095459112013,0.029145652408135048,0.029145652408135048
25,1,0,0,0,0,1,1,0,0,1,1,0,1,1,0,0,0,1,1,1.1534209244019509,0.7632263722784222,0.005792955912006608,0.05802443652851541,0.05802443652851541
39,0,0,1,1,0,1,1,0,1,1,0,0,1,1,0,1,0,0,0,1.1401256924928365,0.7128864964214463,0.00414205349534239,0.043530572366621945,0.043530572366621945
69,0,0,0,0,0,1,0,1,1,1,0,1,0,0,1,0,1,0,1,0.0698595238091328,0.6468608243449303,0.002583528294433392,0.028476690845760766,0.028476690845760766
1,0,0,0,0,0,0,0,1,0,0,0,0,0,0,0,1,0,0,0,-1.294563650863726,0.9743124842439652,0.02235010364622835,0.1468274853100915,0.1468274853100915
32,0,1,0,0,0,1,1,0,0,0,0,0,1,1,0,0,0,1,0,0.8725591503219104,0.7355303895625583,0.00482771692436557,0.04972004336955682,0.04972004336955682
9,1,0,0,0,0,1,1,0,0,0,0,0,0,0,0,0,0,1,0,0.20613565087755453,0.8645756330248363,0.010901071741709328,0.09522425637547682,0.09522425637547682
16,1,0,0,0,0,1,1,0,0,1,1,0,0,1,0,0,0,0,1,0.9440210218334002,0.8107173068575363,0.007832475449686212,0.07414442618478301,0.07414442618478301
60,0,1,0,1,1,1,0,0,0,0,0,0,0,0,0,0,1,0,1,-1.4574302417503764,0.6630148153227823,0.0029109829180785306,0.031759872056746574,0.031759872056746574
72,0,0,0,1,1,1,1,0,0,1,1,1,1,1,1,0,1,0,1,1.4758302981979736,0.6419575496164033,0.002490279067928491,0.027529416300707155,0.027529416300707155
5,1,1,0,1,0,1,0,0,0,0,0,0,0,0,0,0,0,0,0,-1.5106111693868338,0.9085818526659613,0.014256987321705751,0.11453932573635439,0.11453932573635439
26,0,0,1,0,0,1,1,0,1,0,0,0,1,0,0,0,0,0,1,0.6980592315147849,0.7588796606729277,0.005631521405658712,0.05666748667997901,0.05666748667997901
3,1,1,0,0,0,1,0,0,0,0,0,0,0,0,0,0,0,0,0,-1.493992129500441,0.9373188893787414,0.017092860770546496,0.12812771737333695,0.12812771737333695
2,0,1,0,0,0,1,0,0,0,0,0,0,0,0,0,0,0,1,1,-1.5006397454549982,0.9544211124058478,0.01918286543259826,0.13658902706858933,0.13658902706858933
2,0,0,0,0,1,1,0,0,0,0,0,0,0,0,0,1,0,0,0,-1.4723873776481302,0.9544211124058478,0.01918286543259826,0.13658902706858933,0.13658902706858933
36,0,0,0,0,0,1,0,1,1,0,1,1,1,1,1,1,0,0,1,0.8260258386400106,0.7220842981429184,0.004410087057617903,0.045979950318991825,0.045979950318991825
7,0,1,0,0,0,1,1,0,1,0,0,0,0,0,0,0,0,0,0,0.3174832181163869,0.8848383086630132,0.012329368360988486,0.10389128471090825,0.10389128471090825
60,0,0,1,1,0,0,0,1,0,1,0,0,1,1,0,0,1,0,1,-0.5101449682259801,0.6630148153227823,0.0029109829180785306,0.031759872056746574,0.031759872056746574
19,0,0,0,1,0,1,1,0,0,1,0,0,0,1,1,0,0,1,1,0.807744894764978,0.7929113200145855,0.0070048485392757275,0.06782398836650938,0.06782398836650938
45,0,1,1,1,0,1,0,1,1,0,1,1,0,1,1,0,1,0,0,0.34407368193461596,0.6963590108821652,0.0036942216775406023,0.039349803973645514,0.039349803973645514
4,0,1,1,0,0,1,1,0,0,0,0,0,0,0,0,0,0,1,1,0.1945023229570797,0.9221895280070969,0.015517187361763772,0.12087777811840728,0.12087777811840728
31,1,0,0,1,1,1,1,0,0,0,1,1,1,1,1,0,0,1,1,1.3096398993340443,0.7391329118702427,0.004945042598351195,0.05075440110013929,0.05075440110013929
47,0,1,0,1,1,1,1,0,1,0,1,0,0,1,0,0,0,1,0,0.8393210705491246,0.6913226781406935,0.0035659686558325962,0.038131613989117574,0.038131613989117574
1,1,1,0,0,0,1,1,0,0,0,0,0,0,1,0,0,0,1,1,0.4803498090030377,0.9743124842439652,0.02235010364622835,0.1468274853100915,0.1468274853100915
1,1,0,0,0,0,1,0,1,0,0,0,0,0,0,0,0,0,0,1,-0.6613782311921559,0.9743124842439652,0.02235010364622835,0.1468274853100915,0.1468274853100915
1,0,0,0,0,0,1,0,0,0,0,0,0,0,0,0,0,0,0,0,-1.5089492653981946,0.9743124842439652,0.02235010364622835,0.1468274853100915,0.1468274853100915
59,0,0,1,1,1,1,1,0,0,0,1,0,0,1,1,0,0,0,1,0.7961115668445031,0.6649614286359096,0.0029526183444970946,0.03217256791019485,0.03217256791019485
10,1,1,0,1,0,1,1,0,0,0,0,0,0,0,0,0,0,1,1,0.1762213790820471,0.8554585264638187,0.010313003097985489,0.09145336847937524,0.09145336847937524
35,0,1,1,0,0,1,1,0,1,0,0,0,0,1,1,0,0,0,0,0.8708972463332713,0.7253108322429414,0.004507451042951911,0.04686012202126277,0.04686012202126277
4,1,1,0,0,0,0,0,1,0,0,1,0,0,0,0,0,0,1,1,-1.16825894772714,0.9221895280070969,0.015517187361763772,0.12087777811840728,0.12087777811840728
32,0,1,0,1,1,1,1,0,1,1,0,0,0,1,0,1,0,1,1,0.864249630378714,0.7355303895625583,0.00482771692436557,0.04972004336955682,0.04972004336955682
43,1,1,0,0,0,1,1,0,0,1,0,0,0,0,1,0,0,1,1,0.4338164973211373,0.7016186635948665,0.003832182002392298,0.04064972482294138,0.04064972482294138
4,1,1,0,0,0,1,0,1,0,0,0,0,0,1,0,0,0,1,0,-0.348940281327969,0.9221895280070969,0.015517187361763772,0.12087777811840728,0.12087777811840728
54,0,0,1,1,0,1,0,0,0,0,0,0,0,0,0,0,1,0,1,-1.5239064012959482,0.6752256920763566,0.003180258311786613,0.03441034838970081,0.03441034838970081
11,1,0,1,0,0,1,1,0,0,0,0,0,1,1,1,0,0,0,1,1.0088352773903326,0.8469074549655476,0.009789108115316166,0.08799046091721618,0.08799046091721618
66,0,0,1,0,0,1,1,0,1,0,0,0,1,1,1,0,1,0,1,1.24981135574303,0.6519909407703324,0.0026840999053434323,0.029492182160968494,0.029492182160968494
61,0,1,0,1,1,1,1,0,0,0,1,0,1,1,1,1,0,1,1,1.1667161563110655,0.6611010360108607,0.002870516527482457,0.031357744906887475,0.031357744906887475
72,0,1,0,1,1,1,0,1,1,1,1,1,1,1,1,0,1,0,0,0.7944496628558639,0.6419575496164033,0.002490279067928491,0.027529416300707155,0.027529416300707155
44,0,1,0,1,1,0,0,1,0,0,1,1,1,1,0,1,0,1,1,-0.348940281327969,0.6989597866938809,0.0037619201221218337,0.03998903582240876,0.03998903582240876
41,0,1,0,0,0,1,0,1,0,0,1,0,0,0,1,0,0,0,1,-0.30240696964606867,0.7071206594283597,0.003981008341391358,0.042040010297382246,0.042040010297382246
50,0,1,0,1,0,1,1,0,1,0,1,0,1,1,1,1,0,1,1,1.301330379390848,0.6841504128114664,0.003389643293482253,0.03644129666249096,0.03644129666249096
47,1,1,0,1,0,1,1,0,1,0,1,1,1,1,1,1,0,0,1,1.53067312982307,0.6913226781406935,0.0035659686558325962,0.038131613989117574,0.038131613989117574
8,0,1,0,1,1,1,0,0,0,0,0,0,0,0,0,0,1,0,0,-1.4840207055686052,0.8743368175545859,0.01156705087089483,0.09935054964947354,0.09935054964947354
18,0,1,0,0,0,1,0,0,0,0,0,0,0,0,0,0,0,0,0,-1.487344513545884,0.798585597100695,0.007259843514731271,0.06980238681281059,0.06980238681281059
72,0,1,0,1,1,1,0,1,1,1,1,1,1,1,1,0,1,0,1,0.9024734221174179,0.6419575496164033,0.002490279067928491,0.027529416300707155,0.027529416300707155
1,1,1,0,0,0,1,1,0,0,0,0,0,0,1,0,0,0,1,0,0.52189740871902,0.9743124842439652,0.02235010364622835,0.1468274853100915,0.1468274853100915
42,0,0,1,0,0,1,0,1,0,0,1,0,0,0,1,0,0,1,0,-0.3040688736347081,0.7043380877631116,0.0039051573709433167,0.0413329850998293,0.0413329850998293
18,0,0,1,0,0,1,1,0,0,1,0,0,0,0,0,0,0,1,1,0.32911654603686225,0.798585597100695,0.007259843514731271,0.06980238681281059,0.06980238681281059
13,0,0,0,0,1,1,1,0,0,1,1,0,1,1,1,1,0,0,1,1.3079779953454052,0.8312566322761956,0.008894046614766308,0.0818402613059327,0.0818402613059327
68,0,0,0,1,1,1,1,0,0,1,0,1,0,0,1,1,0,0,1,0.6265973600032956,0.6485447168747005,0.0026161967996319807,0.028807250213664037,0.028807250213664037
4,1,1,0,0,0,1,1,0,0,0,0,0,0,0,1,0,0,0,1,0.24602134660489763,0.9221895280070969,0.015517187361763772,0.12087777811840728,0.12087777811840728
69,0,1,0,0,0,1,1,0,1,1,1,0,1,1,1,0,1,0,1,1.5040826660048414,0.6468608243449303,0.002583528294433392,0.028476690845760766,0.028476690845760766
17,1,1,0,0,0,1,0,1,0,0,0,1,0,0,0,0,0,0,0,-0.4420069046917693,0.8045134998853144,0.007534869537132169,0.07190499047148602,0.07190499047148602
25,0,1,0,1,1,1,0,0,0,0,0,0,0,0,1,0,1,0,0,-1.306196978784201,0.7632263722784222,0.005792955912006608,0.05802443652851541,0.05802443652851541
43,1,1,1,0,0,1,1,0,0,0,0,0,1,1,0,0,0,0,1,0.8227020306627317,0.7016186635948665,0.003832182002392298,0.04064972482294138,0.04064972482294138
59,0,0,0,1,1,1,0,0,0,0,0,0,0,0,0,0,1,0,0,-1.505625457420916,0.6649614286359096,0.0029526183444970946,0.03217256791019485,0.03217256791019485
5,0,0,1,0,0,1,1,0,1,1,0,0,0,0,0,0,0,1,0,0.5285450246735772,0.9085818526659613,0.014256987321705751,0.11453932573635439,0.11453932573635439
21,1,1,0,1,1,1,0,1,1,1,0,1,1,0,1,1,0,0,0,0.4221831694006625,0.7822470612896891,0.006546583090128551,0.06419686154369075,0.06419686154369075
69,0,0,0,1,1,1,1,0,1,1,1,1,1,0,1,1,0,0,1,1.3395541711295513,0.6468608243449303,0.002583528294433392,0.028476690845760766,0.028476690845760766
13,0,1,0,0,0,0,0,1,0,0,0,0,0,0,0,0,0,0,1,-1.3178303067046762,0.8312566322761956,0.008894046614766308,0.0818402613059327,0.0818402613059327
42,1,1,0,1,0,1,1,0,0,1,1,0,1,0,1,0,0,0,1,1.012159085367611,0.7043380877631116,0.0039051573709433167,0.0413329850998293,0.0413329850998293
52,0,1,0,1,0,1,1,0,0,1,0,1,0,1,1,0,0,0,1,1.0254543172767256,0.6796022882225629,0.00328157591746785,0.03539633014558485,0.03539633014558485
46,1,1,1,0,0,1,1,0,1,0,0,0,0,1,0,0,0,1,0,0.6714687676965563,0.6938140321924815,0.003628947567853564,0.038730988089776375,0.038730988089776375
61,0,1,0,1,0,1,0,1,1,1,1,1,0,1,1,0,1,0,1,0.5318688326508556,0.6611010360108607,0.002870516527482457,0.031357744906887475,0.031357744906887475
29,0,1,0,0,0,0,0,1,0,0,0,0,0,0,0,1,0,0,1,-1.3278017306365117,0.746664964341879,0.005198070769814978,0.05296124339833497,0.05296124339833497
25,0,0,0,0,1,1,0,1,0,1,0,1,0,0,0,1,0,0,1,-0.3339831454302153,0.7632263722784222,0.005792955912006608,0.05802443652851541,0.05802443652851541
5,1,0,0,1,1,1,1,0,0,0,0,1,1,0,0,0,0,1,1,0.6963973275261456,0.9085818526659613,0.014256987321705751,0.11453932573635439,0.11453932573635439
15,0,1,0,0,0,0,0,1,0,0,1,0,1,1,0,1,0,1,0,-0.46693546452135865,0.817222359631732,0.00815567933565363,0.07653518145581295,0.07653518145581295
19,0,0,0,1,1,1,0,0,0,0,0,0,0,0,0,0,1,0,0,-1.4840207055686052,0.7929113200145855,0.0070048485392757275,0.06782398836650938,0.06782398836650938
44,0,1,0,0,0,1,0,0,0,0,0,0,0,0,0,0,1,0,0,-1.487344513545884,0.6989597866938809,0.0037619201221218337,0.03998903582240876,0.03998903582240876
6,1,0,1,0,0,1,1,0,0,1,0,0,1,1,1,0,0,1,1,1.1118733246859687,0.8962011910421149,0.01321361285882388,0.10892151775419001,0.10892151775419001
58,0,1,0,1,1,1,0,1,1,1,1,1,0,0,1,0,1,0,0,0.22607849874122585,0.6669419291751147,0.0029954745981990286,0.0325962586220786,0.0325962586220786
62,0,1,0,1,1,1,1,0,1,1,0,0,0,0,0,1,0,0,1,0.5534735845031666,0.6592190846564381,0.0028311702861325673,0.03096578220998969,0.03096578220998969
70,0,0,0,1,1,0,0,1,0,1,1,1,1,1,0,1,0,0,1,-0.21266415425954704,0.6452021175658147,0.002551672337160255,0.02815370280249474,0.02815370280249474
1,1,0,1,0,0,0,0,1,0,0,0,0,0,0,0,0,0,0,1,-1.2995493628296437,0.9743124842439652,0.02235010364622835,0.1468274853100915,0.1468274853100915
10,0,1,0,1,1,0,0,1,1,1,1,1,0,1,0,0,1,0,0,-0.36888312919164035,0.8554585264638187,0.010313003097985489,0.09145336847937524,0.09145336847937524
26,0,1,0,0,0,1,0,0,0,0,0,0,0,0,0,1,0,0,1,-1.5023016494436374,0.7588796606729277,0.005631521405658712,0.05666748667997901,0.05666748667997901
66,0,1,0,0,0,1,1,0,0,1,0,0,0,1,1,0,0,0,0,0.8177163186968142,0.6519909407703324,0.0026840999053434323,0.029492182160968494,0.029492182160968494
7,1,0,0,1,1,1,1,0,0,0,0,0,0,0,0,0,0,1,1,0.13965949133198285,0.8848383086630132,0.012329368360988486,0.10389128471090825,0.10389128471090825
51,0,1,0,1,1,1,1,0,0,1,0,1,0,0,1,1,0,0,0,0.6448783038783277,0.681854139199785,0.003334724055742794,0.03591111081215892,0.03591111081215892
72,0,1,0,1,1,1,1,0,1,1,1,1,1,0,1,0,1,0,1,1.3727922509023371,0.6419575496164033,0.002490279067928491,0.027529416300707155,0.027529416300707155
65,0,1,0,0,0,1,0,0,0,0,0,0,0,0,1,0,1,0,0,-1.2978874588410045,0.6537547892731487,0.002719403042122667,0.02984713825493901,0.02984713825493901
2,1,1,0,0,0,1,0,1,0,0,0,0,0,0,0,0,0,0,0,-0.6231544394534522,0.9544211124058478,0.01918286543259826,0.13658902706858933,0.13658902706858933
70,0,1,0,0,1,1,0,1,1,1,0,1,0,0,1,1,0,0,0,0.005045268252200322,0.6452021175658147,0.002551672337160255,0.02815370280249474,0.02815370280249474
72,0,1,0,1,0,1,0,1,0,1,1,1,1,1,1,0,1,0,1,0.68642590359431,0.6419575496164033,0.002490279067928491,0.027529416300707155,0.027529416300707155
1,0,0,0,1,1,1,0,0,0,0,0,0,0,0,0,0,0,0,0,-1.487344513545884,0.9743124842439652,0.02235010364622835,0.1468274853100915,0.1468274853100915
1,1,0,1,1,0,1,1,0,0,1,0,0,0,0,0,0,0,0,1,0.3856212816505982,0.9743124842439652,0.02235010364622835,0.1468274853100915,0.1468274853100915
5,1,0,0,0,0,1,1,0,0,0,1,0,1,1,1,0,0,1,1,1.1866590041747367,0.9085818526659613,0.014256987321705751,0.11453932573635439,0.11453932573635439
3,0,1,0,0,0,1,0,0,0,0,0,0,0,0,0,0,0,0,0,-1.465739761693573,0.9373188893787414,0.017092860770546496,0.12812771737333695,0.12812771737333695
58,0,1,0,0,0,1,0,0,0,0,0,0,0,0,1,0,1,0,1,-1.3128445947387584,0.6669419291751147,0.0029954745981990286,0.0325962586220786,0.0325962586220786
22,1,1,1,1,1,0,0,1,1,0,0,0,0,1,0,0,0,0,0,-0.8225829180901671,0.7772239626242997,0.006339847981342745,0.0625297608539006,0.0625297608539006
33,0,1,1,1,0,1,1,0,0,1,0,0,1,1,1,0,0,0,1,1.189982812152015,0.732029255003116,0.004715929386838689,0.04872789424351476,0.04872789424351476
1,1,1,0,0,0,1,1,0,0,0,0,0,0,0,0,0,0,1,0,0.1712356671161295,0.9743124842439652,0.02235010364622835,0.1468274853100915,0.1468274853100915
54,0,1,1,1,0,1,1,0,0,0,0,0,0,0,1,0,0,0,0,0.3058498901959121,0.6752256920763566,0.003180258311786613,0.03441034838970081,0.03441034838970081
72,0,1,0,1,0,1,1,0,0,1,0,0,1,1,1,0,1,1,1,1.1500971164246725,0.6419575496164033,0.002490279067928491,0.027529416300707155,0.027529416300707155
1,1,1,0,0,1,1,1,0,0,0,0,0,1,1,1,0,0,1,1,0.9473448298106786,0.9743124842439652,0.02235010364622835,0.1468274853100915,0.1468274853100915
3,1,1,0,0,0,1,0,1,0,0,1,0,0,0,0,0,0,1,1,-0.520116392157816,0.9373188893787414,0.017092860770546496,0.12812771737333695,0.12812771737333695
72,0,0,0,1,1,1,1,0,1,1,1,1,0,1,1,0,1,0,0,1.4176636585955984,0.6419575496164033,0.002490279067928491,0.027529416300707155,0.027529416300707155
72,0,0,0,1,1,1,0,1,1,1,1,0,1,1,1,0,1,0,1,0.6249354560146559,0.6419575496164033,0.002490279067928491,0.027529416300707155,0.027529416300707155
54,0,1,1,1,0,1,1,0,0,0,1,0,1,1,1,0,0,0,1,1.1384637885041973,0.6752256920763566,0.003180258311786613,0.03441034838970081,0.03441034838970081
59,0,0,0,1,0,1,0,1,0,1,0,1,1,1,1,1,0,1,1,0.5086021768099055,0.6649614286359096,0.0029526183444970946,0.03217256791019485,0.03217256791019485
54,0,1,0,0,0,1,0,1,1,1,0,0,1,0,0,0,1,0,1,0.016678596172675177,0.6752256920763566,0.003180258311786613,0.03441034838970081,0.03441034838970081
60,0,1,0,0,0,1,1,0,0,0,1,0,1,0,1,0,1,1,1,0.8227020306627317,0.6630148153227823,0.0029109829180785306,0.031759872056746574,0.031759872056746574
60,0,0,0,1,0,0,0,1,0,1,1,1,1,1,0,0,1,0,0,-0.1328927628048611,0.6630148153227823,0.0029109829180785306,0.031759872056746574,0.031759872056746574
3,0,1,0,0,0,1,1,0,0,0,0,0,0,0,1,0,0,1,0,0.322468930082305,0.9373188893787414,0.017092860770546496,0.12812771737333695,0.12812771737333695
69,0,0,0,1,0,1,1,0,1,0,0,0,1,1,1,0,1,0,0,1.141787596481476,0.6468608243449303,0.002583528294433392,0.028476690845760766,0.028476690845760766
1,0,0,0,1,1,1,0,0,0,0,0,0,0,0,0,0,0,1,0,-1.5139349773641124,0.9743124842439652,0.02235010364622835,0.1468274853100915,0.1468274853100915
50,0,1,0,1,1,0,0,1,1,0,0,0,1,0,0,0,0,0,1,-0.8425257659538385,0.6841504128114664,0.003389643293482253,0.03644129666249096,0.03644129666249096
56,0,0,0,0,0,0,0,1,0,0,0,0,1,1,0,0,0,0,1,-0.6630401351807951,0.6710090587453561,0.003085072619735503,0.03347844798497823,0.03347844798497823
60,0,0,0,1,0,1,1,0,1,0,0,1,1,1,0,0,1,1,1,1.0769733409245437,0.6630148153227823,0.0029109829180785306,0.031759872056746574,0.031759872056746574
69,0,1,1,1,0,1,1,0,1,0,1,1,1,1,1,1,0,0,1,1.5207017058912342,0.6468608243449303,0.002583528294433392,0.028476690845760766,0.028476690845760766
1,1,0,0,0,0,0,0,1,0,0,0,0,0,1,0,0,0,0,0,-0.9887733169540964,0.9743124842439652,0.02235010364622835,0.1468274853100915,0.1468274853100915
1,1,0,1,0,0,1,1,0,0,1,0,0,0,0,0,0,0,1,1,0.2726118104231262,0.9743124842439652,0.02235010364622835,0.1468274853100915,0.1468274853100915
3,0,0,0,1,0,1,0,0,0,0,0,0,0,0,0,0,0,0,1,-1.4923302255118018,0.9373188893787414,0.017092860770546496,0.12812771737333695,0.12812771737333695
60,0,1,0,1,1,1,0,1,0,1,0,1,1,1,0,0,1,0,0,0.4039022255256304,0.6630148153227823,0.0029109829180785306,0.031759872056746574,0.031759872056746574
13,0,0,0,0,0,0,0,1,0,0,1,1,0,0,0,0,1,0,0,-0.9771399890336213,0.8312566322761956,0.008894046614766308,0.0818402613059327,0.0818402613059327
62,0,1,0,1,1,1,0,0,0,0,0,0,0,0,0,0,1,0,0,-1.4740492816367694,0.6592190846564381,0.0028311702861325673,0.03096578220998969,0.03096578220998969
45,0,0,0,0,0,1,1,0,1,1,0,0,0,1,1,1,0,0,0,1.0620162050267898,0.6963590108821652,0.0036942216775406023,0.039349803973645514,0.039349803973645514
25,0,0,0,0,0,0,0,1,0,0,1,1,1,1,0,1,0,1,0,-0.35226408930524744,0.7632263722784222,0.005792955912006608,0.05802443652851541,0.05802443652851541
44,0,1,0,0,0,1,1,0,0,0,1,1,1,1,0,0,1,0,0,1.1733637722656223,0.6989597866938809,0.0037619201221218337,0.03998903582240876,0.03998903582240876
2,0,0,0,0,0,1,0,1,0,0,0,0,0,0,0,0,0,0,1,-0.6497449032716808,0.9544211124058478,0.01918286543259826,0.13658902706858933,0.13658902706858933
33,1,1,1,0,0,1,1,0,0,1,1,0,0,0,1,0,0,0,1,0.6332449759578523,0.732029255003116,0.004715929386838689,0.04872789424351476,0.04872789424351476
1,1,0,0,0,0,1,1,0,0,0,0,0,0,0,0,0,0,1,1,0.1762213790820471,0.9743124842439652,0.02235010364622835,0.1468274853100915,0.1468274853100915
22,0,0,0,0,0,1,0,0,0,0,0,0,0,0,0,1,0,0,0,-1.4607540497276552,0.7772239626242997,0.006339847981342745,0.0625297608539006,0.0625297608539006
35,0,0,0,0,0,0,0,1,0,0,1,1,0,0,0,0,0,0,1,-1.0419542445905536,0.7253108322429414,0.004507451042951911,0.04686012202126277,0.04686012202126277
29,0,0,0,1,1,1,0,0,0,0,0,0,0,0,0,0,1,0,0,-1.4823588015799658,0.746664964341879,0.005198070769814978,0.05296124339833497,0.05296124339833497
27,0,1,1,1,0,1,1,0,1,0,1,0,0,0,1,1,0,1,1,0.7013830394920637,0.7546760980475697,0.005479040808994945,0.05537422178102336,0.05537422178102336
54,0,1,0,0,1,1,0,1,0,1,1,1,0,0,0,1,0,1,1,-0.12624514685030383,0.6752256920763566,0.003180258311786613,0.03441034838970081,0.03441034838970081
2,1,0,1,0,0,1,1,0,0,0,0,0,0,0,0,0,0,1,1,0.1945023229570797,0.9544211124058478,0.01918286543259826,0.13658902706858933,0.13658902706858933
57,0,1,0,0,0,1,1,0,0,0,0,0,1,0,1,1,0,1,1,0.7346211192648495,0.6689574203086703,0.003039606595789443,0.03303139376725084,0.03303139376725084
62,0,1,0,0,0,1,0,1,1,1,1,1,0,0,1,0,1,0,0,0.15295472324109738,0.6592190846564381,0.0028311702861325673,0.03096578220998969,0.03096578220998969
15,0,0,0,1,1,1,0,0,0,0,0,0,0,0,0,1,0,0,0,-1.477373089614048,0.817222359631732,0.00815567933565363,0.07653518145581295,0.07653518145581295
2,1,1,0,0,0,1,0,0,0,0,0,0,0,0,0,0,0,0,0,-1.477373089614048,0.9544211124058478,0.01918286543259826,0.13658902706858933,0.13658902706858933
70,0,0,0,1,0,1,1,0,0,0,1,1,1,1,1,0,1,0,1,1.3129637073113227,0.6452021175658147,0.002551672337160255,0.02815370280249474,0.02815370280249474
21,0,0,0,1,1,1,0,1,0,0,0,0,0,0,0,0,0,1,1,-0.6597163272035164,0.7822470612896891,0.006546583090128551,0.06419686154369075,0.06419686154369075
23,0,0,0,0,1,1,0,1,0,0,0,1,0,0,0,1,0,1,1,-0.5101449682259801,0.7723876776489026,0.006146116983133188,0.060949762364490456,0.060949762364490456
6,0,1,0,0,0,1,0,0,0,0,0,0,0,0,0,1,0,0,0,-1.4690635696708516,0.8962011910421149,0.01321361285882388,0.10892151775419001,0.10892151775419001
4,0,1,0,1,1,1,0,0,0,0,0,0,0,0,0,0,1,0,0,-1.5039635534322768,0.9221895280070969,0.015517187361763772,0.12087777811840728,0.12087777811840728
3,1,0,0,0,0,1,1,0,1,0,1,0,1,1,0,0,0,0,1,1.1368018845155579,0.9373188893787414,0.017092860770546496,0.12812771737333695,0.12812771737333695
23,0,0,0,0,0,1,1,0,0,0,0,0,1,1,1,0,0,1,1,0.9539924457652359,0.7723876776489026,0.006146116983133188,0.060949762364490456,0.060949762364490456
26,0,1,0,0,0,0,0,1,1,0,0,1,1,1,0,1,0,0,0,-0.34063076138477255,0.7588796606729277,0.005631521405658712,0.05666748667997901,0.05666748667997901
8,0,0,0,0,1,1,0,0,0,0,0,0,0,0,0,0,0,0,0,-1.487344513545884,0.8743368175545859,0.01156705087089483,0.09935054964947354,0.09935054964947354
26,1,1,0,0,0,1,1,0,0,0,0,0,0,1,1,0,0,1,1,0.6365687839351312,0.7588796606729277,0.005631521405658712,0.05666748667997901,0.05666748667997901
2,0,1,0,0,0,1,1,0,0,1,0,0,0,0,1,0,0,1,1,0.48699742495759496,0.9544211124058478,0.01918286543259826,0.13658902706858933,0.13658902706858933
67,1,1,0,0,0,1,1,0,1,1,1,1,1,1,1,0,1,0,0,1.7084968566074745,0.6502545080837984,0.0026497095459112013,0.029145652408135048,0.029145652408135048
71,1,0,0,1,0,1,1,0,0,0,0,0,1,1,1,0,1,0,1,0.9606400617197931,0.6435679119154606,0.0025205988088756303,0.02783802704790539,0.02783802704790539
59,0,0,0,0,0,1,0,1,1,1,1,1,0,1,1,1,0,0,0,0.500292656866709,0.6649614286359096,0.0029526183444970946,0.03217256791019485,0.03217256791019485
39,0,1,0,1,1,1,1,0,0,0,1,0,1,1,1,1,0,1,0,1.170039964288344,0.7128864964214463,0.00414205349534239,0.043530572366621945,0.043530572366621945
21,0,1,0,0,1,1,0,0,0,0,0,0,0,0,0,0,1,0,0,-1.5023016494436374,0.7822470612896891,0.006546583090128551,0.06419686154369075,0.06419686154369075
1,1,1,0,0,0,1,0,0,0,0,0,0,0,0,0,0,0,0,0,-1.4989778414663588,0.9743124842439652,0.02235010364622835,0.1468274853100915,0.1468274853100915
48,0,0,0,1,1,1,0,0,0,0,0,0,0,0,0,0,1,0,0,-1.4823588015799658,0.6888828979881829,0.003505164885370563,0.03755076913789834,0.03755076913789834
31,0,0,1,1,0,0,0,1,1,1,1,0,0,1,0,1,0,0,1,-0.47856879244183376,0.7391329118702427,0.004945042598351195,0.05075440110013929,0.05075440110013929
64,0,0,0,1,1,1,1,0,1,1,1,1,1,1,1,1,0,1,0,1.6137683292550344,0.6555468612609421,0.002755656035094927,0.030210834407233156,0.030210834407233156
46,0,1,0,1,1,1,1,0,0,1,0,0,0,0,1,0,0,0,1,0.5052783688326271,0.6938140321924815,0.003628947567853564,0.038730988089776375,0.038730988089776375
52,0,0,0,0,0,1,0,1,0,0,1,1,1,1,1,0,1,0,1,0.5368545446167737,0.6796022882225629,0.00328157591746785,0.03539633014558485,0.03539633014558485
67,0,0,0,1,1,1,0,0,0,0,0,0,0,0,1,0,1,0,1,-1.3261398266478726,0.6502545080837984,0.0026497095459112013,0.029145652408135048,0.029145652408135048
67,0,0,1,0,0,1,0,1,0,1,0,0,0,0,1,0,0,1,0,-0.3289974334642975,0.6502545080837984,0.0026497095459112013,0.029145652408135048,0.029145652408135048
5,1,0,0,0,0,1,1,0,0,0,0,0,0,0,1,0,0,1,0,0.35736891384373,0.9085818526659613,0.014256987321705751,0.11453932573635439,0.11453932573635439
71,0,0,0,1,0,1,1,0,0,1,1,1,1,1,1,0,1,1,0,1.4774922021866128,0.6435679119154606,0.0025205988088756303,0.02783802704790539,0.02783802704790539
9,1,0,0,0,0,1,1,0,0,0,0,0,1,0,0,0,0,0,1,0.42716888136658054,0.8645756330248363,0.010901071741709328,0.09522425637547682,0.09522425637547682
26,1,0,1,0,0,1,1,0,1,1,0,0,0,1,1,0,0,1,1,1.0038495654244146,0.7588796606729277,0.005631521405658712,0.05666748667997901,0.05666748667997901
71,0,1,0,0,0,1,1,0,1,1,1,1,1,1,1,1,0,0,1,1.711820664584753,0.6435679119154606,0.0025205988088756303,0.02783802704790539,0.02783802704790539
32,0,0,0,0,0,1,0,0,0,0,0,0,0,0,0,0,0,0,0,-1.4923302255118018,0.7355303895625583,0.00482771692436557,0.04972004336955682,0.04972004336955682
2,0,0,0,0,0,1,1,0,0,0,0,0,0,0,0,0,0,1,0,0.18453089902524356,0.9544211124058478,0.01918286543259826,0.13658902706858933,0.13658902706858933
71,0,0,0,1,0,1,0,0,0,0,0,0,0,0,1,0,1,0,0,-1.3028731708069223,0.6435679119154606,0.0025205988088756303,0.02783802704790539,0.02783802704790539
60,0,0,0,0,0,0,0,1,1,0,1,0,0,1,0,1,0,1,1,-0.6763353670899094,0.6630148153227823,0.0029109829180785306,0.031759872056746574,0.031759872056746574
55,0,0,1,0,0,1,1,0,0,0,1,0,1,1,1,1,0,1,1,1.175025676254262,0.6730980579890953,0.0031319345818057722,0.033937922764987416,0.033937922764987416
54,1,1,0,0,0,1,1,0,1,1,0,1,1,1,0,1,0,0,1,1.3495255950613876,0.6752256920763566,0.003180258311786613,0.03441034838970081,0.03441034838970081
2,1,1,0,0,0,1,1,0,0,0,1,0,1,1,0,0,0,1,1,1.0321019332312824,0.9544211124058478,0.01918286543259826,0.13658902706858933,0.13658902706858933
6,0,0,0,0,0,1,1,0,0,0,0,0,0,0,1,0,0,0,1,0.300864178229994,0.8962011910421149,0.01321361285882388,0.10892151775419001,0.10892151775419001
48,0,0,0,1,1,1,0,1,1,1,1,0,0,1,0,0,1,0,1,0.1762213790820471,0.6888828979881829,0.003505164885370563,0.03755076913789834,0.03755076913789834
63,0,1,0,1,1,1,0,0,0,0,0,0,0,0,1,0,1,0,0,-1.3145064987273976,0.6573679996492523,0.0027928980105273514,0.030583600220822293,0.030583600220822293
1,1,1,0,0,0,1,1,0,0,1,0,0,0,0,1,0,0,1,1,0.4770260010257593,0.9743124842439652,0.02235010364622835,0.1468274853100915,0.1468274853100915
12,0,1,0,0,1,1,0,0,0,0,0,0,0,0,0,0,0,0,0,-1.454106433773098,0.8388580793219884,0.009318867014819062,0.08479678961103854,0.08479678961103854
54,0,1,1,1,0,0,0,1,0,0,0,0,0,0,0,0,0,0,1,-1.3244779226592331,0.6752256920763566,0.003180258311786613,0.03441034838970081,0.03441034838970081
30,0,0,0,1,1,1,0,1,0,0,1,1,1,0,0,1,0,1,1,-0.009911867645553398,0.7428424163487329,0.0050683354621543905,0.051833777579476825,0.051833777579476825
30,1,0,0,1,0,1,0,0,0,0,0,0,0,0,0,0,0,0,0,-1.5006397454549982,0.7428424163487329,0.0050683354621543905,0.051833777579476825,0.051833777579476825
4,1,0,0,0,0,1,1,0,0,0,0,0,1,0,0,0,0,1,1,0.47204028905984124,0.9221895280070969,0.015517187361763772,0.12087777811840728,0.12087777811840728
40,0,0,0,0,0,1,1,0,0,0,1,1,1,1,1,1,0,0,1,1.3678065389364196,0.7099691459680679,0.004059910336396862,0.04277208089669704,0.04277208089669704
9,0,0,0,1,1,1,1,0,0,0,0,1,0,0,0,0,0,1,1,0.3673403377755657,0.8645756330248363,0.010901071741709328,0.09522425637547682,0.09522425637547682
17,1,0,0,1,1,1,1,0,1,0,0,1,1,0,0,0,0,1,0,0.899149614140139,0.8045134998853144,0.007534869537132169,0.07190499047148602,0.07190499047148602
62,0,0,0,0,0,0,0,1,0,1,1,0,0,1,0,0,1,0,1,-0.7045877348967773,0.6592190846564381,0.0028311702861325673,0.03096578220998969,0.03096578220998969
28,0,1,0,0,0,1,1,0,0,1,0,1,1,0,0,1,0,0,1,0.8792067662764678,0.7506071373425116,0.0053347764644180165,0.05414016114784159,0.05414016114784159
70,0,0,0,0,0,1,0,1,1,1,1,1,1,1,1,0,1,0,0,0.8293496466172889,0.6452021175658147,0.002551672337160255,0.02815370280249474,0.02815370280249474
46,0,0,0,0,0,1,1,0,0,1,1,1,1,1,0,0,1,0,1,1.3162875152886018,0.6938140321924815,0.003628947567853564,0.038730988089776375,0.038730988089776375
23,0,0,0,1,0,1,1,0,0,0,1,0,0,1,1,0,0,0,0,0.8426448785264035,0.7723876776489026,0.006146116983133188,0.060949762364490456,0.060949762364490456
47,0,1,0,1,1,0,0,1,1,0,1,1,0,0,0,1,0,1,0,-0.8142733981469708,0.6913226781406935,0.0035659686558325962,0.038131613989117574,0.038131613989117574
68,0,1,0,1,1,1,1,0,1,1,1,0,1,1,0,0,1,0,1,1.3445398830954693,0.6485447168747005,0.0026161967996319807,0.028807250213664037,0.028807250213664037
60,1,0,1,0,0,1,1,0,0,0,1,1,1,1,1,1,0,1,1,1.3694684429250588,0.6630148153227823,0.0029109829180785306,0.031759872056746574,0.031759872056746574
67,0,0,0,0,1,1,1,0,0,1,0,1,1,1,1,0,1,1,1,1.3029922833794871,0.6502545080837984,0.0026497095459112013,0.029145652408135048,0.029145652408135048
14,0,0,0,0,0,1,0,1,0,0,0,1,1,1,0,0,0,1,1,0.16126424318429386,0.8240576612486123,0.008508086494505379,0.07909398048302463,0.07909398048302463
57,0,1,0,1,1,1,1,0,0,0,0,0,0,0,1,0,0,1,1,0.3158213141277477,0.6689574203086703,0.003039606595789443,0.03303139376725084,0.03303139376725084
55,0,0,0,1,1,1,1,0,1,0,0,0,1,1,1,1,0,0,0,1.1999542360838513,0.6730980579890953,0.0031319345818057722,0.033937922764987416,0.033937922764987416
1,0,1,0,0,0,1,0,0,0,0,0,0,0,0,0,0,0,0,1,-1.4806968975913266,0.9743124842439652,0.02235010364622835,0.1468274853100915,0.1468274853100915
1,1,1,0,0,1,1,0,1,0,0,0,1,0,0,0,0,0,0,1,-0.49518783232822666,0.9743124842439652,0.02235010364622835,0.1468274853100915,0.1468274853100915
23,0,1,0,0,0,1,1,0,0,0,1,1,1,0,1,0,0,0,1,1.0670019169927079,0.7723876776489026,0.006146116983133188,0.060949762364490456,0.060949762364490456
13,1,0,0,0,0,1,1,0,1,0,0,0,1,1,1,0,0,1,1,1.1816732922088187,0.8312566322761956,0.008894046614766308,0.0818402613059327,0.0818402613059327
47,0,1,0,1,0,1,1,0,0,1,1,0,1,1,1,0,0,1,1,1.3063160913567655,0.6913226781406935,0.0035659686558325962,0.038131613989117574,0.038131613989117574
38,0,1,0,0,0,1,0,0,0,0,0,0,0,0,0,1,0,0,0,-1.4856826095572444,0.7158758576100376,0.0042276442662364,0.04431696426317133,0.04431696426317133
38,1,0,1,1,0,1,1,0,0,0,0,0,0,0,1,0,0,0,1,0.3374260659800587,0.7158758576100376,0.0042276442662364,0.04431696426317133,0.04431696426317133
2,0,0,1,0,0,1,0,1,0,1,0,0,0,0,1,0,0,0,1,-0.2741546018392009,0.9544211124058478,0.01918286543259826,0.13658902706858933,0.13658902706858933
1,1,1,1,1,1,1,0,1,0,0,0,1,0,0,0,0,0,0,1,-0.5167925841805374,0.9743124842439652,0.02235010364622835,0.1468274853100915,0.1468274853100915
15,0,1,0,1,0,1,1,0,0,0,0,0,0,0,0,0,0,0,1,0.12636425942286833,0.817222359631732,0.00815567933565363,0.07653518145581295,0.07653518145581295
26,0,0,0,0,0,1,1,0,0,0,0,0,0,0,0,0,0,0,1,0.14132139532062207,0.7588796606729277,0.005631521405658712,0.05666748667997901,0.05666748667997901
35,0,0,0,1,1,1,0,0,0,0,0,0,0,0,0,0,1,0,0,-1.4989778414663588,0.7253108322429414,0.004507451042951911,0.04686012202126277,0.04686012202126277
3,0,1,0,0,1,1,0,0,0,0,0,0,0,0,0,0,0,0,1,-1.487344513545884,0.9373188893787414,0.017092860770546496,0.12812771737333695,0.12812771737333695
50,1,1,0,1,1,1,1,0,0,1,0,1,1,1,1,0,0,1,0,1.2930208594476515,0.6841504128114664,0.003389643293482253,0.03644129666249096,0.03644129666249096
42,0,1,0,1,0,1,1,0,1,0,1,0,0,1,1,0,0,1,1,0.9839067175607433,0.7043380877631116,0.0039051573709433167,0.0413329850998293,0.0413329850998293
10,0,1,0,1,0,1,0,1,1,0,0,1,0,0,0,0,0,0,1,-0.327335529475658,0.8554585264638187,0.010313003097985489,0.09145336847937524,0.09145336847937524
61,0,0,0,1,0,1,1,0,1,1,0,1,0,1,0,1,0,0,0,0.9606400617197931,0.6611010360108607,0.002870516527482457,0.031357744906887475,0.031357744906887475
68,0,0,0,0,0,1,1,0,1,1,0,1,1,1,1,0,1,0,0,1.5107302819593986,0.6485447168747005,0.0026161967996319807,0.028807250213664037,0.028807250213664037
10,0,1,0,0,0,1,1,0,1,0,1,0,1,1,0,1,0,1,1,1.1334780765382795,0.8554585264638187,0.010313003097985489,0.09145336847937524,0.09145336847937524
65,1,1,0,1,0,1,1,0,1,1,1,0,0,0,1,1,0,1,0,0.8293496466172889,0.6537547892731487,0.002719403042122667,0.02984713825493901,0.02984713825493901
72,0,0,0,1,1,1,0,1,1,0,1,1,1,1,0,0,1,0,1,0.5202355047303808,0.6419575496164033,0.002490279067928491,0.027529416300707155,0.027529416300707155
55,0,1,0,1,1,1,1,0,0,1,0,1,0,0,0,0,0,1,0,0.48533552096895577,0.6730980579890953,0.0031319345818057722,0.033937922764987416,0.033937922764987416
1,1,0,0,0,0,1,0,0,0,0,0,0,0,0,0,0,0,0,1,-1.4790349936026874,0.9743124842439652,0.02235010364622835,0.1468274853100915,0.1468274853100915
7,0,0,0,0,0,1,0,1,0,0,1,1,0,1,0,0,0,0,0,-0.06641660325928941,0.8848383086630132,0.012329368360988486,0.10389128471090825,0.10389128471090825
2,0,0,0,0,0,1,1,0,0,0,0,0,0,0,1,0,0,0,1,0.3357641619914195,0.9544211124058478,0.01918286543259826,0.13658902706858933,0.13658902706858933
9,0,0,0,0,0,1,1,0,1,0,0,0,0,0,0,0,0,1,1,0.3341022580027798,0.8645756330248363,0.010901071741709328,0.09522425637547682,0.09522425637547682
27,0,1,0,0,1,1,0,0,0,0,0,0,0,0,1,0,1,0,1,-1.294563650863726,0.7546760980475697,0.005479040808994945,0.05537422178102336,0.05537422178102336
7,1,1,1,1,0,1,1,0,0,0,1,0,1,1,1,0,0,1,1,1.2348542198452763,0.8848383086630132,0.012329368360988486,0.10389128471090825,0.10389128471090825
64,0,0,0,1,0,1,0,1,0,1,1,1,0,1,0,0,1,0,1,0.11639283549103269,0.6555468612609421,0.002755656035094927,0.030210834407233156,0.030210834407233156
70,0,1,0,0,0,0,0,1,1,0,1,1,0,1,0,0,1,0,0,-0.5450449519874054,0.6452021175658147,0.002551672337160255,0.02815370280249474,0.02815370280249474
2,1,1,1,0,0,1,1,0,0,0,0,0,1,1,1,0,0,1,1,0.9706114856516288,0.9544211124058478,0.01918286543259826,0.13658902706858933,0.13658902706858933
67,0,1,1,0,0,1,1,0,1,1,0,1,1,1,0,0,1,1,1,1.3378922671409121,0.6502545080837984,0.0026497095459112013,0.029145652408135048,0.029145652408135048
45,1,0,0,0,0,1,1,0,0,1,0,0,1,0,1,0,0,0,1,0.8143925107195352,0.6963590108821652,0.0036942216775406023,0.039349803973645514,0.039349803973645514
24,0,0,0,0,0,1,0,0,0,0,0,0,0,0,1,0,1,0,0,-1.3178303067046762,0.7677256072562019,0.005964174846469762,0.05945002834593771,0.05945002834593771
4,0,1,0,1,1,1,0,0,0,0,0,0,0,0,0,0,1,0,0,-1.505625457420916,0.9221895280070969,0.015517187361763772,0.12087777811840728,0.12087777811840728
44,0,1,0,1,1,1,1,0,0,0,1,0,1,1,0,0,0,0,1,0.9357115018902038,0.6989597866938809,0.0037619201221218337,0.03998903582240876,0.03998903582240876
72,0,0,0,1,1,1,0,0,0,0,0,0,0,0,0,0,1,0,1,-1.465739761693573,0.6419575496164033,0.002490279067928491,0.027529416300707155,0.027529416300707155
1,1,0,0,0,0,1,1,0,0,1,0,0,0,0,0,0,0,0,1,0.3158213141277477,0.9743124842439652,0.02235010364622835,0.1468274853100915,0.1468274853100915
66,0,1,0,0,0,1,0,0,0,0,0,0,0,0,0,0,1,0,0,-1.5106111693868338,0.6519909407703324,0.0026840999053434323,0.029492182160968494,0.029492182160968494
1,1,1,0,0,0,0,0,1,0,1,0,1,0,1,0,0,0,0,1,-0.6696877511353523,0.9743124842439652,0.02235010364622835,0.1468274853100915,0.1468274853100915
13,1,1,0,1,1,1,1,0,1,0,0,0,0,1,0,0,0,1,0,0.6398925919124097,0.8312566322761956,0.008894046614766308,0.0818402613059327,0.0818402613059327
10,1,1,0,0,0,1,1,0,0,1,0,0,0,0,1,0,0,0,1,0.5285450246735772,0.8554585264638187,0.010313003097985489,0.09145336847937524,0.09145336847937524
65,0,1,1,1,0,1,1,0,0,1,1,0,1,1,1,0,0,1,1,1.314625611299962,0.6537547892731487,0.002719403042122667,0.02984713825493901,0.02984713825493901
1,0,1,0,0,1,1,0,0,0,0,0,0,0,0,0,0,0,0,0,-1.5039635534322768,0.9743124842439652,0.02235010364622835,0.1468274853100915,0.1468274853100915
38,0,1,0,1,1,1,0,1,1,1,1,1,1,0,0,1,0,1,0,0.30751179418455127,0.7158758576100376,0.0042276442662364,0.04431696426317133,0.04431696426317133
23,0,1,0,0,1,0,0,1,1,0,1,1,0,0,0,0,1,0,0,-0.8209210141015277,0.7723876776489026,0.006146116983133188,0.060949762364490456,0.060949762364490456
10,0,0,0,1,0,1,0,0,0,0,0,0,0,0,0,1,0,0,0,-1.4856826095572444,0.8554585264638187,0.010313003097985489,0.09145336847937524,0.09145336847937524
4,1,1,0,0,1,1,1,0,0,1,0,0,1,1,1,0,0,1,1,1.22654469990208,0.9221895280070969,0.015517187361763772,0.12087777811840728,0.12087777811840728
72,0,1,0,1,1,1,0,1,1,0,1,1,1,1,1,0,1,0,1,0.6232735520260166,0.6419575496164033,0.002490279067928491,0.027529416300707155,0.027529416300707155
35,0,0,0,1,0,1,0,1,0,1,0,1,0,0,0,0,0,1,0,-0.264183177907365,0.7253108322429414,0.004507451042951911,0.04686012202126277,0.04686012202126277
1,1,0,0,0,0,1,0,0,0,0,0,0,0,0,0,0,0,0,0,-1.4757111856254088,0.9743124842439652,0.02235010364622835,0.1468274853100915,0.1468274853100915
58,0,0,0,1,1,1,0,0,0,0,0,0,0,0,0,0,1,0,0,-1.5039635534322768,0.6669419291751147,0.0029954745981990286,0.0325962586220786,0.0325962586220786
70,0,1,0,1,1,1,1,0,0,1,1,1,1,1,0,1,0,1,1,1.374454154890977,0.6452021175658147,0.002551672337160255,0.02815370280249474,0.02815370280249474
38,0,1,0,1,1,1,0,1,0,1,1,0,1,1,1,1,0,0,0,0.47037838507120205,0.7158758576100376,0.0042276442662364,0.04431696426317133,0.04431696426317133
60,0,0,0,1,1,0,0,1,0,1,0,0,1,1,0,0,0,1,1,-0.5001735442941445,0.6630148153227823,0.0029109829180785306,0.031759872056746574,0.031759872056746574
26,0,1,0,0,0,1,1,0,1,1,0,0,1,0,1,0,0,0,1,0.9174305580151716,0.7588796606729277,0.005631521405658712,0.05666748667997901,0.05666748667997901
8,0,0,0,0,0,1,0,1,1,1,0,1,0,0,0,1,0,0,0,-0.21931177021410408,0.8743368175545859,0.01156705087089483,0.09935054964947354,0.09935054964947354
41,1,1,0,1,1,1,1,0,0,0,1,1,1,1,1,1,0,1,1,1.2564589716975867,0.7071206594283597,0.003981008341391358,0.042040010297382246,0.042040010297382246
36,0,0,1,1,0,1,1,0,0,1,0,0,1,0,1,0,0,0,1,0.9024734221174179,0.7220842981429184,0.004410087057617903,0.045979950318991825,0.045979950318991825
54,0,1,1,0,0,1,0,1,0,0,1,1,0,1,0,1,0,0,0,0.015016692184035979,0.6752256920763566,0.003180258311786613,0.03441034838970081,0.03441034838970081
71,1,1,0,1,1,1,1,0,0,1,1,0,1,1,1,0,1,0,1,1.3694684429250588,0.6435679119154606,0.0025205988088756303,0.02783802704790539,0.02783802704790539
55,0,0,0,0,0,1,1,0,0,0,0,0,0,0,1,0,0,1,1,0.2759356184004046,0.6730980579890953,0.0031319345818057722,0.033937922764987416,0.033937922764987416
72,0,0,0,0,0,1,0,1,1,1,0,0,0,0,1,0,1,0,0,-0.16779274656628612,0.6419575496164033,0.002490279067928491,0.027529416300707155,0.027529416300707155
3,1,0,0,0,1,1,0,1,1,0,0,1,0,0,0,0,0,0,1,-0.32234981750974023,0.9373188893787414,0.017092860770546496,0.12812771737333695,0.12812771737333695
54,0,0,0,1,1,1,0,1,0,1,1,0,0,0,1,0,1,0,1,-0.16613084257764693,0.6752256920763566,0.003180258311786613,0.03441034838970081,0.03441034838970081
72,0,1,0,1,1,1,1,0,1,1,1,1,1,1,1,0,1,0,1,1.7217920885165885,0.6419575496164033,0.002490279067928491,0.027529416300707155,0.027529416300707155
52,0,1,0,0,0,1,1,0,1,0,1,1,1,1,1,0,1,1,1,1.479154106175252,0.6796022882225629,0.00328157591746785,0.03539633014558485,0.03539633014558485
60,0,0,1,0,0,1,1,0,1,0,0,0,1,1,1,1,0,0,1,1.2165732759702441,0.6630148153227823,0.0029109829180785306,0.031759872056746574,0.031759872056746574
39,0,0,0,0,0,0,0,1,0,0,1,0,1,1,0,0,0,0,1,-0.4702592724986373,0.7128864964214463,0.00414205349534239,0.043530572366621945,0.043530572366621945
15,0,0,0,0,0,1,0,1,0,0,0,0,1,0,0,1,0,0,0,-0.2874498337483152,0.817222359631732,0.00815567933565363,0.07653518145581295,0.07653518145581295
69,1,1,0,0,0,1,1,0,0,0,1,1,1,1,1,0,1,0,1,1.3860874828114518,0.6468608243449303,0.002583528294433392,0.028476690845760766,0.028476690845760766
43,0,1,0,1,1,1,0,0,0,0,0,0,0,0,0,1,0,0,1,-1.5155968813527516,0.7016186635948665,0.003832182002392298,0.04064972482294138,0.04064972482294138
63,0,0,1,0,0,1,0,1,1,1,1,1,1,0,1,1,0,0,0,0.6049926081509845,0.6573679996492523,0.0027928980105273514,0.030583600220822293,0.030583600220822293
2,0,1,1,1,0,1,1,0,0,0,0,0,0,0,0,0,0,1,0,0.1762213790820471,0.9544211124058478,0.01918286543259826,0.13658902706858933,0.13658902706858933
72,0,0,0,1,1,1,1,0,1,1,1,1,1,1,0,0,1,0,1,1.4459160264024662,0.6419575496164033,0.002490279067928491,0.027529416300707155,0.027529416300707155
32,1,0,0,1,1,1,1,0,0,0,1,0,0,1,1,0,0,0,1,0.8725591503219104,0.7355303895625583,0.00482771692436557,0.04972004336955682,0.04972004336955682
40,0,1,0,1,1,1,0,0,0,0,0,0,0,0,1,0,1,0,0,-1.3145064987273976,0.7099691459680679,0.004059910336396862,0.04277208089669704,0.04277208089669704
58,0,0,0,1,0,0,0,1,1,1,0,0,1,0,0,1,0,1,1,-0.6464210952944022,0.6669419291751147,0.0029954745981990286,0.0325962586220786,0.0325962586220786
67,0,1,0,0,0,0,0,1,1,0,0,1,1,0,0,0,1,1,0,-0.6946163109649417,0.6502545080837984,0.0026497095459112013,0.029145652408135048,0.029145652408135048
51,1,0,1,1,0,1,1,0,1,0,0,0,0,0,1,0,0,1,1,0.4221831694006625,0.681854139199785,0.003334724055742794,0.03591111081215892,0.03591111081215892
31,0,1,0,1,0,1,0,1,0,0,1,1,1,1,1,1,0,0,1,0.4820117129916769,0.7391329118702427,0.004945042598351195,0.05075440110013929,0.05075440110013929
69,0,1,1,1,0,1,1,0,1,1,0,0,0,0,1,0,0,0,1,0.6681449597192779,0.6468608243449303,0.002583528294433392,0.028476690845760766,0.028476690845760766
32,0,1,0,1,0,1,1,0,0,0,0,1,0,0,1,1,0,1,1,0.4803498090030377,0.7355303895625583,0.00482771692436557,0.04972004336955682,0.04972004336955682
21,0,0,0,0,0,1,0,1,1,1,0,1,1,0,0,0,1,0,0,0.20779755486619372,0.7822470612896891,0.006546583090128551,0.06419686154369075,0.06419686154369075
52,0,1,0,0,0,1,0,1,1,0,1,0,0,0,0,1,0,1,0,-0.36722122520300116,0.6796022882225629,0.00328157591746785,0.03539633014558485,0.03539633014558485
72,0,0,0,1,1,1,0,0,0,0,0,0,0,0,1,0,1,0,0,-1.3477445785001834,0.6419575496164033,0.002490279067928491,0.027529416300707155,0.027529416300707155
72,1,0,0,1,0,0,0,1,0,1,1,0,1,1,0,0,1,1,1,-0.35226408930524744,0.6419575496164033,0.002490279067928491,0.027529416300707155,0.027529416300707155
52,0,1,0,1,1,0,0,1,1,0,1,0,0,1,0,1,0,0,0,-0.6829829830444666,0.6796022882225629,0.00328157591746785,0.03539633014558485,0.03539633014558485
41,0,0,0,0,0,1,0,1,0,0,0,1,0,0,0,1,0,0,0,-0.4902021203623088,0.7071206594283597,0.003981008341391358,0.042040010297382246,0.042040010297382246
41,0,1,0,0,0,1,0,0,0,0,0,0,0,0,0,0,1,0,0,-1.4840207055686052,0.7071206594283597,0.003981008341391358,0.042040010297382246,0.042040010297382246
6,1,0,0,0,0,1,1,0,0,0,0,0,0,0,0,0,0,0,1,0.14796901127517934,0.8962011910421149,0.01321361285882388,0.10892151775419001,0.10892151775419001
67,0,1,0,1,1,1,0,1,1,1,1,1,0,0,1,1,0,0,1,0.15129281925245772,0.6502545080837984,0.0026497095459112013,0.029145652408135048,0.029145652408135048
16,0,0,0,1,1,1,0,0,0,0,0,0,0,0,0,0,0,0,0,-1.5106111693868338,0.8107173068575363,0.007832475449686212,0.07414442618478301,0.07414442618478301
17,0,1,0,0,0,1,0,0,0,0,0,0,0,0,0,0,1,0,0,-1.5172587853413912,0.8045134998853144,0.007534869537132169,0.07190499047148602,0.07190499047148602
35,0,1,0,1,0,1,0,1,1,1,1,0,0,0,0,0,0,0,0,-0.12624514685030383,0.7253108322429414,0.004507451042951911,0.04686012202126277,0.04686012202126277
58,0,0,0,1,1,1,0,0,0,0,0,0,0,0,0,0,1,0,0,-1.4723873776481302,0.6669419291751147,0.0029954745981990286,0.0325962586220786,0.0325962586220786
1,1,1,0,0,0,1,0,1,0,0,1,0,0,0,0,0,0,1,1,-0.4752449844645551,0.9743124842439652,0.02235010364622835,0.1468274853100915,0.1468274853100915
52,0,1,0,1,1,0,0,1,0,1,1,1,1,0,0,0,1,0,0,-0.4852164083963908,0.6796022882225629,0.00328157591746785,0.03539633014558485,0.03539633014558485
70,0,0,0,0,0,1,0,1,1,0,1,1,1,1,0,0,1,0,0,0.49198313692351253,0.6452021175658147,0.002551672337160255,0.02815370280249474,0.02815370280249474
19,0,0,0,1,1,1,0,0,0,0,0,0,0,0,1,0,1,0,1,-1.3261398266478726,0.7929113200145855,0.0070048485392757275,0.06782398836650938,0.06782398836650938
1,1,1,1,0,0,1,1,0,0,0,0,0,0,0,1,0,0,1,1,0.31914512210502655,0.9743124842439652,0.02235010364622835,0.1468274853100915,0.1468274853100915
35,0,0,0,1,1,1,1,0,1,0,1,1,1,1,0,0,0,1,1,1.3993827147205662,0.7253108322429414,0.004507451042951911,0.04686012202126277,0.04686012202126277
32,0,0,0,0,0,1,1,0,0,0,1,0,1,1,1,0,0,1,1,1.2149113719816045,0.7355303895625583,0.00482771692436557,0.04972004336955682,0.04972004336955682
17,0,0,0,1,1,1,0,1,1,0,0,1,0,0,0,0,0,0,1,-0.3140402975665438,0.8045134998853144,0.007534869537132169,0.07190499047148602,0.07190499047148602
67,0,0,0,1,1,1,0,1,0,1,0,0,0,0,0,1,0,0,0,-0.4735830804759159,0.6502545080837984,0.0026497095459112013,0.029145652408135048,0.029145652408135048
9,0,0,0,0,0,1,0,0,0,0,0,0,0,0,0,0,0,0,0,-1.505625457420916,0.8645756330248363,0.010901071741709328,0.09522425637547682,0.09522425637547682
31,1,1,0,0,1,1,0,1,0,1,0,1,1,1,1,1,0,0,1,0.48699742495759496,0.7391329118702427,0.004945042598351195,0.05075440110013929,0.05075440110013929
4,0,1,0,0,0,1,1,0,1,0,0,0,1,0,1,0,0,1,0,0.8592639184127964,0.9221895280070969,0.015517187361763772,0.12087777811840728,0.12087777811840728
58,0,1,1,1,1,1,1,0,1,1,0,1,0,0,1,1,0,0,1,0.8326734545945673,0.6669419291751147,0.0029954745981990286,0.0325962586220786,0.0325962586220786
60,0,1,0,0,0,1,0,1,1,0,1,1,1,1,0,1,0,0,0,0.47204028905984124,0.6630148153227823,0.0029109829180785306,0.031759872056746574,0.031759872056746574
58,1,1,0,0,0,1,1,0,0,0,1,1,1,1,1,1,0,1,1,1.3245970352317982,0.6669419291751147,0.0029954745981990286,0.0325962586220786,0.0325962586220786
1,0,1,0,0,0,1,0,0,0,0,0,0,0,0,0,0,0,0,0,-1.5039635534322768,0.9743124842439652,0.02235010364622835,0.1468274853100915,0.1468274853100915
27,0,0,0,1,1,1,0,0,0,0,0,0,0,0,0,0,1,0,0,-1.4923302255118018,0.7546760980475697,0.005479040808994945,0.05537422178102336,0.05537422178102336
66,0,1,1,1,1,1,1,0,1,1,1,1,1,1,1,1,0,1,1,1.7101587605961137,0.6519909407703324,0.0026840999053434323,0.029492182160968494,0.029492182160968494
15,0,1,0,0,0,1,1,0,1,0,0,0,1,0,1,0,0,0,1,0.7628734870717173,0.817222359631732,0.00815567933565363,0.07653518145581295,0.07653518145581295
47,1,1,1,1,0,1,1,0,0,0,1,0,1,1,1,0,0,1,1,1.171701868276983,0.6913226781406935,0.0035659686558325962,0.038131613989117574,0.038131613989117574
41,0,0,0,0,0,1,1,0,1,0,0,0,0,0,1,0,0,0,1,0.5484878725372485,0.7071206594283597,0.003981008341391358,0.042040010297382246,0.042040010297382246
59,0,1,0,1,0,0,0,1,0,0,0,0,1,1,0,0,0,1,1,-0.6813210790558274,0.6649614286359096,0.0029526183444970946,0.03217256791019485,0.03217256791019485
50,0,0,0,0,1,1,1,0,0,0,0,0,0,0,0,0,1,0,0,0.18453089902524356,0.6841504128114664,0.003389643293482253,0.03644129666249096,0.03644129666249096
17,0,1,0,1,1,0,0,1,1,0,1,0,1,0,0,1,0,0,0,-0.6763353670899094,0.8045134998853144,0.007534869537132169,0.07190499047148602,0.07190499047148602
6,0,1,0,1,1,1,0,1,1,0,0,0,0,0,0,0,0,1,1,-0.520116392157816,0.8962011910421149,0.01321361285882388,0.10892151775419001,0.10892151775419001
51,0,1,1,1,0,0,0,1,0,1,0,0,0,0,0,0,0,0,1,-1.1749065636816969,0.681854139199785,0.003334724055742794,0.03591111081215892,0.03591111081215892
44,1,1,0,0,0,1,1,0,0,1,0,1,1,1,0,0,0,1,0,1.1883209081633759,0.6989597866938809,0.0037619201221218337,0.03998903582240876,0.03998903582240876
49,0,1,0,1,0,1,1,0,0,1,0,0,1,0,0,0,0,0,1,0.6814401916283919,0.6864927538867036,0.0034464244917631367,0.03698759780359384,0.03698759780359384
2,1,1,0,0,0,1,1,0,0,1,0,0,1,1,0,0,0,1,0,1.0254543172767256,0.9544211124058478,0.01918286543259826,0.13658902706858933,0.13658902706858933
59,0,1,0,1,0,1,0,1,1,0,0,1,0,1,1,1,0,0,1,0.14298329930926126,0.6649614286359096,0.0029526183444970946,0.03217256791019485,0.03217256791019485
50,0,1,1,0,0,1,0,1,1,1,0,0,1,0,1,0,0,0,1,0.18453089902524356,0.6841504128114664,0.003389643293482253,0.03644129666249096,0.03644129666249096
59,0,0,0,1,1,1,0,0,0,0,0,0,0,0,0,0,1,0,0,-1.4690635696708516,0.6649614286359096,0.0029526183444970946,0.03217256791019485,0.03217256791019485
18,0,1,0,0,0,1,1,0,0,0,0,0,0,0,1,0,0,0,0,0.3108356021618301,0.798585597100695,0.007259843514731271,0.06980238681281059,0.06980238681281059
10,0,1,0,0,0,1,1,0,0,0,0,0,0,0,1,0,0,1,0,0.3407498739573371,0.8554585264638187,0.010313003097985489,0.09145336847937524,0.09145336847937524
14,0,1,0,1,0,1,0,1,0,0,0,0,0,0,0,1,0,1,0,-0.6713496551239915,0.8240576612486123,0.008508086494505379,0.07909398048302463,0.07909398048302463
35,0,1,0,0,0,1,0,0,0,0,0,0,0,0,0,0,1,0,0,-1.4408112018639836,0.7253108322429414,0.004507451042951911,0.04686012202126277,0.04686012202126277
8,0,1,0,1,1,1,0,1,0,0,0,0,0,0,0,1,0,0,1,-0.7095734468626952,0.8743368175545859,0.01156705087089483,0.09935054964947354,0.09935054964947354
18,0,1,0,1,1,1,0,0,0,0,0,0,0,0,0,1,0,0,0,-1.487344513545884,0.798585597100695,0.007259843514731271,0.06980238681281059,0.06980238681281059
60,0,0,0,1,1,1,1,0,1,1,0,0,1,0,1,1,0,0,0,0.9755971976175468,0.6630148153227823,0.0029109829180785306,0.031759872056746574,0.031759872056746574
1,1,0,0,0,0,1,1,0,0,0,1,0,1,1,0,0,0,1,0,0.9839067175607433,0.9743124842439652,0.02235010364622835,0.1468274853100915,0.1468274853100915
6,0,0,0,0,0,1,0,0,0,0,0,0,0,0,0,0,1,0,0,-1.5039635534322768,0.8962011910421149,0.01321361285882388,0.10892151775419001,0.10892151775419001
19,0,0,0,0,1,1,0,1,1,1,0,1,1,0,1,0,0,0,1,0.3690022417642053,0.7929113200145855,0.0070048485392757275,0.06782398836650938,0.06782398836650938
53,0,1,0,1,1,1,0,1,1,1,0,1,0,0,1,1,0,0,0,-0.02154519556602825,0.6773932996244997,0.003230113874366814,0.03489628604896822,0.03489628604896822
72,0,1,1,1,0,1,1,0,1,1,1,0,1,1,1,0,1,0,1,1.4874636261184484,0.6419575496164033,0.002490279067928491,0.027529416300707155,0.027529416300707155
60,0,0,0,1,0,1,1,0,0,1,1,1,1,1,1,0,1,0,1,1.5290112258344308,0.6630148153227823,0.0029109829180785306,0.031759872056746574,0.031759872056746574
1,1,0,0,0,0,1,0,1,0,0,0,0,1,0,0,0,0,0,1,-0.32567362548701884,0.9743124842439652,0.02235010364622835,0.1468274853100915,0.1468274853100915
13,0,0,0,0,1,1,0,1,0,0,1,1,0,0,0,0,0,0,0,-0.3771926491348368,0.8312566322761956,0.008894046614766308,0.0818402613059327,0.0818402613059327
5,0,0,0,1,1,1,1,0,0,0,0,0,0,0,0,0,0,0,0,0.1712356671161295,0.9085818526659613,0.014256987321705751,0.11453932573635439,0.11453932573635439
1,1,1,0,0,0,1,1,0,0,0,1,0,1,1,1,0,0,1,1,1.2182351799588833,0.9743124842439652,0.02235010364622835,0.1468274853100915,0.1468274853100915
13,0,1,0,1,1,1,1,0,0,0,1,0,1,1,0,0,0,1,0,1.0703257249699862,0.8312566322761956,0.008894046614766308,0.0818402613059327,0.0818402613059327
37,0,1,0,0,0,1,0,1,1,1,1,1,1,1,1,1,0,0,1,0.8576020144241567,0.7189405920832638,0.0043169072108659315,0.0451328504105416,0.0451328504105416
64,0,1,0,1,0,1,1,0,1,0,0,0,0,0,0,0,0,0,1,0.2908927542981583,0.6555468612609421,0.002755656035094927,0.030210834407233156,0.030210834407233156
5,1,0,0,1,0,1,0,1,0,0,1,1,1,0,1,0,0,0,0,0.10475950757055784,0.9085818526659613,0.014256987321705751,0.11453932573635439,0.11453932573635439
61,0,0,0,1,0,1,1,0,0,1,0,1,0,1,1,0,1,0,1,0.9822448135721037,0.6611010360108607,0.002870516527482457,0.031357744906887475,0.031357744906887475
1,1,0,0,0,0,1,1,0,0,0,0,0,0,0,0,0,0,1,1,0.1562785312183758,0.9743124842439652,0.02235010364622835,0.1468274853100915,0.1468274853100915
1,1,1,0,0,0,1,0,0,0,0,0,0,0,0,0,0,0,0,1,-1.5272302092732268,0.9743124842439652,0.02235010364622835,0.1468274853100915,0.1468274853100915
26,0,1,0,0,0,1,0,0,0,0,0,0,0,0,0,1,0,0,0,-1.5089492653981946,0.7588796606729277,0.005631521405658712,0.05666748667997901,0.05666748667997901
1,1,0,0,0,0,1,1,0,0,0,0,0,0,0,0,0,0,1,1,0.14630710728654012,0.9743124842439652,0.02235010364622835,0.1468274853100915,0.1468274853100915
24,0,1,0,1,0,1,0,0,0,0,0,0,0,0,0,0,1,0,0,-1.4973159374777196,0.7677256072562019,0.005964174846469762,0.05945002834593771,0.05945002834593771
17,0,1,0,1,0,0,0,1,0,0,1,1,1,1,0,1,0,1,0,-0.33896885739613314,0.8045134998853144,0.007534869537132169,0.07190499047148602,0.07190499047148602
26,0,0,0,0,1,0,0,1,0,0,1,0,0,0,0,0,0,0,1,-1.163273235761222,0.7588796606729277,0.005631521405658712,0.05666748667997901,0.05666748667997901
1,1,1,0,0,0,1,1,0,0,0,0,0,0,0,0,0,0,1,1,0.16126424318429386,0.9743124842439652,0.02235010364622835,0.1468274853100915,0.1468274853100915
40,1,1,1,1,0,1,1,0,1,0,0,0,1,1,1,0,0,1,0,1.2315304118679975,0.7099691459680679,0.004059910336396862,0.04277208089669704,0.04277208089669704
52,0,1,0,0,0,1,1,0,0,1,1,0,1,1,1,0,0,1,1,1.2714161075953405,0.6796022882225629,0.00328157591746785,0.03539633014558485,0.03539633014558485
1,1,0,0,0,0,1,1,0,0,1,1,0,0,0,0,0,0,1,1,0.5817259523100344,0.9743124842439652,0.02235010364622835,0.1468274853100915,0.1468274853100915
1,0,1,0,0,0,1,0,0,0,0,0,0,0,0,0,0,0,0,0,-1.4790349936026874,0.9743124842439652,0.02235010364622835,0.1468274853100915,0.1468274853100915
21,0,0,0,0,0,0,0,1,1,0,0,1,0,0,0,0,1,0,0,-0.9871114129654569,0.7822470612896891,0.006546583090128551,0.06419686154369075,0.06419686154369075
67,0,0,0,1,0,1,1,0,0,1,1,0,1,1,1,1,0,0,1,1.3594970189932232,0.6502545080837984,0.0026497095459112013,0.029145652408135048,0.029145652408135048
44,0,0,0,1,1,1,0,1,1,0,0,1,0,0,0,0,0,0,0,-0.28412602577103657,0.6989597866938809,0.0037619201221218337,0.03998903582240876,0.03998903582240876
70,0,1,0,1,1,0,0,1,0,1,1,1,1,1,0,1,0,1,0,-0.14784989870261458,0.6452021175658147,0.002551672337160255,0.02815370280249474,0.02815370280249474
3,1,1,0,0,0,1,1,0,0,0,0,0,1,0,0,0,0,1,0,0.4803498090030377,0.9373188893787414,0.017092860770546496,0.12812771737333695,0.12812771737333695
56,0,1,0,1,1,1,0,1,1,1,1,0,0,0,0,0,1,0,1,-0.16613084257764693,0.6710090587453561,0.003085072619735503,0.03347844798497823,0.03347844798497823
13,1,0,0,0,0,1,1,0,0,0,0,0,0,1,1,0,0,1,1,0.6581735357874418,0.8312566322761956,0.008894046614766308,0.0818402613059327,0.0818402613059327
58,1,0,0,1,1,1,1,0,1,1,0,0,0,1,1,0,0,0,1,0.9506686377879575,0.6669419291751147,0.0029954745981990286,0.0325962586220786,0.0325962586220786
42,1,0,0,1,1,1,1,0,0,0,0,0,1,1,1,0,0,1,1,0.977259101606186,0.7043380877631116,0.0039051573709433167,0.0413329850998293,0.0413329850998293
1,1,1,1,1,0,0,0,1,0,0,0,0,0,0,0,0,0,1,0,-1.3211541146819548,0.9743124842439652,0.02235010364622835,0.1468274853100915,0.1468274853100915
46,0,0,0,1,1,1,1,0,1,0,1,1,0,1,1,0,1,0,0,1.158406636367869,0.6938140321924815,0.003628947567853564,0.038730988089776375,0.038730988089776375
63,0,0,0,1,1,1,0,1,1,0,0,0,0,0,0,0,1,0,1,-0.4702592724986373,0.6573679996492523,0.0027928980105273514,0.030583600220822293,0.030583600220822293
11,0,1,0,0,0,1,0,1,0,1,1,1,0,0,0,0,0,1,1,-0.12956895482758246,0.8469074549655476,0.009789108115316166,0.08799046091721618,0.08799046091721618
15,0,1,0,1,1,1,0,1,0,0,1,1,0,0,1,0,0,0,1,-0.17111655454356475,0.817222359631732,0.00815567933565363,0.07653518145581295,0.07653518145581295
72,0,1,0,1,0,0,0,1,1,1,1,1,1,1,0,0,1,1,1,-0.003264251690996137,0.6419575496164033,0.002490279067928491,0.027529416300707155,0.027529416300707155
29,1,0,0,0,0,0,0,1,0,0,0,0,0,0,0,0,0,0,1,-1.3194922106933153,0.746664964341879,0.005198070769814978,0.05296124339833497,0.05296124339833497
1,1,1,0,0,1,1,0,1,0,0,1,0,0,0,0,0,0,1,0,-0.5267640081123731,0.9743124842439652,0.02235010364622835,0.1468274853100915,0.1468274853100915
6,0,0,0,1,1,1,0,1,0,0,0,0,1,0,0,0,0,1,0,-0.3306593374529367,0.8962011910421149,0.01321361285882388,0.10892151775419001,0.10892151775419001
1,1,1,0,0,0,1,0,1,0,0,0,0,0,0,0,0,0,1,0,-0.6480829992830416,0.9743124842439652,0.02235010364622835,0.1468274853100915,0.1468274853100915
63,0,1,0,1,1,1,1,0,0,1,0,0,0,1,1,1,0,1,1,0.8825305742537461,0.6573679996492523,0.0027928980105273514,0.030583600220822293,0.030583600220822293
2,1,1,0,0,0,1,1,0,0,0,1,0,0,1,0,0,0,1,1,0.6997211355034241,0.9544211124058478,0.01918286543259826,0.13658902706858933,0.13658902706858933
18,0,0,0,1,1,1,0,0,0,0,0,0,0,0,1,0,1,0,0,-1.3194922106933153,0.798585597100695,0.007259843514731271,0.06980238681281059,0.06980238681281059
43,0,0,0,1,0,0,0,1,1,0,0,1,0,0,0,0,0,0,0,-1.0236733007155214,0.7016186635948665,0.003832182002392298,0.04064972482294138,0.04064972482294138
15,0,0,0,0,0,0,0,1,1,1,1,1,0,0,0,1,0,0,0,-0.62814015141937,0.817222359631732,0.00815567933565363,0.07653518145581295,0.07653518145581295
10,1,1,0,0,1,1,1,0,0,0,0,0,1,1,1,0,0,1,0,1.0104971813789718,0.8554585264638187,0.010313003097985489,0.09145336847937524,0.09145336847937524
55,0,1,0,1,1,1,0,0,0,0,0,0,0,0,0,0,1,0,0,-1.4723873776481302,0.6730980579890953,0.0031319345818057722,0.033937922764987416,0.033937922764987416
49,1,1,0,0,1,1,1,0,0,0,0,1,1,1,1,1,0,0,1,1.189982812152015,0.6864927538867036,0.0034464244917631367,0.03698759780359384,0.03698759780359384
6,1,1,0,1,1,1,0,1,0,1,1,0,0,0,0,0,0,0,1,-0.3157022015551832,0.8962011910421149,0.01321361285882388,0.10892151775419001,0.10892151775419001
70,0,1,0,1,1,1,0,0,0,0,0,0,0,0,0,0,1,0,0,-1.477373089614048,0.6452021175658147,0.002551672337160255,0.02815370280249474,0.02815370280249474
2,1,1,1,0,0,1,1,0,0,0,0,0,0,0,1,0,0,0,1,0.3341022580027798,0.9544211124058478,0.01918286543259826,0.13658902706858933,0.13658902706858933
63,0,1,1,1,0,0,0,1,1,0,0,1,0,0,0,1,0,0,0,-0.9538733331926711,0.6573679996492523,0.0027928980105273514,0.030583600220822293,0.030583600220822293
25,0,0,0,0,0,1,0,1,0,1,0,1,0,1,0,0,0,0,1,0.033297636059068096,0.7632263722784222,0.005792955912006608,0.05802443652851541,0.05802443652851541
18,0,0,1,0,0,1,0,0,0,0,0,0,0,0,0,1,0,0,0,-1.477373089614048,0.798585597100695,0.007259843514731271,0.06980238681281059,0.06980238681281059
28,0,1,1,1,0,1,1,0,0,1,0,1,1,1,1,0,0,1,1,1.3628208269705016,0.7506071373425116,0.0053347764644180165,0.05414016114784159,0.05414016114784159
53,0,0,1,0,0,1,1,0,1,1,0,1,0,1,0,1,0,0,1,1.0620162050267898,0.6773932996244997,0.003230113874366814,0.03489628604896822,0.03489628604896822
35,1,1,0,0,0,1,1,0,0,1,1,0,1,1,0,1,0,0,1,1.2481494517543903,0.7253108322429414,0.004507451042951911,0.04686012202126277,0.04686012202126277
1,0,1,0,0,0,0,0,1,0,0,0,0,0,0,0,0,0,0,0,-1.3427588665342656,0.9743124842439652,0.02235010364622835,0.1468274853100915,0.1468274853100915
70,1,1,0,1,0,1,1,0,1,1,1,1,1,1,1,1,0,0,0,1.6902159127324423,0.6452021175658147,0.002551672337160255,0.02815370280249474,0.02815370280249474
2,1,1,0,0,0,1,1,0,0,0,1,1,0,0,0,0,0,1,1,0.500292656866709,0.9544211124058478,0.01918286543259826,0.13658902706858933,0.13658902706858933
26,0,0,0,1,0,1,0,1,0,1,0,1,1,1,0,0,0,1,1,0.2742737144117654,0.7588796606729277,0.005631521405658712,0.05666748667997901,0.05666748667997901
34,0,0,0,0,0,1,0,1,1,1,0,0,0,1,0,1,0,1,0,-0.014897579611471463,0.7286243341114813,0.004609291590527576,0.04777537654084685,0.04777537654084685
19,0,0,0,0,1,1,0,0,0,0,0,0,0,0,0,0,1,0,0,-1.4723873776481302,0.7929113200145855,0.0070048485392757275,0.06782398836650938,0.06782398836650938
15,1,1,0,0,0,1,1,0,0,0,0,0,0,0,1,0,0,0,1,0.3723260497414837,0.817222359631732,0.00815567933565363,0.07653518145581295,0.07653518145581295
62,0,0,0,1,1,1,0,1,1,0,1,0,0,0,0,1,0,0,0,-0.3339831454302153,0.6592190846564381,0.0028311702861325673,0.03096578220998969,0.03096578220998969
42,1,0,1,0,0,1,1,0,0,1,1,0,1,1,1,0,0,0,1,1.3279208432090766,0.7043380877631116,0.0039051573709433167,0.0413329850998293,0.0413329850998293
9,1,0,0,0,0,1,0,1,1,1,0,0,1,1,0,0,0,1,1,0.32745464204822305,0.8645756330248363,0.010901071741709328,0.09522425637547682,0.09522425637547682
24,0,1,0,0,0,1,0,1,1,0,0,0,0,0,0,0,0,1,1,-0.45364023261224434,0.7677256072562019,0.005964174846469762,0.05945002834593771,0.05945002834593771
68,0,1,1,1,0,0,0,1,1,1,1,0,0,0,0,0,1,1,1,-0.7594305665218739,0.6485447168747005,0.0026161967996319807,0.028807250213664037,0.028807250213664037
31,0,1,0,1,1,1,0,1,0,0,1,1,0,0,0,0,0,0,0,-0.3472783773393296,0.7391329118702427,0.004945042598351195,0.05075440110013929,0.05075440110013929
1,1,0,0,0,0,1,0,1,0,0,0,0,0,1,0,0,0,1,1,-0.28412602577103657,0.9743124842439652,0.02235010364622835,0.1468274853100915,0.1468274853100915
21,1,1,0,1,0,1,1,0,0,0,1,1,1,1,1,0,0,1,1,1.3727922509023371,0.7822470612896891,0.006546583090128551,0.06419686154369075,0.06419686154369075
63,0,0,0,1,0,1,1,0,0,1,0,0,1,1,0,1,0,1,1,1.0370876451972004,0.6573679996492523,0.0027928980105273514,0.030583600220822293,0.030583600220822293
2,1,0,1,0,0,1,1,0,0,0,0,0,0,1,0,0,0,0,1,0.4969688488894306,0.9544211124058478,0.01918286543259826,0.13658902706858933,0.13658902706858933
61,0,0,0,1,1,0,0,1,0,1,1,1,1,1,0,0,1,0,1,-0.1112880109525501,0.6611010360108607,0.002870516527482457,0.031357744906887475,0.031357744906887475
1,1,0,0,0,0,1,1,0,0,0,0,0,0,0,0,0,0,1,0,0.12802616341150802,0.9743124842439652,0.02235010364622835,0.1468274853100915,0.1468274853100915
18,0,1,0,0,0,1,0,0,0,0,0,0,0,0,0,1,0,0,0,-1.5006397454549982,0.798585597100695,0.007259843514731271,0.06980238681281059,0.06980238681281059
6,0,0,0,1,1,1,0,0,0,0,0,0,0,0,0,1,0,0,0,-1.522244497307309,0.8962011910421149,0.01321361285882388,0.10892151775419001,0.10892151775419001
33,0,0,0,0,0,1,1,0,0,1,0,0,1,1,1,0,0,1,1,1.170039964288344,0.732029255003116,0.004715929386838689,0.04872789424351476,0.04872789424351476
16,1,1,0,0,0,1,0,0,0,0,0,0,0,0,0,0,0,0,0,-1.4806968975913266,0.8107173068575363,0.007832475449686212,0.07414442618478301,0.07414442618478301
56,0,0,0,1,0,1,1,0,0,0,1,1,1,1,0,0,0,1,1,1.1268304605837223,0.6710090587453561,0.003085072619735503,0.03347844798497823,0.03347844798497823
23,0,1,0,0,1,1,0,0,0,0,0,0,0,0,0,1,0,0,0,-1.4956540334890804,0.7723876776489026,0.006146116983133188,0.060949762364490456,0.060949762364490456
9,0,1,0,0,0,1,1,0,0,0,1,0,0,0,0,0,0,1,1,0.2992022742413548,0.8645756330248363,0.010901071741709328,0.09522425637547682,0.09522425637547682
14,1,0,1,1,0,1,1,0,0,1,0,0,1,1,1,0,0,1,1,1.176687580242901,0.8240576612486123,0.008508086494505379,0.07909398048302463,0.07909398048302463
15,1,1,0,1,1,1,1,0,0,0,0,0,0,0,1,0,0,0,1,0.3357641619914195,0.817222359631732,0.00815567933565363,0.07653518145581295,0.07653518145581295
5,0,1,0,0,0,1,0,0,0,0,0,0,0,0,0,0,0,0,0,-1.487344513545884,0.9085818526659613,0.014256987321705751,0.11453932573635439,0.11453932573635439
61,0,1,0,1,0,1,1,0,1,1,0,0,1,1,1,0,0,1,1,1.3761160588796162,0.6611010360108607,0.002870516527482457,0.031357744906887475,0.031357744906887475
70,0,1,0,1,1,1,1,0,1,1,1,1,1,1,1,0,1,0,1,1.7201301845279493,0.6452021175658147,0.002551672337160255,0.02815370280249474,0.02815370280249474
15,0,1,0,0,0,1,1,0,1,0,0,0,1,1,1,0,0,1,1,1.160068540356508,0.817222359631732,0.00815567933565363,0.07653518145581295,0.07653518145581295
8,0,1,0,1,1,1,0,0,0,0,0,0,0,0,0,0,1,0,0,-1.4989778414663588,0.8743368175545859,0.01156705087089483,0.09935054964947354,0.09935054964947354
8,0,0,0,1,1,1,0,0,0,0,0,0,0,0,0,0,1,0,0,-1.505625457420916,0.8743368175545859,0.01156705087089483,0.09935054964947354,0.09935054964947354
4,0,0,0,0,0,0,0,1,1,0,0,0,0,0,0,0,0,0,1,-1.1848779876135327,0.9221895280070969,0.015517187361763772,0.12087777811840728,0.12087777811840728
34,0,0,0,0,0,1,0,1,1,1,0,0,0,0,0,1,0,0,0,-0.32567362548701884,0.7286243341114813,0.004609291590527576,0.04777537654084685,0.04777537654084685
68,0,1,0,1,0,1,0,1,1,1,1,1,1,1,1,0,1,0,1,0.864249630378714,0.6485447168747005,0.0026161967996319807,0.028807250213664037,0.028807250213664037
45,0,0,0,1,1,0,0,1,0,1,1,1,0,1,0,1,0,0,0,-0.4586259445781622,0.6963590108821652,0.0036942216775406023,0.039349803973645514,0.039349803973645514
9,0,0,1,0,0,1,1,0,0,0,1,0,1,0,1,0,0,1,1,0.8409829745377638,0.8645756330248363,0.010901071741709328,0.09522425637547682,0.09522425637547682
22,0,0,0,0,0,1,0,1,1,0,0,1,0,0,1,0,0,0,1,-0.19105940240723632,0.7772239626242997,0.006339847981342745,0.0625297608539006,0.0625297608539006
2,0,0,0,0,0,1,0,0,0,0,0,0,0,0,0,0,0,0,0,-1.4790349936026874,0.9544211124058478,0.01918286543259826,0.13658902706858933,0.13658902706858933
70,0,1,0,1,0,1,0,1,0,1,1,1,1,0,1,0,1,0,0,0.270949906434487,0.6452021175658147,0.002551672337160255,0.02815370280249474,0.02815370280249474
10,0,0,0,0,1,1,0,1,1,0,1,1,0,1,1,1,0,0,0,0.2908927542981583,0.8554585264638187,0.010313003097985489,0.09145336847937524,0.09145336847937524
72,0,1,0,0,0,1,0,1,1,0,1,1,1,1,1,0,1,0,0,0.6482021118556061,0.6419575496164033,0.002490279067928491,0.027529416300707155,0.027529416300707155
49,0,0,0,1,1,1,0,1,0,1,1,0,1,1,0,1,0,0,0,0.4388022092870554,0.6864927538867036,0.0034464244917631367,0.03698759780359384,0.03698759780359384
54,0,0,1,0,0,1,0,1,0,1,0,1,1,0,1,1,0,0,0,0.24269753862761878,0.6752256920763566,0.003180258311786613,0.03441034838970081,0.03441034838970081
71,0,0,0,0,0,1,1,0,1,1,1,0,1,1,1,0,1,0,1,1.3943970027546482,0.6435679119154606,0.0025205988088756303,0.02783802704790539,0.02783802704790539
22,0,0,0,0,0,1,0,0,0,0,0,0,0,0,0,1,0,0,1,-1.5139349773641124,0.7772239626242997,0.006339847981342745,0.0625297608539006,0.0625297608539006
50,0,0,0,1,1,1,0,0,0,0,0,0,0,0,0,0,1,0,0,-1.470725473659491,0.6841504128114664,0.003389643293482253,0.03644129666249096,0.03644129666249096
43,0,0,0,1,1,1,0,0,0,0,0,0,0,0,0,1,0,0,0,-1.4890064175345232,0.7016186635948665,0.003832182002392298,0.04064972482294138,0.04064972482294138
45,0,0,0,1,1,1,0,0,0,0,0,0,0,0,1,0,1,0,1,-1.334449346591069,0.6963590108821652,0.0036942216775406023,0.039349803973645514,0.039349803973645514
64,0,1,1,0,0,1,1,0,1,1,0,0,1,1,1,0,0,0,1,1.2863732434930943,0.6555468612609421,0.002755656035094927,0.030210834407233156,0.030210834407233156
23,0,0,0,1,1,1,0,0,0,0,0,0,0,0,1,0,1,0,0,-1.3610398104092976,0.7723876776489026,0.006146116983133188,0.060949762364490456,0.060949762364490456
68,0,0,0,1,0,1,0,0,0,0,0,0,0,0,1,0,1,0,0,-1.2962255548523653,0.6485447168747005,0.0026161967996319807,0.028807250213664037,0.028807250213664037
1,1,0,0,0,0,1,1,0,0,0,0,0,0,0,0,0,0,1,1,0.2011499389116365,0.9743124842439652,0.02235010364622835,0.1468274853100915,0.1468274853100915
2,1,1,0,0,0,1,1,0,0,0,0,0,0,0,0,0,0,0,1,0.16624995515021143,0.9544211124058478,0.01918286543259826,0.13658902706858933,0.13658902706858933
26,0,1,0,0,0,1,0,1,0,0,0,1,1,0,0,1,0,0,0,-0.1777641704981218,0.7588796606729277,0.005631521405658712,0.05666748667997901,0.05666748667997901
55,1,1,0,1,0,0,0,1,0,0,1,1,1,1,0,0,0,0,1,-0.34063076138477255,0.6730980579890953,0.0031319345818057722,0.033937922764987416,0.033937922764987416
14,0,1,0,0,0,1,0,0,0,0,0,0,0,0,0,0,0,1,1,-1.487344513545884,0.8240576612486123,0.008508086494505379,0.07909398048302463,0.07909398048302463
71,0,1,0,1,0,1,0,1,1,0,1,1,1,1,0,0,1,1,1,0.5900354722532308,0.6435679119154606,0.0025205988088756303,0.02783802704790539,0.02783802704790539
64,0,1,0,0,0,1,0,1,1,1,1,1,1,0,1,1,0,1,0,0.5468259685486093,0.6555468612609421,0.002755656035094927,0.030210834407233156,0.030210834407233156
7,1,0,0,0,0,1,0,1,0,0,0,1,1,1,0,0,0,0,1,0.19782613093435808,0.8848383086630132,0.012329368360988486,0.10389128471090825,0.10389128471090825
57,0,0,0,0,0,1,0,1,1,1,1,1,1,0,0,0,1,0,1,0.3158213141277477,0.6689574203086703,0.003039606595789443,0.03303139376725084,0.03303139376725084
13,1,0,0,1,0,1,1,0,0,1,1,0,1,0,1,0,0,1,0,0.9739352936289072,0.8312566322761956,0.008894046614766308,0.0818402613059327,0.0818402613059327
3,1,0,0,1,1,0,0,1,1,0,0,0,0,0,0,0,0,0,0,-1.1665970437385005,0.9373188893787414,0.017092860770546496,0.12812771737333695,0.12812771737333695
72,0,1,1,1,0,1,1,0,0,1,1,1,1,1,1,0,1,0,0,1.4924493380843664,0.6419575496164033,0.002490279067928491,0.027529416300707155,0.027529416300707155
40,0,0,0,1,1,1,1,0,0,1,1,0,1,0,1,0,0,0,1,1.0487209731176752,0.7099691459680679,0.004059910336396862,0.04277208089669704,0.04277208089669704
14,0,1,0,1,0,1,0,1,0,0,0,1,1,0,1,0,0,0,1,0.059888099877296666,0.8240576612486123,0.008508086494505379,0.07909398048302463,0.07909398048302463
2,0,1,0,1,1,1,0,1,0,0,0,0,0,0,0,0,0,1,1,-0.6746734631012702,0.9544211124058478,0.01918286543259826,0.13658902706858933,0.13658902706858933
66,1,1,1,0,0,1,1,0,0,1,1,1,1,1,1,1,0,0,0,1.5323350338117097,0.6519909407703324,0.0026840999053434323,0.029492182160968494,0.029492182160968494
38,1,0,0,1,0,1,1,0,0,0,1,1,1,1,1,0,0,1,1,1.336230363152273,0.7158758576100376,0.0042276442662364,0.04431696426317133,0.04431696426317133
1,1,1,0,0,1,0,0,1,0,0,0,0,0,0,0,0,0,1,1,-1.3128445947387584,0.9743124842439652,0.02235010364622835,0.1468274853100915,0.1468274853100915
22,1,1,0,0,0,1,0,1,0,1,0,1,0,0,0,1,0,0,1,-0.32068791352110104,0.7772239626242997,0.006339847981342745,0.0625297608539006,0.0625297608539006
1,1,1,0,0,0,1,0,0,0,0,0,0,0,0,0,0,0,0,1,-1.4856826095572444,0.9743124842439652,0.02235010364622835,0.1468274853100915,0.1468274853100915
5,0,1,0,0,0,1,1,0,0,0,0,0,1,0,0,0,0,0,1,0.5086021768099055,0.9085818526659613,0.014256987321705751,0.11453932573635439,0.11453932573635439
29,0,1,0,1,1,1,0,1,1,0,0,1,1,0,1,1,0,0,0,0.14132139532062207,0.746664964341879,0.005198070769814978,0.05296124339833497,0.05296124339833497
1,1,1,0,1,1,1,1,0,0,0,0,0,0,0,0,0,0,0,1,0.1695737631274903,0.9743124842439652,0.02235010364622835,0.1468274853100915,0.1468274853100915
3,0,0,0,0,0,1,0,0,0,0,0,0,0,0,0,0,0,0,0,-1.4757111856254088,0.9373188893787414,0.017092860770546496,0.12812771737333695,0.12812771737333695
71,0,1,0,1,1,1,0,0,0,0,0,0,0,0,0,0,1,0,0,-1.4989778414663588,0.6435679119154606,0.0025205988088756303,0.02783802704790539,0.02783802704790539
9,0,1,0,0,1,1,0,1,0,1,0,0,0,0,0,0,0,1,1,-0.4885402163736694,0.8645756330248363,0.010901071741709328,0.09522425637547682,0.09522425637547682
43,1,1,0,0,0,1,1,0,0,1,0,0,1,1,1,0,0,1,1,1.2165732759702441,0.7016186635948665,0.003832182002392298,0.04064972482294138,0.04064972482294138
48,0,0,0,0,0,1,0,1,1,1,1,0,1,1,1,1,0,0,1,0.6199497440487383,0.6888828979881829,0.003505164885370563,0.03755076913789834,0.03755076913789834
26,0,1,0,0,0,1,1,0,1,1,0,0,0,0,1,0,0,0,1,0.7263115993216531,0.7588796606729277,0.005631521405658712,0.05666748667997901,0.05666748667997901
9,0,0,0,0,0,1,0,0,0,0,0,0,0,0,0,0,0,0,0,-1.4840207055686052,0.8645756330248363,0.010901071741709328,0.09522425637547682,0.09522425637547682
1,1,1,0,0,0,1,1,0,0,0,0,0,0,1,0,0,0,1,1,0.5318688326508556,0.9743124842439652,0.02235010364622835,0.1468274853100915,0.1468274853100915
46,0,0,0,1,1,1,0,0,0,0,0,0,0,0,0,0,1,0,0,-1.5089492653981946,0.6938140321924815,0.003628947567853564,0.038730988089776375,0.038730988089776375
2,1,1,0,0,0,1,0,1,0,0,0,0,0,1,1,0,0,0,0,-0.0913451630888788,0.9544211124058478,0.01918286543259826,0.13658902706858933,0.13658902706858933
1,1,1,1,0,0,1,1,0,0,0,0,0,0,0,1,0,0,1,1,0.38728318563923747,0.9743124842439652,0.02235010364622835,0.1468274853100915,0.1468274853100915
64,0,1,0,1,1,0,0,1,1,0,1,1,1,1,0,0,1,0,1,-0.15782132263445048,0.6555468612609421,0.002755656035094927,0.030210834407233156,0.030210834407233156
12,1,0,1,0,0,1,1,0,0,1,0,0,1,0,1,0,0,1,1,0.880868670265107,0.8388580793219884,0.009318867014819062,0.08479678961103854,0.08479678961103854
6,1,1,1,1,0,1,1,0,0,0,1,0,1,1,0,0,0,1,1,1.028778125254004,0.8962011910421149,0.01321361285882388,0.10892151775419001,0.10892151775419001
59,0,0,0,1,0,1,0,0,0,0,0,0,0,0,0,1,0,0,0,-1.477373089614048,0.6649614286359096,0.0029526183444970946,0.03217256791019485,0.03217256791019485
7,0,0,0,0,0,1,1,0,0,1,0,0,1,1,0,1,0,0,1,0.972273389640268,0.8848383086630132,0.012329368360988486,0.10389128471090825,0.10389128471090825
72,0,0,1,1,0,1,0,1,1,1,1,0,1,1,1,0,1,0,1,0.6415544959010488,0.6419575496164033,0.002490279067928491,0.027529416300707155,0.027529416300707155
16,0,1,1,0,0,1,1,0,0,0,0,0,0,1,0,0,0,1,1,0.4637307691166448,0.8107173068575363,0.007832475449686212,0.07414442618478301,0.07414442618478301
25,0,1,0,1,0,1,0,1,0,0,1,0,0,0,1,0,0,0,0,-0.30739268161198674,0.7632263722784222,0.005792955912006608,0.05802443652851541,0.05802443652851541
34,1,0,0,1,0,1,0,1,1,1,0,1,0,0,1,0,0,1,0,-0.07140231522520725,0.7286243341114813,0.004609291590527576,0.04777537654084685,0.04777537654084685
1,1,0,0,0,0,1,1,0,0,0,0,0,0,0,1,0,0,1,1,0.322468930082305,0.9743124842439652,0.02235010364622835,0.1468274853100915,0.1468274853100915
10,1,0,0,1,1,1,1,0,0,1,1,0,1,1,1,0,0,0,1,1.239839931811194,0.8554585264638187,0.010313003097985489,0.09145336847937524,0.09145336847937524
24,0,1,0,1,0,1,0,0,0,0,0,0,0,0,0,1,0,0,0,-1.4856826095572444,0.7677256072562019,0.005964174846469762,0.05945002834593771,0.05945002834593771
10,0,0,0,1,1,1,0,1,1,1,0,0,1,0,1,1,0,1,0,0.18286899503660436,0.8554585264638187,0.010313003097985489,0.09145336847937524,0.09145336847937524
69,0,1,0,1,0,1,0,1,1,1,0,0,0,0,0,1,0,0,1,-0.37054503318027976,0.6468608243449303,0.002583528294433392,0.028476690845760766,0.028476690845760766
57,0,1,0,0,0,1,0,0,0,0,0,0,0,0,0,0,1,0,0,-1.4640778577049338,0.6689574203086703,0.003039606595789443,0.03303139376725084,0.03303139376725084
50,0,1,0,1,1,1,1,0,0,1,1,1,1,1,0,1,0,0,1,1.2830494355158157,0.6841504128114664,0.003389643293482253,0.03644129666249096,0.03644129666249096
28,0,1,0,1,1,0,0,1,1,0,1,1,1,0,0,1,0,0,0,-0.46527356053271945,0.7506071373425116,0.0053347764644180165,0.05414016114784159,0.05414016114784159
16,1,0,0,0,0,1,0,1,1,0,0,0,0,0,0,0,0,1,1,-0.4868783123850302,0.8107173068575363,0.007832475449686212,0.07414442618478301,0.07414442618478301
25,0,1,0,0,0,1,0,1,1,1,0,1,1,1,0,0,0,0,1,0.47204028905984124,0.7632263722784222,0.005792955912006608,0.05802443652851541,0.05802443652851541
3,0,0,1,1,0,1,1,0,0,1,0,0,0,0,0,0,0,0,1,0.32579273805958336,0.9373188893787414,0.017092860770546496,0.12812771737333695,0.12812771737333695
61,0,1,0,1,0,1,1,0,0,0,0,0,1,1,1,1,0,0,1,1.0537066850835934,0.6611010360108607,0.002870516527482457,0.031357744906887475,0.031357744906887475
2,0,0,0,0,0,1,0,0,0,0,0,0,0,0,0,0,0,0,0,-1.4856826095572444,0.9544211124058478,0.01918286543259826,0.13658902706858933,0.13658902706858933
51,0,1,0,1,1,1,0,0,0,0,0,0,0,0,0,1,0,0,0,-1.5089492653981946,0.681854139199785,0.003334724055742794,0.03591111081215892,0.03591111081215892
71,0,0,0,1,1,1,0,1,1,0,1,0,1,1,0,0,1,0,0,0.42384507338930166,0.6435679119154606,0.0025205988088756303,0.02783802704790539,0.02783802704790539
20,0,0,0,1,1,1,0,0,0,0,0,0,0,0,0,0,0,0,0,-1.487344513545884,0.7874709741517664,0.006767715032425889,0.0659587290124013,0.0659587290124013
6,0,1,0,1,1,1,0,0,0,0,0,0,0,0,0,0,0,0,0,-1.493992129500441,0.8962011910421149,0.01321361285882388,0.10892151775419001,0.10892151775419001
6,0,0,0,0,0,1,0,0,0,0,0,0,0,0,0,0,0,0,0,-1.4823588015799658,0.8962011910421149,0.01321361285882388,0.10892151775419001,0.10892151775419001
29,0,0,0,0,0,1,0,1,1,1,0,1,0,0,1,0,0,0,0,0.08814046768416492,0.746664964341879,0.005198070769814978,0.05296124339833497,0.05296124339833497
36,0,1,0,0,0,1,0,0,0,0,0,0,0,0,0,0,1,0,1,-1.5372016332050626,0.7220842981429184,0.004410087057617903,0.045979950318991825,0.045979950318991825
28,0,0,0,0,0,0,0,1,0,0,1,0,0,0,0,0,0,0,1,-1.1649351397498613,0.7506071373425116,0.0053347764644180165,0.05414016114784159,0.05414016114784159
7,1,0,0,1,0,1,1,0,0,0,0,0,1,0,1,0,0,1,1,0.721325887355735,0.8848383086630132,0.012329368360988486,0.10389128471090825,0.10389128471090825
63,0,0,0,0,0,1,0,0,0,0,0,0,0,0,1,0,1,0,0,-1.3494064824888226,0.6573679996492523,0.0027928980105273514,0.030583600220822293,0.030583600220822293
48,0,1,0,1,1,1,0,0,0,0,0,0,0,0,1,0,1,0,0,-1.3710112343411336,0.6888828979881829,0.003505164885370563,0.03755076913789834,0.03755076913789834
49,0,0,0,1,0,1,0,0,0,0,0,0,0,0,0,1,0,0,0,-1.4740492816367694,0.6864927538867036,0.0034464244917631367,0.03698759780359384,0.03698759780359384
27,1,1,1,0,0,1,1,0,0,1,0,0,0,0,1,0,0,1,1,0.5534735845031666,0.7546760980475697,0.005479040808994945,0.05537422178102336,0.05537422178102336
72,0,1,0,1,0,1,0,1,1,1,1,1,1,1,1,0,1,0,0,0.9141067500378928,0.6419575496164033,0.002490279067928491,0.027529416300707155,0.027529416300707155
1,1,1,0,1,0,1,1,0,0,0,0,0,0,0,0,0,0,1,1,0.14464520329790093,0.9743124842439652,0.02235010364622835,0.1468274853100915,0.1468274853100915
72,0,0,0,1,1,0,0,1,0,1,0,1,1,1,0,0,1,0,0,-0.37054503318027976,0.6419575496164033,0.002490279067928491,0.027529416300707155,0.027529416300707155
47,0,0,0,0,0,0,0,1,1,1,0,1,0,0,0,1,0,0,0,-0.8358781499992815,0.6913226781406935,0.0035659686558325962,0.038131613989117574,0.038131613989117574
1,0,0,0,0,0,1,0,1,0,0,0,0,1,0,0,0,0,1,1,-0.33730695340749395,0.9743124842439652,0.02235010364622835,0.1468274853100915,0.1468274853100915
36,0,0,0,0,0,1,1,0,0,1,1,0,1,1,1,1,0,0,1,1.3295827471977157,0.7220842981429184,0.004410087057617903,0.045979950318991825,0.045979950318991825
43,0,1,0,1,1,0,0,1,0,1,0,0,0,0,0,0,0,0,0,-1.179892275647615,0.7016186635948665,0.003832182002392298,0.04064972482294138,0.04064972482294138
27,0,0,1,1,0,1,0,1,0,1,1,1,1,1,1,0,0,1,0,0.6332449759578523,0.7546760980475697,0.005479040808994945,0.05537422178102336,0.05537422178102336
9,1,0,0,0,0,1,1,0,0,0,0,0,0,1,0,0,0,1,1,0.49032123293487334,0.8645756330248363,0.010901071741709328,0.09522425637547682,0.09522425637547682
38,0,0,0,0,0,1,1,0,0,0,1,1,1,1,1,0,0,1,1,1.2913589554590124,0.7158758576100376,0.0042276442662364,0.04431696426317133,0.04431696426317133
35,0,0,1,0,0,1,1,0,1,0,0,0,1,1,1,0,0,1,1,1.1384637885041973,0.7253108322429414,0.004507451042951911,0.04686012202126277,0.04686012202126277
59,0,0,0,1,0,1,1,0,0,1,0,1,1,1,0,0,1,0,1,1.171701868276983,0.6649614286359096,0.0029526183444970946,0.03217256791019485,0.03217256791019485
27,0,1,0,0,0,1,0,0,0,0,0,0,0,0,0,0,1,0,0,-1.477373089614048,0.7546760980475697,0.005479040808994945,0.05537422178102336,0.05537422178102336
2,0,0,1,0,0,1,0,1,0,0,0,0,0,0,0,0,0,1,0,-0.6929544069763023,0.9544211124058478,0.01918286543259826,0.13658902706858933,0.13658902706858933
7,0,1,0,0,0,1,0,0,0,0,0,0,0,0,1,0,0,0,0,-1.3726731383297728,0.8848383086630132,0.012329368360988486,0.10389128471090825,0.10389128471090825
36,0,0,0,0,0,1,0,1,0,1,0,1,0,1,1,1,0,0,1,0.1961642269457189,0.7220842981429184,0.004410087057617903,0.045979950318991825,0.045979950318991825
41,0,0,0,1,1,1,1,0,1,1,0,0,1,0,1,0,0,0,1,0.9805829095834644,0.7071206594283597,0.003981008341391358,0.042040010297382246,0.042040010297382246
13,0,0,0,0,0,0,0,1,0,1,0,0,0,0,0,0,0,1,0,-1.1848779876135327,0.8312566322761956,0.008894046614766308,0.0818402613059327,0.0818402613059327
19,0,1,0,0,1,1,0,0,0,0,0,0,0,0,0,0,1,0,0,-1.4607540497276552,0.7929113200145855,0.0070048485392757275,0.06782398836650938,0.06782398836650938
60,0,0,0,1,0,0,0,1,1,1,0,1,0,0,0,0,1,0,0,-0.9006924055562138,0.6630148153227823,0.0029109829180785306,0.031759872056746574,0.031759872056746574
48,1,0,0,0,1,1,1,0,0,1,1,1,1,0,0,0,1,0,1,1.0204686053108076,0.6888828979881829,0.003505164885370563,0.03755076913789834,0.03755076913789834
3,1,1,1,0,0,1,1,0,0,0,1,0,1,0,1,0,0,1,0,0.8725591503219104,0.9373188893787414,0.017092860770546496,0.12812771737333695,0.12812771737333695
69,0,1,0,1,0,1,1,0,0,1,0,1,1,0,1,0,1,0,1,0.9190924620038108,0.6468608243449303,0.002583528294433392,0.028476690845760766,0.028476690845760766
43,0,1,0,0,0,0,0,1,0,0,1,1,0,1,0,1,0,1,0,-0.6863067910217452,0.7016186635948665,0.003832182002392298,0.04064972482294138,0.04064972482294138
11,0,0,0,0,1,0,0,1,1,0,0,1,0,0,0,1,0,0,1,-0.9555352371813105,0.8469074549655476,0.009789108115316166,0.08799046091721618,0.08799046091721618
45,0,0,0,1,0,1,0,1,0,0,1,0,0,0,0,0,0,0,1,-0.48355450440775155,0.6963590108821652,0.0036942216775406023,0.039349803973645514,0.039349803973645514
72,0,1,0,1,0,1,1,0,0,1,1,1,1,1,1,0,1,0,1,1.4941112420730056,0.6419575496164033,0.002490279067928491,0.027529416300707155,0.027529416300707155
2,1,0,1,1,0,1,1,0,0,0,1,0,0,0,1,0,0,1,0,0.4786879050143985,0.9544211124058478,0.01918286543259826,0.13658902706858933,0.13658902706858933
12,0,0,0,1,1,1,0,0,0,0,0,0,0,0,0,0,1,0,0,-1.4790349936026874,0.8388580793219884,0.009318867014819062,0.08479678961103854,0.08479678961103854
67,0,0,0,1,1,1,1,0,0,1,1,1,1,1,1,1,0,0,1,1.5805302494822486,0.6502545080837984,0.0026497095459112013,0.029145652408135048,0.029145652408135048
37,0,1,0,1,0,1,1,0,0,0,1,1,1,0,1,0,1,0,0,0.9805829095834644,0.7189405920832638,0.0043169072108659315,0.0451328504105416,0.0451328504105416
39,0,0,0,0,0,0,0,1,1,1,0,1,0,0,0,1,0,0,0,-0.7860210303401027,0.7128864964214463,0.00414205349534239,0.043530572366621945,0.043530572366621945
41,0,0,0,0,0,1,0,1,1,0,1,1,0,1,1,0,0,0,1,0.32745464204822305,0.7071206594283597,0.003981008341391358,0.042040010297382246,0.042040010297382246
25,0,0,0,0,0,0,0,1,0,0,1,0,1,1,0,0,0,1,1,-0.5500306639533232,0.7632263722784222,0.005792955912006608,0.05802443652851541,0.05802443652851541
8,0,1,0,1,1,1,0,1,1,1,0,1,0,1,1,0,1,0,1,0.37731176170740177,0.8743368175545859,0.01156705087089483,0.09935054964947354,0.09935054964947354
71,0,0,0,1,1,1,0,1,1,1,1,1,0,0,1,0,1,0,0,0.20945945885483294,0.6435679119154606,0.0025205988088756303,0.02783802704790539,0.02783802704790539
5,0,1,0,0,0,1,1,0,0,1,1,0,0,1,1,0,0,1,0,1.0553685890722326,0.9085818526659613,0.014256987321705751,0.11453932573635439,0.11453932573635439
30,0,0,0,0,0,1,0,1,1,0,1,0,1,1,1,1,0,0,1,0.4820117129916769,0.7428424163487329,0.0050683354621543905,0.051833777579476825,0.051833777579476825
40,0,1,0,0,0,1,1,0,0,1,0,1,0,1,0,1,0,0,1,0.8243639346513709,0.7099691459680679,0.004059910336396862,0.04277208089669704,0.04277208089669704
54,0,0,0,0,0,1,0,0,0,0,0,0,0,0,0,0,1,0,1,-1.4723873776481302,0.6752256920763566,0.003180258311786613,0.03441034838970081,0.03441034838970081
72,0,1,0,1,0,1,1,0,0,1,1,0,1,1,1,0,1,0,1,1.3794398668568946,0.6419575496164033,0.002490279067928491,0.027529416300707155,0.027529416300707155
28,0,1,0,1,1,1,1,0,0,1,1,0,1,1,0,1,0,0,0,1.1816732922088187,0.7506071373425116,0.0053347764644180165,0.05414016114784159,0.05414016114784159
18,0,1,0,1,1,1,1,0,0,0,0,1,0,1,0,0,0,1,1,0.6914116155602276,0.798585597100695,0.007259843514731271,0.06980238681281059,0.06980238681281059
2,1,0,0,0,0,0,0,1,0,0,0,0,1,1,0,0,0,1,1,-0.6497449032716808,0.9544211124058478,0.01918286543259826,0.13658902706858933,0.13658902706858933
59,0,0,0,1,1,1,1,0,0,1,1,0,1,1,1,1,0,1,1,1.374454154890977,0.6649614286359096,0.0029526183444970946,0.03217256791019485,0.03217256791019485
22,0,1,0,1,1,1,0,1,0,0,0,1,0,0,0,0,0,1,1,-0.4553021366008836,0.7772239626242997,0.006339847981342745,0.0625297608539006,0.0625297608539006
1,0,0,0,0,0,1,0,0,0,0,0,0,0,0,0,0,0,0,0,-1.4923302255118018,0.9743124842439652,0.02235010364622835,0.1468274853100915,0.1468274853100915
72,0,0,1,1,0,1,0,0,0,0,0,0,0,0,1,0,1,0,1,-1.2995493628296437,0.6419575496164033,0.002490279067928491,0.027529416300707155,0.027529416300707155
14,1,0,1,0,0,1,1,0,0,0,0,0,0,0,1,0,0,1,1,0.3158213141277477,0.8240576612486123,0.008508086494505379,0.07909398048302463,0.07909398048302463
50,0,1,0,1,0,1,1,0,0,0,0,1,1,1,1,1,0,1,0,1.1500971164246725,0.6841504128114664,0.003389643293482253,0.03644129666249096,0.03644129666249096
48,0,0,0,1,1,1,0,1,1,0,1,1,1,0,0,1,0,0,0,0.16292614717293305,0.6888828979881829,0.003505164885370563,0.03755076913789834,0.03755076913789834
49,0,0,0,1,1,1,1,0,0,1,0,0,1,1,1,0,0,1,1,1.115197132663247,0.6864927538867036,0.0034464244917631367,0.03698759780359384,0.03698759780359384
28,0,1,0,1,1,1,1,0,0,0,1,0,1,0,0,0,0,1,0,0.68642590359431,0.7506071373425116,0.0053347764644180165,0.05414016114784159,0.05414016114784159
68,0,1,1,0,0,1,1,0,0,1,1,0,0,1,1,0,0,1,1,1.033763837219922,0.6485447168747005,0.0026161967996319807,0.028807250213664037,0.028807250213664037
13,0,1,0,0,0,1,1,0,0,0,0,1,1,1,1,0,0,1,0,1.194968524117933,0.8312566322761956,0.008894046614766308,0.0818402613059327,0.0818402613059327
11,0,0,0,0,0,1,1,0,0,0,1,0,1,0,1,0,0,1,1,0.8110687027422568,0.8469074549655476,0.009789108115316166,0.08799046091721618,0.08799046091721618
3,1,0,0,1,0,1,1,0,0,0,0,0,0,0,1,0,0,0,1,0.30917369817319046,0.9373188893787414,0.017092860770546496,0.12812771737333695,0.12812771737333695
57,1,1,1,1,0,1,1,0,0,0,1,0,1,1,1,0,0,1,0,1.189982812152015,0.6689574203086703,0.003039606595789443,0.03303139376725084,0.03303139376725084
3,1,1,0,0,0,1,1,0,0,0,0,0,0,0,1,0,0,0,0,0.3390879699686979,0.9373188893787414,0.017092860770546496,0.12812771737333695,0.12812771737333695
72,0,1,0,1,0,1,0,0,0,0,0,0,0,0,1,0,1,0,0,-1.2978874588410045,0.6419575496164033,0.002490279067928491,0.027529416300707155,0.027529416300707155
70,0,1,0,1,1,1,0,1,0,1,1,1,1,1,1,0,1,1,1,0.6415544959010488,0.6452021175658147,0.002551672337160255,0.02815370280249474,0.02815370280249474
49,0,0,0,1,1,1,0,1,0,1,0,1,1,1,1,0,1,0,0,0.4820117129916769,0.6864927538867036,0.0034464244917631367,0.03698759780359384,0.03698759780359384
67,0,0,1,1,0,1,1,0,1,0,1,0,1,1,1,1,0,0,1,1.4043684266864838,0.6502545080837984,0.0026497095459112013,0.029145652408135048,0.029145652408135048
46,0,1,0,0,0,1,0,0,0,0,0,0,0,0,0,0,1,0,0,-1.487344513545884,0.6938140321924815,0.003628947567853564,0.038730988089776375,0.038730988089776375
64,1,0,1,0,0,1,0,1,1,1,0,1,1,0,0,0,1,0,1,0.17954518705932596,0.6555468612609421,0.002755656035094927,0.030210834407233156,0.030210834407233156
37,0,0,0,1,0,1,0,0,0,0,0,0,0,0,0,0,0,0,0,-1.505625457420916,0.7189405920832638,0.0043169072108659315,0.0451328504105416,0.0451328504105416
2,1,0,1,0,0,1,1,0,0,0,0,0,0,0,0,0,0,1,0,0.19782613093435808,0.9544211124058478,0.01918286543259826,0.13658902706858933,0.13658902706858933
13,0,0,1,1,0,0,0,1,0,0,0,0,1,1,0,0,0,1,0,-0.6480829992830416,0.8312566322761956,0.008894046614766308,0.0818402613059327,0.0818402613059327
72,0,0,0,1,0,1,1,0,1,1,1,1,1,1,1,0,1,1,0,1.6735968728460495,0.6419575496164033,0.002490279067928491,0.027529416300707155,0.027529416300707155
68,0,1,0,1,1,1,0,1,0,0,1,1,1,1,0,0,1,0,1,0.270949906434487,0.6485447168747005,0.0026161967996319807,0.028807250213664037,0.028807250213664037
15,0,1,0,1,1,1,0,0,0,0,0,0,0,0,0,1,0,0,0,-1.5006397454549982,0.817222359631732,0.00815567933565363,0.07653518145581295,0.07653518145581295
24,0,0,0,0,0,1,0,0,0,0,0,0,0,0,0,0,1,0,1,-1.5039635534322768,0.7677256072562019,0.005964174846469762,0.05945002834593771,0.05945002834593771
24,0,0,0,0,0,1,1,0,0,0,0,1,0,1,1,0,0,1,1,0.8227020306627317,0.7677256072562019,0.005964174846469762,0.05945002834593771,0.05945002834593771
27,0,1,0,0,0,1,0,1,1,0,0,0,0,0,0,0,0,0,0,-0.48023069643047295,0.7546760980475697,0.005479040808994945,0.05537422178102336,0.05537422178102336
12,1,1,0,0,0,1,0,1,0,0,0,1,0,0,0,0,0,0,0,-0.48355450440775155,0.8388580793219884,0.009318867014819062,0.08479678961103854,0.08479678961103854
71,0,0,0,1,1,1,0,1,1,1,1,1,1,1,0,0,1,0,0,0.7462544471853244,0.6435679119154606,0.0025205988088756303,0.02783802704790539,0.02783802704790539
67,0,1,0,1,1,1,0,0,0,0,0,0,0,0,0,0,1,0,1,-1.4624159537162946,0.6502545080837984,0.0026497095459112013,0.029145652408135048,0.029145652408135048
63,0,0,0,1,0,1,1,0,0,1,1,1,1,1,1,0,1,0,1,1.4774922021866128,0.6573679996492523,0.0027928980105273514,0.030583600220822293,0.030583600220822293
1,0,1,0,0,0,1,0,0,0,0,0,0,0,0,0,0,0,0,0,-1.477373089614048,0.9743124842439652,0.02235010364622835,0.1468274853100915,0.1468274853100915
4,0,1,0,0,0,1,0,1,0,0,0,0,0,1,0,0,0,1,1,-0.29575935369151163,0.9221895280070969,0.015517187361763772,0.12087777811840728,0.12087777811840728
40,1,0,1,0,0,1,1,0,1,1,0,0,0,0,0,0,0,0,1,0.4786879050143985,0.7099691459680679,0.004059910336396862,0.04277208089669704,0.04277208089669704
12,1,0,0,0,0,1,1,0,0,0,1,0,1,1,0,0,0,1,1,1.0370876451972004,0.8388580793219884,0.009318867014819062,0.08479678961103854,0.08479678961103854
52,0,1,0,1,1,1,0,1,1,1,1,0,1,1,0,0,1,1,0,0.4786879050143985,0.6796022882225629,0.00328157591746785,0.03539633014558485,0.03539633014558485
10,0,1,0,0,0,1,0,0,0,0,0,0,0,0,1,0,0,1,1,-1.3560540984433798,0.8554585264638187,0.010313003097985489,0.09145336847937524,0.09145336847937524
68,0,1,0,0,0,1,1,0,1,1,1,0,1,0,1,1,0,0,0,1.2149113719816045,0.6485447168747005,0.0026161967996319807,0.028807250213664037,0.028807250213664037
54,1,0,0,0,0,1,1,0,0,0,0,1,1,1,1,0,0,1,1,1.1733637722656223,0.6752256920763566,0.003180258311786613,0.03441034838970081,0.03441034838970081
4,1,0,0,1,1,1,0,1,0,1,0,1,0,0,0,0,0,0,0,-0.2758165058278401,0.9221895280070969,0.015517187361763772,0.12087777811840728,0.12087777811840728
52,0,0,0,1,0,0,0,1,1,0,1,0,0,0,0,1,0,0,0,-0.9754780850449819,0.6796022882225629,0.00328157591746785,0.03539633014558485,0.03539633014558485
1,1,0,1,0,0,1,1,0,0,0,1,0,0,1,0,0,0,1,1,0.6714687676965563,0.9743124842439652,0.02235010364622835,0.1468274853100915,0.1468274853100915
70,0,1,0,1,0,1,0,1,1,1,1,1,1,0,1,1,0,0,0,0.48533552096895577,0.6452021175658147,0.002551672337160255,0.02815370280249474,0.02815370280249474
43,0,1,0,0,0,0,0,1,1,0,1,0,0,0,0,1,0,0,1,-0.9837876049881783,0.7016186635948665,0.003832182002392298,0.04064972482294138,0.04064972482294138
52,0,1,0,0,0,1,0,0,0,0,0,0,0,0,0,0,1,0,0,-1.5006397454549982,0.6796022882225629,0.00328157591746785,0.03539633014558485,0.03539633014558485
12,0,0,0,0,0,0,0,1,1,0,1,1,0,1,0,0,1,0,0,-0.49684973631686585,0.8388580793219884,0.009318867014819062,0.08479678961103854,0.08479678961103854
56,0,0,0,1,1,1,0,1,1,1,0,0,0,1,1,1,0,0,0,0.1313499713887864,0.6710090587453561,0.003085072619735503,0.03347844798497823,0.03347844798497823
42,0,1,0,0,0,1,1,0,0,0,1,0,0,0,1,0,0,1,0,0.5019545608553487,0.7043380877631116,0.0039051573709433167,0.0413329850998293,0.0413329850998293
22,0,1,1,1,0,1,1,0,0,0,0,0,1,1,0,0,0,0,1,0.8293496466172889,0.7772239626242997,0.006339847981342745,0.0625297608539006,0.0625297608539006
51,1,1,0,1,1,0,0,1,1,1,1,0,1,1,0,1,0,1,0,-0.18274988246403984,0.681854139199785,0.003334724055742794,0.03591111081215892,0.03591111081215892
27,0,1,0,0,0,1,0,0,0,0,0,0,0,0,0,0,0,0,1,-1.5089492653981946,0.7546760980475697,0.005479040808994945,0.05537422178102336,0.05537422178102336
51,0,1,1,1,0,1,1,0,1,0,1,0,0,1,1,1,0,0,1,0.9589781577311539,0.681854139199785,0.003334724055742794,0.03591111081215892,0.03591111081215892
4,1,1,0,0,1,1,0,1,1,0,0,0,0,0,0,0,0,1,1,-0.5118068722146196,0.9221895280070969,0.015517187361763772,0.12087777811840728,0.12087777811840728
1,0,1,0,0,0,1,0,0,0,0,0,0,0,0,0,0,0,0,1,-1.4923302255118018,0.9743124842439652,0.02235010364622835,0.1468274853100915,0.1468274853100915
35,1,1,0,0,0,1,0,1,0,0,0,0,1,0,0,0,0,0,0,-0.32567362548701884,0.7253108322429414,0.004507451042951911,0.04686012202126277,0.04686012202126277
71,0,1,1,1,1,1,0,1,0,1,1,1,0,1,1,1,0,0,1,0.26928800244584783,0.6435679119154606,0.0025205988088756303,0.02783802704790539,0.02783802704790539
1,1,0,0,0,0,1,1,0,0,0,0,0,0,0,0,0,0,1,1,0.14630710728654012,0.9743124842439652,0.02235010364622835,0.1468274853100915,0.1468274853100915
69,0,0,0,1,1,1,0,0,0,0,0,0,0,0,1,0,1,0,1,-1.3028731708069223,0.6468608243449303,0.002583528294433392,0.028476690845760766,0.028476690845760766
14,0,1,0,1,1,1,0,0,0,0,0,0,0,0,0,1,0,0,0,-1.4973159374777196,0.8240576612486123,0.008508086494505379,0.07909398048302463,0.07909398048302463
57,0,1,0,1,0,1,0,1,1,0,0,1,0,0,0,0,0,1,0,-0.30240696964606867,0.6689574203086703,0.003039606595789443,0.03303139376725084,0.03303139376725084
72,0,0,0,1,1,1,1,0,1,1,1,1,1,1,1,0,1,0,0,1.751706360312096,0.6419575496164033,0.002490279067928491,0.027529416300707155,0.027529416300707155
48,0,1,0,0,0,1,0,0,0,0,0,0,0,0,0,0,1,0,0,-1.493992129500441,0.6888828979881829,0.003505164885370563,0.03755076913789834,0.03755076913789834
4,0,0,0,1,1,1,1,0,0,0,0,0,1,0,0,0,0,0,1,0.46871648108256286,0.9221895280070969,0.015517187361763772,0.12087777811840728,0.12087777811840728
31,0,1,0,1,1,1,0,0,0,0,0,0,0,0,0,0,0,1,1,-1.4674016656822124,0.7391329118702427,0.004945042598351195,0.05075440110013929,0.05075440110013929
38,1,1,0,0,0,1,0,1,0,0,1,1,0,1,0,1,0,0,1,-0.08303564314568233,0.7158758576100376,0.0042276442662364,0.04431696426317133,0.04431696426317133
37,1,1,1,1,0,1,1,0,0,0,0,0,1,1,1,0,0,1,1,0.92075436599245,0.7189405920832638,0.0043169072108659315,0.0451328504105416,0.0451328504105416
1,0,0,0,0,0,1,0,0,0,0,0,0,0,0,0,0,0,0,0,-1.5006397454549982,0.9743124842439652,0.02235010364622835,0.1468274853100915,0.1468274853100915
57,0,1,1,0,0,1,0,1,0,1,1,0,1,1,1,0,1,0,1,0.4969688488894306,0.6689574203086703,0.003039606595789443,0.03303139376725084,0.03303139376725084
62,0,0,1,1,0,1,0,1,1,0,1,1,1,1,0,0,1,0,1,0.5036164648439879,0.6592190846564381,0.0028311702861325673,0.03096578220998969,0.03096578220998969
3,0,1,0,1,0,0,0,1,0,0,0,1,0,0,0,0,0,1,1,-1.1599494277839435,0.9373188893787414,0.017092860770546496,0.12812771737333695,0.12812771737333695
72,0,0,0,0,1,1,0,0,0,0,0,0,0,0,0,0,1,0,1,-1.4973159374777196,0.6419575496164033,0.002490279067928491,0.027529416300707155,0.027529416300707155
29,0,1,0,0,1,0,0,1,1,1,1,1,0,0,0,0,0,0,1,-0.6580544232148772,0.746664964341879,0.005198070769814978,0.05296124339833497,0.05296124339833497
13,0,1,0,1,1,1,0,1,0,0,0,0,0,0,0,0,0,0,0,-0.6647020391694345,0.8312566322761956,0.008894046614766308,0.0818402613059327,0.0818402613059327
3,1,1,0,0,1,1,1,0,0,0,0,0,0,0,0,0,0,1,0,0.16126424318429386,0.9373188893787414,0.017092860770546496,0.12812771737333695,0.12812771737333695
11,0,0,0,0,0,1,0,1,0,1,0,0,0,0,0,0,0,1,0,-0.4553021366008836,0.8469074549655476,0.009789108115316166,0.08799046091721618,0.08799046091721618
21,0,0,0,0,1,0,0,1,1,1,1,1,1,0,0,0,1,0,0,-0.3871640730666727,0.7822470612896891,0.006546583090128551,0.06419686154369075,0.06419686154369075
19,0,0,0,0,0,1,0,0,0,0,0,0,0,0,1,0,0,0,0,-1.3327874426024295,0.7929113200145855,0.0070048485392757275,0.06782398836650938,0.06782398836650938
61,1,1,0,0,0,1,1,0,1,0,1,1,1,1,1,0,1,0,1,1.5556016896526592,0.6611010360108607,0.002870516527482457,0.031357744906887475,0.031357744906887475
11,1,0,0,0,0,1,0,1,1,0,0,0,0,0,0,0,0,0,0,-0.5400592400214876,0.8469074549655476,0.009789108115316166,0.08799046091721618,0.08799046091721618
35,0,1,0,1,1,1,1,0,0,1,1,1,1,1,1,0,0,1,1,1.500758858027563,0.7253108322429414,0.004507451042951911,0.04686012202126277,0.04686012202126277
25,0,1,0,0,1,1,0,0,0,0,0,0,0,0,0,0,0,0,0,-1.4624159537162946,0.7632263722784222,0.005792955912006608,0.05802443652851541,0.05802443652851541
1,1,0,0,0,0,1,0,0,0,0,0,0,0,0,0,0,0,0,1,-1.4823588015799658,0.9743124842439652,0.02235010364622835,0.1468274853100915,0.1468274853100915
67,0,0,0,0,0,1,0,0,0,0,0,0,0,0,1,0,1,0,1,-1.3028731708069223,0.6502545080837984,0.0026497095459112013,0.029145652408135048,0.029145652408135048
19,1,1,0,0,0,0,0,1,0,0,1,0,1,0,0,0,0,1,1,-0.8358781499992815,0.7929113200145855,0.0070048485392757275,0.06782398836650938,0.06782398836650938
56,1,1,0,0,0,1,0,0,0,0,0,0,0,0,1,1,0,1,0,-1.3261398266478726,0.6710090587453561,0.003085072619735503,0.03347844798497823,0.03347844798497823
72,0,1,0,1,1,1,1,0,1,1,1,0,1,1,1,0,1,0,1,1.449239834379745,0.6419575496164033,0.002490279067928491,0.027529416300707155,0.027529416300707155
43,0,1,0,0,0,1,0,0,0,0,0,0,0,0,0,0,1,0,0,-1.5039635534322768,0.7016186635948665,0.003832182002392298,0.04064972482294138,0.04064972482294138
55,0,0,0,1,1,1,1,0,1,1,0,0,0,0,1,0,0,1,1,0.6747925756738347,0.6730980579890953,0.0031319345818057722,0.033937922764987416,0.033937922764987416
2,1,1,0,1,1,1,0,1,1,0,0,0,0,0,1,0,0,0,0,-0.26916888987328286,0.9544211124058478,0.01918286543259826,0.13658902706858933,0.13658902706858933
27,0,1,0,0,0,1,1,0,0,0,0,0,0,0,0,0,0,0,1,0.14132139532062207,0.7546760980475697,0.005479040808994945,0.05537422178102336,0.05537422178102336
13,0,0,0,0,0,1,1,0,0,0,0,0,0,0,0,0,0,0,1,0.17788328307068677,0.8312566322761956,0.008894046614766308,0.0818402613059327,0.0818402613059327
70,0,0,0,0,0,1,1,0,1,1,1,0,1,1,1,0,1,0,1,1.540644553754906,0.6452021175658147,0.002551672337160255,0.02815370280249474,0.02815370280249474
14,1,0,0,1,0,1,1,0,1,1,0,1,1,1,0,1,0,0,0,1.3678065389364196,0.8240576612486123,0.008508086494505379,0.07909398048302463,0.07909398048302463
19,0,0,0,1,1,1,1,0,0,0,0,1,0,1,1,1,0,0,1,0.8160544147081744,0.7929113200145855,0.0070048485392757275,0.06782398836650938,0.06782398836650938
20,0,0,0,0,0,1,1,0,1,0,0,0,1,0,1,0,0,0,1,0.807744894764978,0.7874709741517664,0.006767715032425889,0.0659587290124013,0.0659587290124013
43,0,1,0,1,1,1,1,0,1,0,1,1,0,0,1,1,0,0,1,0.8792067662764678,0.7016186635948665,0.003832182002392298,0.04064972482294138,0.04064972482294138
5,0,1,0,1,1,1,1,0,1,0,1,0,0,1,0,0,0,0,1,0.8492924944809603,0.9085818526659613,0.014256987321705751,0.11453932573635439,0.11453932573635439
70,0,0,1,1,0,1,1,0,0,1,0,1,1,1,1,1,0,0,1,1.3545113070273052,0.6452021175658147,0.002551672337160255,0.02815370280249474,0.02815370280249474
40,0,0,0,1,0,1,0,0,0,0,0,0,0,0,0,0,1,0,0,-1.5189206893300304,0.7099691459680679,0.004059910336396862,0.04277208089669704,0.04277208089669704
6,0,1,0,1,1,1,0,0,0,0,0,0,0,0,0,0,1,0,1,-1.4757111856254088,0.8962011910421149,0.01321361285882388,0.10892151775419001,0.10892151775419001
39,0,1,0,0,0,1,1,0,1,0,1,0,1,1,0,0,1,1,1,1.1849971001860975,0.7128864964214463,0.00414205349534239,0.043530572366621945,0.043530572366621945
4,1,1,1,1,0,1,1,0,0,0,0,0,0,0,1,0,0,1,0,0.3374260659800587,0.9221895280070969,0.015517187361763772,0.12087777811840728,0.12087777811840728
15,1,1,0,0,0,0,0,1,0,0,0,1,0,0,0,0,0,1,1,-1.1665970437385005,0.817222359631732,0.00815567933565363,0.07653518145581295,0.07653518145581295
1,1,1,0,1,0,0,0,1,0,0,1,0,1,1,0,0,0,1,1,-0.48023069643047295,0.9743124842439652,0.02235010364622835,0.1468274853100915,0.1468274853100915
45,0,0,1,0,0,1,1,0,1,1,0,1,0,0,0,0,0,0,1,0.6947354235375064,0.6963590108821652,0.0036942216775406023,0.039349803973645514,0.039349803973645514
64,1,0,0,1,0,0,0,1,1,0,1,1,0,1,0,0,1,1,0,-0.5633258958624375,0.6555468612609421,0.002755656035094927,0.030210834407233156,0.030210834407233156
57,0,0,1,1,0,1,1,0,0,1,1,0,0,1,1,0,0,0,0,0.9706114856516288,0.6689574203086703,0.003039606595789443,0.03303139376725084,0.03303139376725084
72,0,1,0,1,1,1,0,1,1,1,1,1,0,0,1,0,1,0,0,0.16791185913885065,0.6419575496164033,0.002490279067928491,0.027529416300707155,0.027529416300707155
1,1,1,0,0,0,1,1,0,0,0,0,0,0,0,0,0,0,1,1,0.18286899503660436,0.9743124842439652,0.02235010364622835,0.1468274853100915,0.1468274853100915
72,0,1,0,1,0,1,0,0,0,0,0,0,0,0,1,0,1,0,0,-1.294563650863726,0.6419575496164033,0.002490279067928491,0.027529416300707155,0.027529416300707155
3,0,0,0,0,0,1,0,1,1,1,0,1,0,1,0,0,1,0,0,0.20945945885483294,0.9373188893787414,0.017092860770546496,0.12812771737333695,0.12812771737333695
55,1,1,1,0,0,1,1,0,1,0,0,0,1,1,1,0,0,1,1,1.1301542685610007,0.6730980579890953,0.0031319345818057722,0.033937922764987416,0.033937922764987416
59,0,0,0,1,0,1,1,0,0,0,1,1,1,0,1,0,0,1,0,0.9490067337993178,0.6649614286359096,0.0029526183444970946,0.03217256791019485,0.03217256791019485
18,1,0,0,0,0,1,1,0,0,0,0,1,1,1,1,0,0,0,1,1.1650542523224257,0.798585597100695,0.007259843514731271,0.06980238681281059,0.06980238681281059
32,1,1,1,1,0,1,1,0,0,0,0,0,0,1,0,0,0,0,1,0.5152497927644627,0.7355303895625583,0.00482771692436557,0.04972004336955682,0.04972004336955682
4,0,0,0,0,0,1,0,1,1,0,0,0,0,0,0,0,0,0,1,-0.4735830804759159,0.9221895280070969,0.015517187361763772,0.12087777811840728,0.12087777811840728
66,1,0,1,0,0,1,1,0,0,1,0,0,0,0,1,0,0,0,1,0.5202355047303808,0.6519909407703324,0.0026840999053434323,0.029492182160968494,0.029492182160968494
27,0,1,0,0,0,1,1,0,0,0,1,0,0,0,1,0,0,1,1,0.5484878725372485,0.7546760980475697,0.005479040808994945,0.05537422178102336,0.05537422178102336
4,0,1,0,0,0,1,0,0,0,0,0,0,0,0,0,0,0,0,1,-1.465739761693573,0.9221895280070969,0.015517187361763772,0.12087777811840728,0.12087777811840728
60,0,1,0,1,1,1,0,1,1,1,0,1,1,1,0,0,0,0,1,0.47370219304848044,0.6630148153227823,0.0029109829180785306,0.031759872056746574,0.031759872056746574
8,0,0,0,1,1,1,0,0,0,0,0,0,0,0,0,0,1,0,0,-1.5205825933186699,0.8743368175545859,0.01156705087089483,0.09935054964947354,0.09935054964947354
8,0,1,0,1,1,1,0,0,0,0,0,0,0,0,0,0,1,0,0,-1.5023016494436374,0.8743368175545859,0.01156705087089483,0.09935054964947354,0.09935054964947354
35,0,1,0,0,0,1,0,0,0,0,0,0,0,0,0,0,1,0,1,-1.4823588015799658,0.7253108322429414,0.004507451042951911,0.04686012202126277,0.04686012202126277
7,1,1,0,0,0,1,1,0,0,0,0,0,0,1,1,0,0,1,1,0.7312973112875707,0.8848383086630132,0.012329368360988486,0.10389128471090825,0.10389128471090825
53,0,0,0,1,1,1,0,0,0,0,0,0,0,0,0,0,1,0,0,-1.459092145739016,0.6773932996244997,0.003230113874366814,0.03489628604896822,0.03489628604896822
18,0,0,1,0,0,1,1,0,0,1,0,1,1,1,1,0,0,0,1,1.2896970514703727,0.798585597100695,0.007259843514731271,0.06980238681281059,0.06980238681281059
15,0,0,0,0,0,0,0,1,0,1,0,0,0,1,0,0,1,0,1,-0.8641305178061495,0.817222359631732,0.00815567933565363,0.07653518145581295,0.07653518145581295
67,0,1,0,1,0,1,1,0,0,1,0,0,1,0,1,1,0,0,1,0.7844782389240282,0.6502545080837984,0.0026497095459112013,0.029145652408135048,0.029145652408135048
6,1,1,1,1,0,1,1,0,0,1,0,0,0,1,0,0,0,1,1,0.6448783038783277,0.8962011910421149,0.01321361285882388,0.10892151775419001,0.10892151775419001
6,0,1,1,0,0,1,1,0,0,0,0,0,1,0,0,0,0,1,1,0.4953069449007914,0.8962011910421149,0.01321361285882388,0.10892151775419001,0.10892151775419001
13,1,1,0,0,0,1,1,0,0,0,0,1,1,1,1,0,0,0,1,1.1368018845155579,0.8312566322761956,0.008894046614766308,0.0818402613059327,0.0818402613059327
11,1,0,0,0,0,1,1,0,0,0,1,0,1,1,1,0,0,1,1,1.194968524117933,0.8469074549655476,0.009789108115316166,0.08799046091721618,0.08799046091721618
1,0,1,0,0,1,1,0,0,0,0,0,0,0,0,0,0,0,0,1,-1.5122730733754732,0.9743124842439652,0.02235010364622835,0.1468274853100915,0.1468274853100915
5,0,1,0,0,0,1,0,1,1,0,0,1,0,0,0,0,0,0,1,-0.3007450656574295,0.9085818526659613,0.014256987321705751,0.11453932573635439,0.11453932573635439
13,0,1,0,0,0,1,0,0,0,0,0,0,0,0,0,1,0,0,1,-1.4906683215231624,0.8312566322761956,0.008894046614766308,0.0818402613059327,0.0818402613059327
9,1,0,0,1,0,1,1,0,1,1,1,0,0,0,1,0,0,0,0,0.8958258061628607,0.8645756330248363,0.010901071741709328,0.09522425637547682,0.09522425637547682
29,0,1,0,0,0,1,1,0,0,1,0,1,1,0,0,0,0,0,0,0.8260258386400106,0.746664964341879,0.005198070769814978,0.05296124339833497,0.05296124339833497
1,0,1,1,0,0,1,0,1,0,0,0,0,0,0,0,0,0,0,1,-0.6298020554080092,0.9743124842439652,0.02235010364622835,0.1468274853100915,0.1468274853100915
1,1,0,0,0,0,1,1,0,0,0,1,0,0,0,1,0,0,0,1,0.49032123293487334,0.9743124842439652,0.02235010364622835,0.1468274853100915,0.1468274853100915
18,0,0,0,1,1,1,0,1,0,0,0,0,1,0,0,0,0,0,0,-0.2940974497028722,0.798585597100695,0.007259843514731271,0.06980238681281059,0.06980238681281059
2,0,0,0,1,0,1,0,1,0,0,1,0,1,1,0,0,0,0,0,0.13965949133198285,0.9544211124058478,0.01918286543259826,0.13658902706858933,0.13658902706858933
30,0,1,0,1,1,1,1,0,0,1,0,1,0,0,1,0,0,0,1,0.6232735520260166,0.7428424163487329,0.0050683354621543905,0.051833777579476825,0.051833777579476825
66,0,1,0,0,1,1,0,1,1,1,0,1,0,0,1,0,1,0,0,0.0299738280817897,0.6519909407703324,0.0026840999053434323,0.029492182160968494,0.029492182160968494
38,0,1,0,1,1,1,1,0,0,0,1,1,1,0,1,0,1,0,1,1.0005257574471362,0.7158758576100376,0.0042276442662364,0.04431696426317133,0.04431696426317133
44,0,1,0,1,1,1,0,1,0,1,1,1,0,0,0,0,0,0,1,-0.09633087505479662,0.6989597866938809,0.0037619201221218337,0.03998903582240876,0.03998903582240876
54,1,0,0,0,0,1,1,0,0,1,1,1,1,1,1,0,0,1,0,1.5389826497662664,0.6752256920763566,0.003180258311786613,0.03441034838970081,0.03441034838970081
2,0,1,0,0,0,1,0,0,0,0,0,0,0,0,0,0,0,0,0,-1.4890064175345232,0.9544211124058478,0.01918286543259826,0.13658902706858933,0.13658902706858933
42,0,0,0,0,0,1,0,1,1,1,0,1,0,1,0,1,0,0,1,0.09644998762736137,0.7043380877631116,0.0039051573709433167,0.0413329850998293,0.0413329850998293
58,0,0,0,1,1,1,0,0,0,0,0,0,0,0,1,0,1,0,0,-1.3178303067046762,0.6669419291751147,0.0029954745981990286,0.0325962586220786,0.0325962586220786
58,0,1,0,1,1,1,1,0,0,1,0,0,1,1,0,0,0,1,1,0.9323876939129249,0.6669419291751147,0.0029954745981990286,0.0325962586220786,0.0325962586220786
25,1,0,0,1,1,1,1,0,0,0,1,0,0,1,1,0,0,1,1,0.807744894764978,0.7632263722784222,0.005792955912006608,0.05802443652851541,0.05802443652851541
71,0,0,0,0,0,1,1,0,1,1,1,1,1,1,1,0,1,0,0,1.5456302657208236,0.6435679119154606,0.0025205988088756303,0.02783802704790539,0.02783802704790539
37,1,0,0,0,0,1,1,0,0,1,1,0,1,1,1,0,0,0,1,1.2331923158566371,0.7189405920832638,0.0043169072108659315,0.0451328504105416,0.0451328504105416
14,1,0,0,1,1,1,1,0,0,0,0,1,1,0,1,0,0,1,1,0.8925019981855823,0.8240576612486123,0.008508086494505379,0.07909398048302463,0.07909398048302463
4,1,0,1,0,0,1,1,0,0,0,1,0,0,1,1,0,0,1,1,0.7994353748217815,0.9221895280070969,0.015517187361763772,0.12087777811840728,0.12087777811840728
48,0,0,0,1,0,1,0,1,1,0,0,1,0,0,1,1,0,0,1,-0.1395403787594181,0.6888828979881829,0.003505164885370563,0.03755076913789834,0.03755076913789834
3,1,0,1,0,0,0,0,1,0,0,0,0,0,0,0,0,0,1,0,-1.3128445947387584,0.9373188893787414,0.017092860770546496,0.12812771737333695,0.12812771737333695
8,0,0,0,1,0,1,0,1,1,0,0,1,0,1,0,0,1,0,0,0.02332621212723244,0.8743368175545859,0.01156705087089483,0.09935054964947354,0.09935054964947354
1,1,1,0,0,0,1,1,0,0,0,0,0,1,1,1,0,0,1,1,1.0188067013221684,0.9743124842439652,0.02235010364622835,0.1468274853100915,0.1468274853100915
67,0,1,0,0,0,1,0,0,0,0,0,0,0,0,0,0,1,0,0,-1.4906683215231624,0.6502545080837984,0.0026497095459112013,0.029145652408135048,0.029145652408135048
13,1,1,0,0,0,1,1,0,0,0,0,0,1,1,0,0,0,1,1,0.8742210543105496,0.8312566322761956,0.008894046614766308,0.0818402613059327,0.0818402613059327
45,1,0,0,1,1,1,0,1,0,1,0,1,0,0,0,1,0,0,1,-0.35392599329388685,0.6963590108821652,0.0036942216775406023,0.039349803973645514,0.039349803973645514
49,0,1,0,0,0,1,1,0,0,0,0,0,0,0,1,0,0,0,1,0.32579273805958336,0.6864927538867036,0.0034464244917631367,0.03698759780359384,0.03698759780359384
52,0,0,0,1,0,1,1,0,0,1,1,0,1,0,1,0,0,0,0,0.9905543335153001,0.6796022882225629,0.00328157591746785,0.03539633014558485,0.03539633014558485
63,0,0,0,1,0,1,1,0,1,0,1,0,0,0,0,1,0,0,1,0.5435021605713309,0.6573679996492523,0.0027928980105273514,0.030583600220822293,0.030583600220822293
68,0,0,0,1,1,1,0,1,1,1,1,1,1,1,1,0,1,0,1,0.8060829907763388,0.6485447168747005,0.0026161967996319807,0.028807250213664037,0.028807250213664037
31,0,0,0,1,0,1,0,1,0,0,0,1,0,0,0,0,0,0,1,-0.5184544881691766,0.7391329118702427,0.004945042598351195,0.05075440110013929,0.05075440110013929
64,0,0,0,1,0,1,0,0,0,0,0,0,0,0,0,0,1,0,0,-1.5072873614095552,0.6555468612609421,0.002755656035094927,0.030210834407233156,0.030210834407233156
62,0,0,0,1,0,1,1,0,1,0,1,1,1,1,0,1,0,1,1,1.3129637073113227,0.6592190846564381,0.0028311702861325673,0.03096578220998969,0.03096578220998969
1,1,0,0,0,0,1,1,0,0,0,0,0,0,0,0,0,0,0,0,0.16292614717293305,0.9743124842439652,0.02235010364622835,0.1468274853100915,0.1468274853100915
6,1,0,0,0,0,1,1,0,0,0,0,0,1,1,0,0,0,1,1,0.8210401266740925,0.8962011910421149,0.01321361285882388,0.10892151775419001,0.10892151775419001
21,0,0,0,1,0,1,1,0,0,0,0,1,1,0,0,0,0,1,1,0.7063687514579813,0.7822470612896891,0.006546583090128551,0.06419686154369075,0.06419686154369075
72,0,0,0,1,1,1,0,0,0,0,0,0,0,0,1,0,1,0,0,-1.3161684027160367,0.6419575496164033,0.002490279067928491,0.027529416300707155,0.027529416300707155
32,0,0,0,1,1,0,0,1,1,1,0,0,0,0,0,0,0,1,1,-0.9854495089768177,0.7355303895625583,0.00482771692436557,0.04972004336955682,0.04972004336955682
71,0,0,1,0,0,1,1,0,1,1,0,1,1,0,1,1,0,0,1,1.158406636367869,0.6435679119154606,0.0025205988088756303,0.02783802704790539,0.02783802704790539
34,0,0,0,0,1,1,1,0,1,1,1,0,1,1,0,0,0,0,1,1.347863691072748,0.7286243341114813,0.004609291590527576,0.04777537654084685,0.04777537654084685
3,1,1,0,1,0,0,0,1,0,0,0,0,0,1,0,0,0,1,1,-0.9854495089768177,0.9373188893787414,0.017092860770546496,0.12812771737333695,0.12812771737333695
12,1,1,0,0,1,1,1,0,0,0,0,0,0,0,1,0,0,0,1,0.29754037025271557,0.8388580793219884,0.009318867014819062,0.08479678961103854,0.08479678961103854
8,1,0,1,0,0,1,1,0,0,0,1,0,1,1,1,0,0,1,0,1.2149113719816045,0.8743368175545859,0.01156705087089483,0.09935054964947354,0.09935054964947354
35,0,0,0,1,1,1,0,0,0,0,0,0,0,0,1,0,1,0,0,-1.3460826745115442,0.7253108322429414,0.004507451042951911,0.04686012202126277,0.04686012202126277
3,0,0,0,1,1,1,1,0,0,0,0,0,1,0,0,0,0,1,1,0.5285450246735772,0.9373188893787414,0.017092860770546496,0.12812771737333695,0.12812771737333695
3,0,1,0,0,0,1,1,0,0,0,1,1,1,0,0,0,0,0,1,0.8326734545945673,0.9373188893787414,0.017092860770546496,0.12812771737333695,0.12812771737333695
53,0,1,0,0,0,1,0,1,0,0,1,0,0,1,0,1,0,1,1,-0.1229213388730252,0.6773932996244997,0.003230113874366814,0.03489628604896822,0.03489628604896822
4,0,0,0,1,0,0,0,1,1,0,0,0,0,0,0,0,0,1,1,-1.1882017955908115,0.9221895280070969,0.015517187361763772,0.12087777811840728,0.12087777811840728
48,0,0,0,1,1,1,1,0,1,0,1,0,1,1,0,1,0,0,1,1.160068540356508,0.6888828979881829,0.003505164885370563,0.03755076913789834,0.03755076913789834
6,1,0,0,1,1,1,0,1,1,1,0,0,0,0,0,0,0,0,0,-0.29575935369151163,0.8962011910421149,0.01321361285882388,0.10892151775419001,0.10892151775419001
3,1,1,1,1,0,1,1,0,0,1,1,0,1,1,1,0,0,1,1,1.3661446349477804,0.9373188893787414,0.017092860770546496,0.12812771737333695,0.12812771737333695
54,0,1,0,1,1,0,0,1,0,0,1,1,0,1,0,0,1,0,0,-0.6248163434420914,0.6752256920763566,0.003180258311786613,0.03441034838970081,0.03441034838970081
1,1,0,0,0,0,1,0,1,0,0,0,0,0,0,0,0,0,0,0,-0.6929544069763023,0.9743124842439652,0.02235010364622835,0.1468274853100915,0.1468274853100915
62,0,1,0,0,0,1,0,1,0,1,1,1,1,1,0,0,0,0,1,0.5185736007417416,0.6592190846564381,0.0028311702861325673,0.03096578220998969,0.03096578220998969
22,0,1,0,1,1,1,1,0,0,1,1,0,1,1,0,1,0,0,1,1.171701868276983,0.7772239626242997,0.006339847981342745,0.0625297608539006,0.0625297608539006
1,1,1,0,0,0,1,0,1,0,0,0,0,0,0,0,0,0,0,1,-0.6547306152375986,0.9743124842439652,0.02235010364622835,0.1468274853100915,0.1468274853100915
51,0,1,1,0,0,1,1,0,0,0,1,0,1,1,0,1,0,0,1,0.9706114856516288,0.681854139199785,0.003334724055742794,0.03591111081215892,0.03591111081215892
30,0,0,0,0,0,1,0,1,0,1,1,0,1,0,1,1,0,0,1,0.13799758734334366,0.7428424163487329,0.0050683354621543905,0.051833777579476825,0.051833777579476825
56,0,0,1,1,0,1,0,1,1,1,1,1,0,0,1,1,0,0,1,0.12137854745695074,0.6710090587453561,0.003085072619735503,0.03347844798497823,0.03347844798497823
35,0,1,0,1,0,1,0,1,0,1,0,1,1,0,1,1,0,1,1,0.13965949133198285,0.7253108322429414,0.004507451042951911,0.04686012202126277,0.04686012202126277
64,0,0,1,0,0,0,0,1,0,1,0,1,1,0,0,0,0,1,1,-0.6962782149535809,0.6555468612609421,0.002755656035094927,0.030210834407233156,0.030210834407233156
30,0,1,0,0,1,0,0,1,0,0,0,0,1,1,0,0,0,1,1,-0.6746734631012702,0.7428424163487329,0.0050683354621543905,0.051833777579476825,0.051833777579476825
25,0,0,0,1,1,1,0,0,0,0,0,0,0,0,0,0,1,0,1,-1.5322159212391446,0.7632263722784222,0.005792955912006608,0.05802443652851541,0.05802443652851541
41,1,0,0,0,0,1,1,0,0,0,0,0,0,0,0,0,0,0,0,0.18120709104796517,0.7071206594283597,0.003981008341391358,0.042040010297382246,0.042040010297382246
9,1,1,0,0,1,1,0,1,0,0,0,0,1,0,0,0,0,1,0,-0.3140402975665438,0.8645756330248363,0.010901071741709328,0.09522425637547682,0.09522425637547682
1,0,0,0,1,0,1,0,1,1,1,0,0,0,0,0,0,0,0,1,-0.3738688411575584,0.9743124842439652,0.02235010364622835,0.1468274853100915,0.1468274853100915
70,0,1,0,0,1,1,1,0,1,1,1,1,1,1,1,0,1,1,1,1.6553159289710169,0.6452021175658147,0.002551672337160255,0.02815370280249474,0.02815370280249474
57,0,0,0,1,1,1,0,0,0,0,0,0,0,0,0,0,1,0,1,-1.4856826095572444,0.6689574203086703,0.003039606595789443,0.03303139376725084,0.03303139376725084
9,0,1,0,0,0,1,1,0,0,0,0,0,1,0,1,0,0,1,1,0.6880878075829492,0.8645756330248363,0.010901071741709328,0.09522425637547682,0.09522425637547682
69,0,0,0,1,1,1,1,0,0,1,1,1,1,1,1,1,0,0,1,1.4608731623002198,0.6468608243449303,0.002583528294433392,0.028476690845760766,0.028476690845760766
43,1,1,1,1,0,1,1,0,0,1,1,0,1,1,1,0,0,1,1,1.2697542036067013,0.7016186635948665,0.003832182002392298,0.04064972482294138,0.04064972482294138
72,0,0,0,1,0,1,1,0,0,0,1,0,1,1,1,0,1,1,1,1.098578092776854,0.6419575496164033,0.002490279067928491,0.027529416300707155,0.027529416300707155
44,0,1,0,0,1,1,0,0,0,0,0,0,0,0,0,0,1,0,0,-1.5039635534322768,0.6989597866938809,0.0037619201221218337,0.03998903582240876,0.03998903582240876
72,0,0,0,1,0,1,1,0,1,1,0,0,0,0,1,0,1,0,1,0.6398925919124097,0.6419575496164033,0.002490279067928491,0.027529416300707155,0.027529416300707155
33,1,0,0,1,0,1,1,0,1,0,1,1,1,1,0,1,0,1,1,1.2946827634362907,0.732029255003116,0.004715929386838689,0.04872789424351476,0.04872789424351476
54,0,1,0,0,0,1,1,0,0,0,1,0,0,1,1,0,0,0,0,0.8177163186968142,0.6752256920763566,0.003180258311786613,0.03441034838970081,0.03441034838970081
27,0,1,0,0,1,1,0,0,0,0,0,0,0,0,0,0,1,0,0,-1.4989778414663588,0.7546760980475697,0.005479040808994945,0.05537422178102336,0.05537422178102336
54,0,1,0,0,0,1,1,0,0,1,0,0,0,0,1,0,0,0,1,0.500292656866709,0.6752256920763566,0.003180258311786613,0.03441034838970081,0.03441034838970081
3,0,1,0,0,0,1,1,0,0,1,0,0,0,0,0,0,0,0,0,0.3208070260936658,0.9373188893787414,0.017092860770546496,0.12812771737333695,0.12812771737333695
53,0,0,0,1,0,1,0,1,1,1,1,0,0,1,1,1,0,0,0,0.30917369817319046,0.6773932996244997,0.003230113874366814,0.03489628604896822,0.03489628604896822
1,1,1,0,0,0,1,1,0,0,0,0,0,0,0,0,0,0,1,1,0.15129281925245772,0.9743124842439652,0.02235010364622835,0.1468274853100915,0.1468274853100915
15,0,1,0,1,0,1,0,0,0,0,0,0,0,0,0,1,0,0,0,-1.5288921132618662,0.817222359631732,0.00815567933565363,0.07653518145581295,0.07653518145581295
56,1,0,0,0,0,1,1,0,0,1,0,0,0,0,0,0,0,1,1,0.300864178229994,0.6710090587453561,0.003085072619735503,0.03347844798497823,0.03347844798497823
5,0,1,0,1,1,1,0,1,1,1,0,1,0,0,1,0,0,0,0,-0.013235675622831794,0.9085818526659613,0.014256987321705751,0.11453932573635439,0.11453932573635439
48,0,1,0,1,1,1,0,1,0,1,1,0,0,0,0,1,0,0,1,-0.2990831616687903,0.6888828979881829,0.003505164885370563,0.03755076913789834,0.03755076913789834
25,0,0,0,0,1,1,0,0,0,0,0,0,0,0,0,0,0,0,0,-1.487344513545884,0.7632263722784222,0.005792955912006608,0.05802443652851541,0.05802443652851541
3,1,0,0,1,0,1,1,0,0,0,0,0,0,0,1,0,0,0,1,0.34407368193461596,0.9373188893787414,0.017092860770546496,0.12812771737333695,0.12812771737333695
58,0,1,0,0,0,1,1,0,1,1,0,0,1,1,0,1,0,0,0,1.141787596481476,0.6669419291751147,0.0029954745981990286,0.0325962586220786,0.0325962586220786
10,0,1,0,0,0,1,0,1,0,0,0,0,0,1,0,0,0,0,1,-0.2675069858846436,0.8554585264638187,0.010313003097985489,0.09145336847937524,0.09145336847937524
1,1,1,0,0,0,1,1,0,0,0,0,0,0,0,0,0,0,1,1,0.15960233919565417,0.9743124842439652,0.02235010364622835,0.1468274853100915,0.1468274853100915
71,0,1,0,1,0,1,1,0,0,1,0,1,1,1,1,0,1,0,1,1.3079779953454052,0.6435679119154606,0.0025205988088756303,0.02783802704790539,0.02783802704790539
65,0,0,0,1,1,1,1,0,0,1,1,1,1,1,1,0,1,0,1,1.5290112258344308,0.6537547892731487,0.002719403042122667,0.02984713825493901,0.02984713825493901
5,1,1,0,1,1,1,1,0,0,1,0,0,0,0,1,0,0,1,1,0.5102640807985451,0.9085818526659613,0.014256987321705751,0.11453932573635439,0.11453932573635439
28,0,0,0,0,0,0,0,1,0,0,1,1,0,0,0,0,0,0,1,-0.9655066611131462,0.7506071373425116,0.0053347764644180165,0.05414016114784159,0.05414016114784159
67,0,0,0,1,1,1,0,1,0,0,1,1,0,1,1,0,1,0,1,0.1695737631274903,0.6502545080837984,0.0026497095459112013,0.029145652408135048,0.029145652408135048
35,0,1,0,0,0,1,1,0,1,0,0,1,0,1,0,1,0,1,1,0.8110687027422568,0.7253108322429414,0.004507451042951911,0.04686012202126277,0.04686012202126277
72,0,0,0,1,1,0,0,1,1,1,1,1,0,1,0,0,1,0,0,-0.3040688736347081,0.6419575496164033,0.002490279067928491,0.027529416300707155,0.027529416300707155
61,0,0,0,1,1,0,0,1,1,1,0,1,0,1,0,1,0,0,1,-0.46859736850999784,0.6611010360108607,0.002870516527482457,0.031357744906887475,0.031357744906887475
68,0,1,1,0,0,1,0,0,0,0,0,0,0,0,0,0,1,0,1,-1.4890064175345232,0.6485447168747005,0.0026161967996319807,0.028807250213664037,0.028807250213664037
1,1,0,0,1,1,0,0,1,1,0,0,0,0,0,0,0,0,0,0,-1.1400065799202719,0.9743124842439652,0.02235010364622835,0.1468274853100915,0.1468274853100915
3,0,1,0,0,0,1,0,0,0,0,0,0,0,0,0,0,0,0,1,-1.5189206893300304,0.9373188893787414,0.017092860770546496,0.12812771737333695,0.12812771737333695
70,1,1,0,1,1,1,1,0,0,1,0,0,1,1,1,0,1,0,0,1.1135352286746079,0.6452021175658147,0.002551672337160255,0.02815370280249474,0.02815370280249474
48,0,0,0,0,1,0,0,1,0,1,1,0,0,1,0,0,0,0,0,-0.6397734793398451,0.6888828979881829,0.003505164885370563,0.03755076913789834,0.03755076913789834
68,0,1,0,1,1,1,1,0,0,1,0,0,1,1,1,1,0,0,1,1.204939948049769,0.6485447168747005,0.0026161967996319807,0.028807250213664037,0.028807250213664037
47,0,0,0,0,0,1,1,0,1,0,1,1,1,1,0,1,0,1,1,1.2930208594476515,0.6913226781406935,0.0035659686558325962,0.038131613989117574,0.038131613989117574
32,0,1,0,1,1,0,0,1,0,0,1,1,0,0,0,1,0,0,1,-0.9488876212267533,0.7355303895625583,0.00482771692436557,0.04972004336955682,0.04972004336955682
5,0,0,0,1,1,1,0,1,1,0,0,0,0,0,0,0,0,0,1,-0.5118068722146196,0.9085818526659613,0.014256987321705751,0.11453932573635439,0.11453932573635439
49,0,1,0,0,0,1,0,0,0,0,0,0,0,0,0,0,1,0,1,-1.4923302255118018,0.6864927538867036,0.0034464244917631367,0.03698759780359384,0.03698759780359384
48,1,0,0,0,0,1,1,0,0,1,1,0,1,1,1,0,0,0,1,1.4160017546069592,0.6888828979881829,0.003505164885370563,0.03755076913789834,0.03755076913789834
13,1,0,1,0,0,1,1,0,0,0,0,0,0,1,1,0,0,1,1,0.5717545283781987,0.8312566322761956,0.008894046614766308,0.0818402613059327,0.0818402613059327
15,0,1,0,0,0,1,0,0,0,0,0,0,0,0,0,0,0,0,1,-1.4956540334890804,0.817222359631732,0.00815567933565363,0.07653518145581295,0.07653518145581295
12,0,0,0,0,0,1,0,1,0,0,0,0,0,0,0,0,0,1,1,-0.656392519226238,0.8388580793219884,0.009318867014819062,0.08479678961103854,0.08479678961103854
67,0,1,1,0,0,1,0,1,1,1,0,1,0,0,1,0,1,0,1,-0.008249963656914203,0.6502545080837984,0.0026497095459112013,0.029145652408135048,0.029145652408135048
9,0,1,0,0,0,1,1,0,0,0,0,1,1,0,0,0,0,1,0,0.7130163674125386,0.8645756330248363,0.010901071741709328,0.09522425637547682,0.09522425637547682
13,0,0,0,1,1,1,0,0,0,0,0,0,0,0,0,0,1,0,1,-1.4973159374777196,0.8312566322761956,0.008894046614766308,0.0818402613059327,0.0818402613059327
38,0,0,0,0,0,1,1,0,0,0,0,0,1,1,0,1,0,0,1,0.807744894764978,0.7158758576100376,0.0042276442662364,0.04431696426317133,0.04431696426317133
42,0,0,1,1,0,1,1,0,0,1,1,0,1,0,1,0,0,1,1,1.0221305092994468,0.7043380877631116,0.0039051573709433167,0.0413329850998293,0.0413329850998293
24,1,0,0,1,0,1,1,0,0,0,0,0,0,0,1,0,0,0,1,0.3523832018778124,0.7677256072562019,0.005964174846469762,0.05945002834593771,0.05945002834593771
27,1,0,1,1,0,1,1,0,1,0,1,0,1,1,0,0,0,1,1,1.211587564004326,0.7546760980475697,0.005479040808994945,0.05537422178102336,0.05537422178102336
9,0,1,0,1,1,1,1,0,0,1,1,0,1,1,1,0,0,0,1,1.2564589716975867,0.8645756330248363,0.010901071741709328,0.09522425637547682,0.09522425637547682
49,0,0,0,1,0,0,0,1,0,1,0,1,1,1,0,1,0,0,1,-0.2824641217823974,0.6864927538867036,0.0034464244917631367,0.03698759780359384,0.03698759780359384
61,0,0,1,1,0,1,1,0,1,1,1,1,0,0,1,0,0,0,1,0.977259101606186,0.6611010360108607,0.002870516527482457,0.031357744906887475,0.031357744906887475
50,0,1,0,0,1,0,0,1,1,1,0,0,1,0,0,1,0,0,1,-0.7228686787718097,0.6841504128114664,0.003389643293482253,0.03644129666249096,0.03644129666249096
25,1,1,1,0,0,1,1,0,0,1,0,0,1,0,1,0,0,1,1,0.8210401266740925,0.7632263722784222,0.005792955912006608,0.05802443652851541,0.05802443652851541
22,1,0,1,0,0,1,1,0,0,0,0,0,0,0,1,0,0,0,1,0.31914512210502655,0.7772239626242997,0.006339847981342745,0.0625297608539006,0.0625297608539006
1,1,1,0,0,0,1,0,0,0,0,0,0,0,0,0,0,0,0,0,-1.4723873776481302,0.9743124842439652,0.02235010364622835,0.1468274853100915,0.1468274853100915
4,1,1,0,0,0,1,1,0,0,0,0,0,0,0,1,0,0,1,1,0.3174832181163869,0.9221895280070969,0.015517187361763772,0.12087777811840728,0.12087777811840728
18,1,0,1,1,0,1,1,0,0,0,0,1,1,1,1,0,0,0,0,1.1617304443451473,0.798585597100695,0.007259843514731271,0.06980238681281059,0.06980238681281059
56,1,0,1,0,0,1,1,0,0,1,1,1,1,1,1,1,0,1,1,1.5672350175731347,0.6710090587453561,0.003085072619735503,0.03347844798497823,0.03347844798497823
53,0,0,1,1,0,1,1,0,0,1,1,1,1,0,0,1,0,1,1,0.9706114856516288,0.6773932996244997,0.003230113874366814,0.03489628604896822,0.03489628604896822
51,0,0,0,1,0,1,1,0,0,0,1,0,1,1,1,1,0,1,1,1.1318161725496398,0.681854139199785,0.003334724055742794,0.03591111081215892,0.03591111081215892
24,0,0,0,1,1,1,0,1,1,1,1,0,0,0,1,0,1,1,0,-0.014897579611471463,0.7677256072562019,0.005964174846469762,0.05945002834593771,0.05945002834593771
62,0,0,0,1,0,1,0,1,1,1,1,0,1,0,0,0,1,0,1,0.23937373065034037,0.6592190846564381,0.0028311702861325673,0.03096578220998969,0.03096578220998969
24,0,1,0,0,0,1,0,1,0,1,0,0,0,0,0,0,0,0,1,-0.5018354482827837,0.7677256072562019,0.005964174846469762,0.05945002834593771,0.05945002834593771
70,0,0,0,1,1,1,0,1,1,1,1,1,1,0,1,0,1,1,0,0.5285450246735772,0.6452021175658147,0.002551672337160255,0.02815370280249474,0.02815370280249474
1,0,1,0,0,1,0,0,1,0,0,0,0,0,0,0,0,0,0,0,-1.3494064824888226,0.9743124842439652,0.02235010364622835,0.1468274853100915,0.1468274853100915
16,1,1,1,0,0,0,0,1,0,1,0,0,1,0,0,0,0,0,1,-0.8574829018515923,0.8107173068575363,0.007832475449686212,0.07414442618478301,0.07414442618478301
8,0,0,0,0,0,1,0,1,0,1,0,1,1,0,0,0,0,1,1,0.02166430813859324,0.8743368175545859,0.01156705087089483,0.09935054964947354,0.09935054964947354
72,0,0,0,1,1,1,0,1,1,1,1,1,0,1,0,0,1,1,1,0.3174832181163869,0.6419575496164033,0.002490279067928491,0.027529416300707155,0.027529416300707155
23,0,0,0,0,0,1,1,0,0,1,1,1,0,0,0,0,0,0,0,0.6116402241055419,0.7723876776489026,0.006146116983133188,0.060949762364490456,0.060949762364490456
31,0,1,0,0,1,0,0,1,0,0,0,0,0,0,0,0,0,0,0,-1.322816018670594,0.7391329118702427,0.004945042598351195,0.05075440110013929,0.05075440110013929
37,0,1,0,1,1,0,0,1,1,0,1,1,0,0,0,1,0,1,1,-0.8175972061242491,0.7189405920832638,0.0043169072108659315,0.0451328504105416,0.0451328504105416
30,1,0,0,1,0,1,1,0,0,1,0,1,1,0,1,0,0,0,1,0.9739352936289072,0.7428424163487329,0.0050683354621543905,0.051833777579476825,0.051833777579476825
35,0,0,1,0,0,1,1,0,1,1,1,0,1,1,1,1,0,1,1,1.4475779303911054,0.7253108322429414,0.004507451042951911,0.04686012202126277,0.04686012202126277
23,0,0,0,1,1,1,0,1,0,1,0,1,1,0,1,0,0,0,1,0.1562785312183758,0.7723876776489026,0.006146116983133188,0.060949762364490456,0.060949762364490456
20,0,0,0,1,1,1,0,1,1,0,0,0,1,1,1,1,0,0,0,0.3723260497414837,0.7874709741517664,0.006767715032425889,0.0659587290124013,0.0659587290124013
36,0,1,0,1,0,1,1,0,1,0,0,0,1,1,0,0,0,1,1,0.9573162537425143,0.7220842981429184,0.004410087057617903,0.045979950318991825,0.045979950318991825
8,1,0,0,0,0,1,1,0,0,0,0,0,1,1,1,0,0,0,0,1.0254543172767256,0.8743368175545859,0.01156705087089483,0.09935054964947354,0.09935054964947354
71,0,1,0,1,1,1,1,0,0,1,0,0,1,1,1,1,0,0,0,1.1883209081633759,0.6435679119154606,0.0025205988088756303,0.02783802704790539,0.02783802704790539
50,1,0,1,1,0,1,1,0,0,1,0,0,1,0,1,0,0,1,1,0.772844911003553,0.6841504128114664,0.003389643293482253,0.03644129666249096,0.03644129666249096
43,0,0,0,1,1,1,0,0,0,0,0,0,0,0,1,1,0,0,1,-1.3410969625456262,0.7016186635948665,0.003832182002392298,0.04064972482294138,0.04064972482294138
57,0,1,0,0,1,1,0,1,1,1,1,1,1,1,1,0,1,0,0,0.8227020306627317,0.6689574203086703,0.003039606595789443,0.03303139376725084,0.03303139376725084
41,1,0,0,1,1,1,0,1,0,1,0,1,0,1,0,1,0,0,1,0.05656429190001827,0.7071206594283597,0.003981008341391358,0.042040010297382246,0.042040010297382246
27,0,0,0,1,0,1,1,0,0,1,0,0,0,0,0,0,0,1,1,0.37564985771876214,0.7546760980475697,0.005479040808994945,0.05537422178102336,0.05537422178102336
13,0,0,0,0,0,1,1,0,0,0,0,0,0,1,0,0,0,1,1,0.52189740871902,0.8312566322761956,0.008894046614766308,0.0818402613059327,0.0818402613059327
3,1,1,0,0,0,0,0,1,1,1,0,0,0,0,0,0,0,0,1,-0.9754780850449819,0.9373188893787414,0.017092860770546496,0.12812771737333695,0.12812771737333695
67,0,0,0,0,0,1,0,0,0,0,0,0,0,0,0,1,0,1,0,-1.470725473659491,0.6502545080837984,0.0026497095459112013,0.029145652408135048,0.029145652408135048
3,1,1,0,0,0,1,0,1,0,1,0,0,0,0,0,0,0,0,1,-0.49518783232822666,0.9373188893787414,0.017092860770546496,0.12812771737333695,0.12812771737333695
64,0,0,0,1,0,1,1,0,0,1,0,1,1,1,1,0,1,0,1,1.3495255950613876,0.6555468612609421,0.002755656035094927,0.030210834407233156,0.030210834407233156
26,0,1,0,0,0,0,0,1,0,0,1,1,0,0,0,0,0,1,0,-0.9655066611131462,0.7588796606729277,0.005631521405658712,0.05666748667997901,0.05666748667997901
38,0,1,0,0,0,1,1,0,0,1,1,0,0,1,1,0,0,0,1,1.007173373401693,0.7158758576100376,0.0042276442662364,0.04431696426317133,0.04431696426317133
23,0,1,0,1,0,1,0,0,0,0,0,0,0,0,0,1,0,0,0,-1.5122730733754732,0.7723876776489026,0.006146116983133188,0.060949762364490456,0.060949762364490456
40,1,1,0,0,0,1,1,0,0,1,1,0,1,1,1,0,0,0,1,1.3196113232658802,0.7099691459680679,0.004059910336396862,0.04277208089669704,0.04277208089669704
72,0,1,1,1,0,0,0,1,1,1,1,1,1,1,0,0,1,0,1,-0.05644517932745352,0.6419575496164033,0.002490279067928491,0.027529416300707155,0.027529416300707155
3,1,0,1,0,0,1,1,0,0,0,0,0,0,0,1,0,0,0,1,0.3407498739573371,0.9373188893787414,0.017092860770546496,0.12812771737333695,0.12812771737333695
23,1,1,0,0,0,1,1,0,0,0,1,0,0,0,1,0,0,1,1,0.5385164486054129,0.7723876776489026,0.006146116983133188,0.060949762364490456,0.060949762364490456
1,1,0,1,1,0,1,1,0,0,0,0,0,0,0,1,0,0,1,1,0.3208070260936658,0.9743124842439652,0.02235010364622835,0.1468274853100915,0.1468274853100915
4,1,0,0,0,0,1,0,1,1,1,0,1,0,0,0,0,0,0,1,-0.14618799471397537,0.9221895280070969,0.015517187361763772,0.12087777811840728,0.12087777811840728
62,0,0,0,1,0,1,0,1,1,1,0,1,1,1,1,0,1,1,1,0.6698068637079171,0.6592190846564381,0.0028311702861325673,0.03096578220998969,0.03096578220998969
40,0,0,0,0,0,1,1,0,0,1,1,0,1,0,1,0,0,0,1,0.9506686377879575,0.7099691459680679,0.004059910336396862,0.04277208089669704,0.04277208089669704
41,0,1,0,0,0,1,1,0,0,1,0,0,1,0,1,0,0,1,1,0.8110687027422568,0.7071206594283597,0.003981008341391358,0.042040010297382246,0.042040010297382246
34,0,1,1,1,0,1,1,0,0,0,1,0,1,0,0,0,0,0,1,0.6781163836511135,0.7286243341114813,0.004609291590527576,0.04777537654084685,0.04777537654084685
1,0,0,0,0,0,1,0,1,0,1,0,0,0,0,0,0,0,1,0,-0.49352592833958725,0.9743124842439652,0.02235010364622835,0.1468274853100915,0.1468274853100915
51,0,0,0,0,0,1,0,0,0,0,0,0,0,0,0,0,1,0,0,-1.4674016656822124,0.681854139199785,0.003334724055742794,0.03591111081215892,0.03591111081215892
1,1,1,0,1,1,1,1,0,0,0,0,0,0,0,0,0,0,0,1,0.1945023229570797,0.9743124842439652,0.02235010364622835,0.1468274853100915,0.1468274853100915
39,0,0,0,0,0,1,0,0,0,0,0,0,0,0,0,0,1,0,0,-1.4840207055686052,0.7128864964214463,0.00414205349534239,0.043530572366621945,0.043530572366621945
12,0,1,0,1,1,1,0,0,0,0,0,0,0,0,0,0,0,1,1,-1.5155968813527516,0.8388580793219884,0.009318867014819062,0.08479678961103854,0.08479678961103854
12,1,1,0,0,0,1,0,1,0,0,0,1,1,0,0,1,0,1,1,-0.16613084257764693,0.8388580793219884,0.009318867014819062,0.08479678961103854,0.08479678961103854
72,0,1,0,0,0,1,1,0,0,1,1,0,1,1,1,1,0,1,1,1.3345684591636338,0.6419575496164033,0.002490279067928491,0.027529416300707155,0.027529416300707155
63,0,0,1,1,0,1,1,0,0,1,1,0,1,1,1,0,0,1,1,1.2863732434930943,0.6573679996492523,0.0027928980105273514,0.030583600220822293,0.030583600220822293
44,0,1,0,1,0,1,1,0,1,0,1,0,0,0,1,0,0,0,1,0.664821151741999,0.6989597866938809,0.0037619201221218337,0.03998903582240876,0.03998903582240876
18,0,0,0,0,0,1,1,0,0,0,1,1,0,1,1,0,0,0,1,1.0055114694130538,0.798585597100695,0.007259843514731271,0.06980238681281059,0.06980238681281059
9,1,0,0,0,0,1,0,1,0,0,0,0,0,0,0,0,0,0,1,-0.6846448870331058,0.8645756330248363,0.010901071741709328,0.09522425637547682,0.09522425637547682
13,0,1,0,0,0,1,0,1,0,1,0,1,1,1,0,0,0,0,0,0.28424513834360104,0.8312566322761956,0.008894046614766308,0.0818402613059327,0.0818402613059327
68,0,0,0,1,0,1,0,1,0,1,0,1,1,0,0,0,1,0,0,-0.02320709955466792,0.6485447168747005,0.0026161967996319807,0.028807250213664037,0.028807250213664037
6,0,0,1,0,0,0,0,1,0,0,0,0,1,1,0,0,0,1,1,-0.6779972710785488,0.8962011910421149,0.01321361285882388,0.10892151775419001,0.10892151775419001
2,0,0,0,0,0,1,0,0,0,0,0,0,0,0,0,0,0,0,1,-1.487344513545884,0.9544211124058478,0.01918286543259826,0.13658902706858933,0.13658902706858933
55,0,1,1,1,0,1,0,1,1,1,0,0,0,0,1,1,0,0,0,-0.15948322662308967,0.6730980579890953,0.0031319345818057722,0.033937922764987416,0.033937922764987416
1,1,1,1,0,0,1,1,0,0,0,0,0,0,0,1,0,0,1,1,0.36401652979828725,0.9743124842439652,0.02235010364622835,0.1468274853100915,0.1468274853100915
38,0,1,0,0,0,1,1,0,0,0,0,0,0,0,0,0,0,0,1,0.1562785312183758,0.7158758576100376,0.0042276442662364,0.04431696426317133,0.04431696426317133
67,1,0,0,0,0,1,1,0,1,1,1,0,1,0,1,0,0,0,1,1.2680922996180621,0.6502545080837984,0.0026497095459112013,0.029145652408135048,0.029145652408135048
19,0,1,0,0,0,1,1,0,0,0,0,0,1,0,0,0,0,0,1,0.4620688651280056,0.7929113200145855,0.0070048485392757275,0.06782398836650938,0.06782398836650938
12,0,0,0,0,0,0,0,1,0,1,1,1,1,1,0,1,0,1,0,-0.1378784747707789,0.8388580793219884,0.009318867014819062,0.08479678961103854,0.08479678961103854
72,0,0,0,0,0,1,0,0,0,0,0,0,0,0,0,0,1,0,1,-1.4507826257958194,0.6419575496164033,0.002490279067928491,0.027529416300707155,0.027529416300707155
24,0,1,0,1,1,1,0,1,1,0,1,1,1,1,1,1,0,0,1,0.664821151741999,0.7677256072562019,0.005964174846469762,0.05945002834593771,0.05945002834593771
72,0,0,0,1,1,1,1,0,0,1,1,0,1,1,1,1,0,0,1,1.2764018195612585,0.6419575496164033,0.002490279067928491,0.027529416300707155,0.027529416300707155
11,0,0,0,1,1,0,0,1,1,0,0,0,0,0,0,0,0,1,1,-1.169920851715779,0.8469074549655476,0.009789108115316166,0.08799046091721618,0.08799046091721618
4,1,1,1,1,0,1,1,0,0,0,0,0,0,0,1,0,0,0,1,0.31914512210502655,0.9221895280070969,0.015517187361763772,0.12087777811840728,0.12087777811840728
66,0,1,0,0,0,1,1,0,1,0,1,1,1,1,0,0,1,0,1,1.357835115004584,0.6519909407703324,0.0026840999053434323,0.029492182160968494,0.029492182160968494
